"lon","lat","avg_sst"
-9.875,29.875,19.3192345666104
-9.875,30.125,19.2935788045164
-9.875,30.375,19.1395351118077
-9.875,30.625,18.7704914020059
-9.875,30.875,18.362294663497
-9.875,31.125,18.0722946807986
-9.875,31.375,18.0510925126206
-9.875,31.625,18.3347809744663
-9.875,31.875,18.7521034615939
-9.875,32.125,19.4123766331073
-9.875,32.375,20.0766116022412
-9.875,32.625,20.5416662028578
-9.875,32.875,20.7945896732351
-9.875,33.125,20.873660671255
-9.875,33.375,20.8491525128891
-9.875,33.625,20.7927044623536
-9.875,33.875,20.7308465301013
-9.875,34.125,20.6511470971863
-9.875,34.375,20.5506279325225
-9.875,34.625,20.454890193835
-9.875,34.875,20.3713657139429
-9.875,35.125,20.2793438187062
-9.875,35.375,20.1771306991577
-9.875,35.625,20.079207170205
-9.875,35.875,19.9734149005244
-9.875,36.125,19.8395077543832
-9.875,36.375,19.6712564093168
-9.875,36.625,19.457567824692
-9.875,36.875,19.2081689678255
-9.875,37.125,18.991201791607
-9.875,37.375,18.8631143257266
-9.875,37.625,18.8031689847102
-9.875,37.875,18.7124859022964
-9.875,38.125,18.4842618619158
-9.875,38.375,18.1082236675617
-9.875,38.625,17.7152181687902
-9.875,38.875,17.4697263540466
-9.875,39.125,17.4106826860397
-9.875,39.375,17.5427318348911
-9.875,39.625,17.6883329355
-9.875,39.875,17.7278411531709
-9.875,40.125,17.657349286835
-9.875,40.375,17.5497264288814
-9.875,40.625,17.4347810328332
-9.875,40.875,17.3121034304301
-9.875,41.125,17.198715475739
-9.875,41.375,17.0941253177455
-9.875,41.625,16.9785515363099
-9.875,41.875,16.8154641005511
-9.875,42.125,16.6138794200668
-9.875,42.375,16.4147810675407
-9.875,42.625,16.2290979682422
-9.875,42.875,16.0952728745716
-9.875,43.125,16.0856826839551
-9.875,43.375,16.1514750412904
-9.875,43.625,16.209808344398
-9.875,43.875,16.2097810500306
-9.875,44.125,16.1919122237325
-9.875,44.375,16.1795078314067
-9.875,44.625,16.1469122125803
-9.875,44.875,16.0928138331637
-9.875,45.125,16.0353001818631
-9.875,45.375,15.9742073048659
-9.875,45.625,15.8805734108055
-9.875,45.875,15.7242346278957
-9.875,46.125,15.5394805376647
-9.875,46.375,15.3811198792171
-9.875,46.625,15.2656554159571
-9.875,46.875,15.183961422717
-9.625,30.125,19.2473766009013
-9.625,30.375,19.2172946643308
-9.625,31.875,18.0818848583868
-9.625,32.125,18.4764749860503
-9.625,32.375,19.2052727996326
-9.625,32.625,19.9072946590153
-9.625,32.875,20.4715842262643
-9.625,33.125,20.7951634777048
-9.625,33.375,20.8608737486959
-9.625,33.625,20.788797347272
-9.625,33.875,20.707567840326
-9.625,34.125,20.6360924256955
-9.625,34.375,20.5502727435586
-9.625,34.625,20.4572126461509
-9.625,34.875,20.3747536080783
-9.625,35.125,20.2980869324481
-9.625,35.375,20.2234148901017
-9.625,35.625,20.1428411046012
-9.625,35.875,20.0269121628641
-9.625,36.125,19.8598083016651
-9.625,36.375,19.6406006526426
-9.625,36.625,19.3443711650828
-9.625,36.875,18.9971853735668
-9.625,37.125,18.7221033690406
-9.625,37.375,18.6035515310986
-9.625,37.625,18.5719668200759
-9.625,37.875,18.4666389715476
-9.625,38.125,18.1819121459794
-9.625,38.375,17.7386881145623
-9.625,38.625,17.3082235862649
-9.625,38.875,17.0496444285242
-9.625,39.125,16.9174586332561
-9.625,39.375,17.1277865034635
-9.625,39.625,17.3387154464513
-9.625,39.875,17.4381690051386
-9.625,40.125,17.4291799263876
-9.625,40.375,17.3574040157547
-9.625,40.625,17.2634422010411
-9.625,40.875,17.1590706846102
-9.625,41.125,17.05601055114
-9.625,41.375,16.9504914101356
-9.625,41.625,16.8289340467401
-9.625,41.875,16.6689887072871
-9.625,42.125,16.4640159893557
-9.625,42.375,16.2258192906614
-9.625,42.625,15.9803001607051
-9.625,42.875,15.8319122152902
-9.625,43.125,15.8671307850405
-9.625,43.375,16.002567971339
-9.625,43.625,16.1457373770208
-9.625,43.875,16.1988794556081
-9.625,44.125,16.1806280704144
-9.625,44.375,16.1749176562158
-9.625,44.625,16.1444805098362
-9.625,44.875,16.0819121657825
-9.625,45.125,16.0086881449965
-9.625,45.375,15.9433056643752
-9.625,45.625,15.8542072733895
-9.625,45.875,15.7139067415331
-9.625,46.125,15.5553821683581
-9.625,46.375,15.415163613408
-9.625,46.625,15.306037910649
-9.625,46.875,15.2184422967212
-9.375,32.125,17.8043984767518
-9.375,32.375,18.4107099595617
-9.375,32.625,19.1332235753211
-9.375,32.875,19.9204367288475
-9.375,33.125,20.543824649248
-9.375,33.375,20.830573295635
-9.375,33.625,20.8337427462385
-9.375,33.875,20.7408738214462
-9.375,34.125,20.6562836964925
-9.375,34.375,20.5689066485629
-9.375,34.625,20.4693984412105
-9.375,34.875,20.3782235859522
-9.375,35.125,20.305354738496
-9.375,35.375,20.2509285035681
-9.375,35.625,20.1896990166336
-9.375,35.875,20.0723219230527
-9.375,36.125,19.8787973539425
-9.375,36.375,19.5916389715476
-9.375,36.625,19.1657919544991
-9.375,36.875,18.6651361288269
-9.375,37.125,18.2865023222126
-9.375,37.375,18.1454640294685
-9.375,37.625,18.1415842791073
-9.375,37.875,18.0798356363682
-9.375,38.125,17.8601362640089
-9.375,38.375,17.5068301763691
-9.375,38.625,17.189016013849
-9.375,39.125,16.5239886612189
-9.375,39.375,16.7675679290229
-9.375,39.625,16.9595351114951
-9.375,39.875,17.0656280491521
-9.375,40.125,17.0683056070505
-9.375,40.375,17.0231143138448
-9.375,40.625,16.9557919580428
-9.375,40.875,16.8566935935307
-9.375,41.125,16.7272673799692
-9.375,41.375,16.5921034656587
-9.375,41.625,16.4699996390629
-9.375,41.875,16.3553274628895
-9.375,42.125,16.1990707168162
-9.375,42.375,15.9667209771162
-9.375,42.625,15.6712291488231
-9.375,42.875,15.5016389883281
-9.375,43.125,15.6459285835099
-9.375,43.375,15.8442073467651
-9.375,43.625,16.0699996401052
-9.375,43.875,16.1810652024108
-9.375,44.125,16.1586062139501
-9.375,44.375,16.1562837433945
-9.375,44.625,16.1319668462368
-9.375,44.875,16.0746718052306
-9.375,45.125,15.9942072883981
-9.375,45.375,15.9224313543143
-9.375,45.625,15.8353001511162
-9.375,45.875,15.7135242608076
-9.375,46.125,15.5788520724396
-9.375,46.375,15.4534696047423
-9.375,46.625,15.3423766751107
-9.375,46.875,15.2451089405623
-9.125,32.625,18.6813383779891
-9.125,32.875,19.3234148807213
-9.125,33.125,20.1020760666477
-9.125,33.375,20.6475678532501
-9.125,33.625,20.8539613035859
-9.125,33.875,20.8269121451456
-9.125,34.125,20.7300815217482
-9.125,34.375,20.6186060514606
-9.125,34.625,20.4990432978979
-9.125,34.875,20.391037831541
-9.125,35.125,20.3063930084145
-9.125,35.375,20.2503547199437
-9.125,35.625,20.1972399852315
-9.125,35.875,20.0940432939373
-9.125,36.125,19.9071033561165
-9.125,36.375,19.5764749818812
-9.125,36.625,19.0224039515511
-9.125,36.875,18.3595624386939
-9.125,37.125,17.8504914247273
-9.125,37.375,17.6368028843989
-9.125,37.625,17.6408465963895
-9.125,37.875,17.6933602557156
-9.125,38.125,17.6298083373106
-9.125,38.375,17.4762018000493
-9.125,39.625,16.7163930668857
-9.125,39.875,16.7548903116112
-9.125,40.125,16.6740159910233
-9.125,40.375,16.6352455212119
-9.125,40.625,16.587868500277
-9.125,40.875,16.4758739367209
-9.125,41.125,16.2907100036496
-9.125,41.375,16.1307373463782
-9.125,41.625,16.021529705798
-9.125,41.875,15.9503821101996
-9.125,42.125,15.8713657634506
-9.125,42.375,15.706830254018
-9.125,42.625,15.4359286183217
-9.125,42.875,15.2229505054286
-9.125,43.375,15.7714750154422
-9.125,43.625,16.0270761505502
-9.125,43.875,16.1791252907508
-9.125,44.125,16.1471034763941
-9.125,44.375,16.1298083451276
-9.125,44.625,16.1113384225981
-9.125,44.875,16.0731963355685
-9.125,45.125,15.9984423189215
-9.125,45.375,15.921475053485
-9.125,45.625,15.8330324595092
-9.125,45.875,15.7208193403776
-9.125,46.125,15.5969941498803
-9.125,46.375,15.4779231587394
-9.125,46.625,15.3612018673798
-9.125,46.875,15.2597811052708
-8.875,32.875,18.9870215504547
-8.875,33.125,19.6058738791877
-8.875,33.375,20.2884694604926
-8.875,33.625,20.7406278724879
-8.875,33.875,20.8860924413295
-8.875,34.125,20.8274038762994
-8.875,34.375,20.696748196753
-8.875,34.625,20.5532236151356
-8.875,34.875,20.4234967987394
-8.875,35.125,20.3181142911234
-8.875,35.375,20.2449176194238
-8.875,35.625,20.1940979045597
-8.875,35.875,20.1201634485213
-8.875,36.125,19.9693438628984
-8.875,36.375,19.6375132336643
-8.875,36.625,19.0086334780917
-8.875,36.875,18.2353548013447
-8.875,37.125,17.632485949928
-8.875,37.375,17.3430050683152
-8.875,37.625,17.3355187588051
-8.875,37.875,17.4672127655946
-8.875,38.125,17.5283056608315
-8.875,38.375,17.4915023709907
-8.875,40.125,16.3613657456278
-8.875,40.375,16.3608193084842
-8.875,40.625,16.3333602733299
-8.875,40.875,16.1897264100163
-8.875,41.125,15.9074860192387
-8.875,41.375,15.7882782982998
-8.875,41.625,15.7004914648546
-8.875,41.875,15.6635242446524
-8.875,42.125,15.6366116492475
-8.875,42.375,15.6053002284524
-8.875,43.375,15.6474859831763
-8.875,43.625,15.934808387131
-8.875,43.875,16.1715570225742
-8.875,44.125,16.1656553523788
-8.875,44.375,16.1213111043628
-8.875,44.625,16.0977318821058
-8.875,44.875,16.0728684826627
-8.875,45.125,16.0107919974405
-8.875,45.375,15.9328684937107
-8.875,45.625,15.8390160128067
-8.875,45.875,15.7306007400888
-8.875,46.125,15.6113384695001
-8.875,46.375,15.4868576018537
-8.875,46.625,15.3613111230194
-8.875,46.875,15.2660925687988
-8.625,33.125,19.3390432576664
-8.625,33.375,19.9073219559883
-8.625,33.625,20.5024038690035
-8.625,33.875,20.8465022884431
-8.625,34.125,20.8962563738797
-8.625,34.375,20.782212643024
-8.625,34.625,20.6263929638055
-8.625,34.875,20.4828137309173
-8.625,35.125,20.3637427501991
-8.625,35.375,20.2769121315961
-8.625,35.625,20.2234421922861
-8.625,35.875,20.1696990278901
-8.625,36.125,20.0540432643369
-8.625,36.375,19.7443438670674
-8.625,36.625,19.1146990614511
-8.625,36.875,18.3406006964178
-8.625,37.125,17.8033329333113
-8.625,41.125,15.6489887159379
-8.625,43.375,15.5043712261596
-8.625,43.625,15.8025133336177
-8.625,43.875,16.1090706971174
-8.625,44.125,16.1983876176219
-8.625,44.375,16.1472127424563
-8.625,44.625,16.10303243783
-8.625,44.875,16.0722947146723
-8.625,45.125,16.0154094800272
-8.625,45.375,15.9393985649276
-8.625,45.625,15.8450542929394
-8.625,45.875,15.7397537335672
-8.625,46.125,15.622813878815
-8.625,46.375,15.482786545988
-8.625,46.625,15.3514750616147
-8.625,46.875,15.2669395592695
-8.375,33.375,19.7551635054291
-8.375,33.625,20.277540530012
-8.375,33.875,20.7313655686509
-8.375,34.125,20.9115022284086
-8.375,34.375,20.8533328009433
-8.375,34.625,20.7062837048306
-8.375,34.875,20.5677044665227
-8.375,35.125,20.4524585536269
-8.375,35.375,20.3608465246815
-8.375,35.625,20.2949449351577
-8.375,35.875,20.2338246778061
-8.375,36.125,20.1207645968661
-8.375,36.375,19.8212290852448
-8.375,36.625,19.2312837298451
-8.375,36.875,18.5216662375653
-8.375,37.125,18.0155460560908
-8.375,43.375,15.3651089433764
-8.375,43.625,15.639507820046
-8.375,43.875,15.9819668577017
-8.375,44.125,16.2042619126742
-8.375,44.375,16.1962837834176
-8.375,44.625,16.1308739354702
-8.375,44.875,16.0782236662067
-8.375,45.125,16.0168029076415
-8.375,45.375,15.9420488623322
-8.375,45.625,15.8519668526988
-8.375,45.875,15.7485515719554
-8.375,46.125,15.6254641397403
-8.375,46.375,15.4709559346809
-8.375,46.625,15.3353002240749
-8.375,46.875,15.2630597385552
-8.125,33.625,20.1904640718887
-8.125,33.875,20.6145350867933
-8.125,34.125,20.8939339632545
-8.125,34.375,20.9149995657916
-8.125,34.625,20.7948629452231
-8.125,34.875,20.6666388694054
-8.125,35.125,20.5635241680458
-8.125,35.375,20.4739613037943
-8.125,35.625,20.3884421072371
-8.125,35.875,20.2925405398093
-8.125,36.125,20.1521580336524
-8.125,36.375,19.8551361834417
-8.125,36.625,19.3174312258027
-8.125,36.875,18.6861744604475
-8.125,37.125,18.1645897542193
-8.125,43.625,15.6378958472789
-8.125,43.875,15.9410105611457
-8.125,44.125,16.1965843471673
-8.125,44.375,16.2488247657734
-8.125,44.625,16.1692346249773
-8.125,44.875,16.0957373322033
-8.125,45.125,16.019125300027
-8.125,45.375,15.9381690598576
-8.125,45.625,15.8497264033458
-8.125,45.875,15.7455734242507
-8.125,46.125,15.6180597289664
-8.125,46.375,15.4581144181757
-8.125,46.625,15.3241253394247
-8.125,46.875,15.2577045836735
-7.875,33.625,20.0230596417286
-7.875,33.875,20.459944886588
-7.875,34.125,20.8456278837444
-7.875,34.375,20.973961267315
-7.875,34.625,20.8938519837426
-7.875,34.875,20.7666115734747
-7.875,35.125,20.6631416362491
-7.875,35.375,20.5726771641299
-7.875,35.625,20.4675952098409
-7.875,35.875,20.3325952050464
-7.875,36.125,20.1677044727763
-7.875,36.375,19.8954913134132
-7.875,36.625,19.4406279996445
-7.875,36.875,18.9754640495842
-7.875,43.875,16.0217209852458
-7.875,44.125,16.21538219035
-7.875,44.375,16.2920487956271
-7.875,44.625,16.2049177070784
-7.875,44.875,16.1114203995043
-7.875,45.125,16.0146717947037
-7.875,45.375,15.9204641013849
-7.875,45.625,15.8215570006866
-7.875,45.875,15.7175952906166
-7.875,46.125,15.5923767089844
-7.875,46.375,15.4414204091974
-7.875,46.625,15.3144258775346
-7.875,46.875,15.2475679559134
-7.625,33.625,19.8813383592282
-7.625,33.875,20.3017209058251
-7.625,34.125,20.7602180991668
-7.625,34.375,21.0026224428187
-7.625,34.625,20.9882235761549
-7.625,34.875,20.8590159129575
-7.625,35.125,20.73546398142
-7.625,35.375,20.6286060979457
-7.625,35.625,20.5062017545023
-7.625,35.875,20.3493164406448
-7.625,36.125,20.1798083352261
-7.625,36.375,19.9417481552708
-7.625,36.625,19.5437973783316
-7.625,36.875,19.0682782918378
-7.625,37.125,18.7825952201593
-7.625,43.875,16.0884969377778
-7.625,44.125,16.2636334857003
-7.625,44.375,16.3238794243401
-7.625,44.625,16.229562480593
-7.625,44.875,16.1161471742098
-7.625,45.125,15.9975952685205
-7.625,45.375,15.8885515583017
-7.625,45.625,15.7833603040768
-7.625,45.875,15.6794532114039
-7.625,46.125,15.5610925043867
-7.625,46.375,15.4267756170262
-7.625,46.625,15.3104094885738
-7.625,46.875,15.2375679954154
-7.375,33.875,20.2289613087972
-7.375,34.125,20.5989066264668
-7.375,34.375,20.9202181863003
-7.375,34.625,21.0060924675947
-7.375,34.875,20.9162290864955
-7.375,35.125,20.7818301101851
-7.375,35.375,20.6504913653181
-7.375,35.625,20.5104913972115
-7.375,35.875,20.3420760774873
-7.375,36.125,20.1618028546943
-7.375,36.375,19.9411743924917
-7.375,36.625,19.6042891903653
-7.375,36.875,19.1805733461849
-7.375,37.125,18.8782236276429
-7.375,43.875,16.1682510011183
-7.375,44.125,16.334070672103
-7.375,44.375,16.3518302245218
-7.375,44.625,16.2357646702417
-7.375,44.875,16.1113931155596
-7.375,45.125,15.9822400906047
-7.375,45.375,15.8675679561219
-7.375,45.625,15.7640706906553
-7.375,45.875,15.6606553786439
-7.375,46.125,15.5534422879662
-7.375,46.375,15.4305460882969
-7.375,46.625,15.3207100649349
-7.375,46.875,15.2323220753279
-7.125,33.875,20.0366935625754
-7.125,34.125,20.3051635085559
-7.125,34.375,20.6424858791581
-7.125,34.625,20.8335514746077
-7.125,34.875,20.8494804882612
-7.125,35.125,20.7682509292019
-7.125,35.375,20.6429230267884
-7.125,35.625,20.4945350709509
-7.125,35.875,20.3051088781305
-7.125,36.125,20.0909012236882
-7.125,36.375,19.8725678751377
-7.125,36.625,19.6062017763899
-7.125,36.875,19.2749722798665
-7.125,37.125,19.0110651443565
-7.125,43.625,15.9391526472373
-7.125,43.875,16.2059286096708
-7.125,44.125,16.3901089397284
-7.125,44.375,16.3641799759995
-7.125,44.625,16.230546088818
-7.125,44.875,16.1019941835456
-7.125,45.125,15.9759012910186
-7.125,45.375,15.8647537752579
-7.125,45.625,15.7674586238757
-7.125,45.875,15.6682783267537
-7.125,46.125,15.5698903375636
-7.125,46.375,15.4601362702625
-7.125,46.625,15.3464750644288
-7.125,46.875,15.2352728869746
-6.875,34.125,20.0436334714212
-6.875,34.375,20.2349722711115
-6.875,34.625,20.461502273226
-6.875,34.875,20.5725131582041
-6.875,35.125,20.5966115701394
-6.875,35.375,20.5431142921656
-6.875,35.625,20.4329504211092
-6.875,35.875,20.2270213788976
-6.875,36.125,19.9716662474669
-6.875,36.375,19.7593165590463
-6.875,36.625,19.5824039438383
-6.875,36.875,19.3711470854087
-6.875,37.125,19.1511744593011
-6.875,43.625,16.0293985637811
-6.875,43.875,16.2867756072289
-6.875,44.125,16.4411471528434
-6.875,44.375,16.3778958033994
-6.875,44.625,16.2304914662095
-6.875,44.875,16.1035788775793
-6.875,45.125,15.9850269536503
-6.875,45.375,15.8773766606232
-6.875,45.625,15.7834695831674
-6.875,45.875,15.691557047797
-6.875,46.125,15.6018029119148
-6.875,46.375,15.499617154481
-6.875,46.625,15.3850816195128
-6.875,46.875,15.2524860048555
-6.625,34.375,19.9064750046027
-6.625,34.625,20.0658739173347
-6.625,34.875,20.1447536333011
-6.625,35.125,20.2484968268806
-6.625,35.375,20.28147491601
-6.625,35.625,20.248086971012
-6.625,35.875,20.0556280052727
-6.625,36.125,19.7740159634033
-6.625,36.375,19.5834422293908
-6.625,36.625,19.5257646164607
-6.625,36.875,19.4872400018035
-6.625,43.625,16.0882236345218
-6.625,43.875,16.3419668088194
-6.625,44.125,16.4730050837407
-6.625,44.375,16.3843712207398
-6.625,44.625,16.234617118627
-6.625,44.875,16.1143438568532
-6.625,45.125,16.0010105820953
-6.625,45.375,15.894699101891
-6.625,45.625,15.8022674107161
-6.625,45.875,15.7159559427063
-6.625,46.125,15.6307100441938
-6.625,46.375,15.5355734043434
-6.625,46.625,15.4222674057132
-6.625,46.875,15.2715569949541
-6.375,34.875,19.7654640322826
-6.375,35.125,19.8874858897892
-6.375,35.375,19.927267293461
-6.375,35.625,19.9533329062123
-6.375,35.875,19.774890258664
-6.375,36.125,19.5124312749977
-6.375,36.375,19.3636334268122
-6.375,36.625,19.3939613331862
-6.375,43.625,16.1223766451976
-6.375,43.875,16.373770158799
-6.375,44.125,16.4933056466566
-6.375,44.375,16.3936061885188
-6.375,44.625,16.2488520575351
-6.375,44.875,16.1369668772963
-6.375,45.125,16.0223766806347
-6.375,45.375,15.9154914142004
-6.375,45.625,15.8245351848707
-6.375,45.875,15.7389887147914
-6.375,46.125,15.6562291338144
-6.375,46.375,15.5675952577852
-6.375,46.625,15.4532236948691
-6.375,46.875,15.2772947373937
-6.125,35.375,19.666338279599
-6.125,35.625,19.6678684109547
-6.125,35.875,19.4251088783389
-6.125,36.125,19.2349996071696
-6.125,36.375,19.2180050057792
-6.125,43.625,16.1689887046814
-6.125,43.875,16.4101635615031
-6.125,44.125,16.5162564678922
-6.125,44.375,16.4110378776092
-6.125,44.625,16.2764477208664
-6.125,44.875,16.1718029480814
-6.125,45.125,16.0582510265496
-6.125,45.375,15.951365778355
-6.125,45.625,15.8606553703058
-6.125,45.875,15.7742072636964
-6.125,46.125,15.6901908806764
-6.125,46.375,15.5984696065142
-6.125,46.625,15.4736062581422
-6.125,46.875,15.2672673991469
-5.875,35.875,19.0822400004486
-5.875,36.125,18.9832509150271
-5.875,43.625,16.2462291196396
-5.875,43.875,16.4660105627091
-5.875,44.125,16.5518848935112
-5.875,44.375,16.4452728573742
-5.875,44.625,16.3198903479863
-5.875,44.875,16.2204367919046
-5.875,45.125,16.1074859926609
-5.875,45.375,15.9995898184229
-5.875,45.625,15.9114750486905
-5.875,45.875,15.8269668537411
-5.875,46.125,15.733223657139
-5.875,46.375,15.6225406615461
-5.875,46.625,15.4779504244445
-5.875,46.875,15.2551362762034
-5.625,35.875,18.9802181473195
-5.625,43.625,16.3600816257664
-5.625,43.875,16.5465297047558
-5.625,44.125,16.6092346196618
-5.625,44.375,16.5016936239649
-5.625,44.625,16.3810652018896
-5.625,44.875,16.2843985192763
-5.625,45.125,16.1719394902714
-5.625,45.375,16.060928607899
-5.625,45.625,15.9729504715549
-5.625,45.875,15.8852182242388
-5.625,46.125,15.7724859519083
-5.625,46.375,15.6352729067776
-5.625,46.625,15.4723493727179
-5.625,46.875,15.2529504755156
-5.375,36.125,18.2838520534703
-5.375,43.625,16.5045625056074
-5.375,43.875,16.6503001953083
-5.375,44.125,16.6829777623786
-5.375,44.375,16.5694258590865
-5.375,44.625,16.4524586708819
-5.375,44.875,16.3564477279538
-5.375,45.125,16.2470214927131
-5.375,45.375,16.136420421913
-5.375,45.625,16.0433329806302
-5.375,45.875,15.9421853993108
-5.375,46.125,15.8060652206504
-5.375,46.375,15.6436335766902
-5.375,46.625,15.4736881464557
-5.375,46.875,15.2713930671984
-5.125,35.625,19.1607919130169
-5.125,35.875,18.9042618470114
-5.125,36.125,18.507485957745
-5.125,36.375,18.3479777112033
-5.125,43.625,16.6609558798576
-5.125,43.875,16.7580323974943
-5.125,44.125,16.750464150163
-5.125,44.375,16.628414896668
-5.125,44.625,16.5155460743305
-5.125,44.875,16.4254367937807
-5.125,45.125,16.3226226040574
-5.125,45.375,16.2129231411251
-5.125,45.625,16.1120761496122
-5.125,45.875,15.9939067611277
-5.125,46.125,15.8347536853102
-5.125,46.375,15.6554641332783
-5.125,46.625,15.4878684992347
-5.125,46.875,15.3101636490535
-4.875,35.375,19.5032235911635
-4.875,35.625,19.3799449316139
-4.875,35.875,19.1064476523894
-4.875,36.125,18.7368302371333
-4.875,36.375,18.5235515135885
-4.875,43.625,16.7916116532081
-4.875,43.875,16.8429231200713
-4.875,44.125,16.7961744662842
-4.875,44.375,16.6657646444977
-4.875,44.625,16.5579231058965
-4.875,44.875,16.4806827117837
-4.875,45.125,16.3902455470601
-4.875,45.375,16.2828138356652
-4.875,45.625,16.1753548689879
-4.875,45.875,16.0436061978992
-4.875,46.125,15.8647810461743
-4.875,46.375,15.6730051040649
-4.875,46.625,15.5135788787258
-4.875,46.875,15.3586608256147
-4.625,35.375,19.5858192443848
-4.625,35.625,19.5776224970166
-4.625,35.875,19.3404093987303
-4.625,36.125,18.97636568872
-4.625,36.375,18.7506279841147
-4.625,43.625,16.866201807241
-4.625,43.875,16.8895624661055
-4.625,44.125,16.820600741548
-4.625,44.375,16.6877045214502
-4.625,44.625,16.5873220865844
-4.625,44.875,16.5204094980584
-4.625,45.125,16.4449722962301
-4.625,45.375,16.3458193195322
-4.625,45.625,16.2366936402243
-4.625,45.875,16.0928138722487
-4.625,46.125,15.902704541149
-4.625,46.375,15.7099450064487
-4.625,46.625,15.5583876104303
-4.625,46.875,15.4078138721445
-4.375,35.125,19.4722672811623
-4.375,35.375,19.6271853942037
-4.375,35.625,19.6985787876317
-4.375,35.875,19.5083875604015
-4.375,36.125,19.1784695588826
-4.375,36.375,19.0113383798651
-4.375,36.625,19.1227045267658
-4.375,43.625,16.8923493343624
-4.375,43.875,16.9034149268937
-4.375,44.125,16.8378958050671
-4.375,44.375,16.716966819242
-4.375,44.625,16.6173220488543
-4.375,44.875,16.5468848520289
-4.375,45.125,16.4768575449459
-4.375,45.375,16.3898903528849
-4.375,45.625,16.284562470483
-4.375,45.875,16.1383329688526
-4.375,46.125,15.9477592348401
-4.375,46.375,15.7639340468443
-4.375,46.625,15.615245542891
-4.375,46.875,15.4570761352289
-4.125,35.375,19.6657645741447
-4.125,35.625,19.7075678194807
-4.125,35.875,19.5219667934981
-4.125,36.125,19.2353820800781
-4.125,36.375,19.1324586138699
-4.125,36.625,19.2136334539111
-4.125,43.625,16.9021581013997
-4.125,43.875,16.9113110610045
-4.125,44.125,16.8640706812749
-4.125,44.375,16.7643165536266
-4.125,44.625,16.6609832263384
-4.125,44.875,16.5730050978113
-4.125,45.125,16.490245488172
-4.125,45.375,16.4053821563721
-4.125,45.625,16.305327488425
-4.125,45.875,16.1671854759175
-4.125,46.125,15.9883056364424
-4.125,46.375,15.816830210347
-4.125,46.625,15.6698084033904
-4.125,46.875,15.5078411753712
-3.875,35.375,19.5559012564154
-3.875,35.625,19.5721033961395
-3.875,35.875,19.4010378128844
-3.875,36.125,19.1988793852551
-3.875,36.375,19.1867481997756
-3.875,36.625,19.3058738265533
-3.875,43.625,16.9128685206012
-3.875,43.875,16.9347536837468
-3.875,44.125,16.9089067047411
-3.875,44.375,16.8293439026087
-3.875,44.625,16.7238794154808
-3.875,44.875,16.6125406228779
-3.875,45.125,16.5072673865355
-3.875,45.375,16.4107919859756
-3.875,45.625,16.3109285896593
-3.875,45.875,16.1824859608718
-3.875,46.125,16.0201089499427
-3.875,46.375,15.8603002334553
-3.875,46.625,15.7200543111791
-3.875,46.875,15.5593712056269
-3.625,35.375,19.4480596683064
-3.625,35.625,19.4096717130942
-3.625,35.875,19.2836061331744
-3.625,36.125,19.1927864746969
-3.625,36.375,19.2705733346157
-3.625,36.625,19.4119121285736
-3.625,43.625,16.9415569904723
-3.625,43.875,16.9799449613186
-3.625,44.125,16.9695624836156
-3.625,44.375,16.8980051077129
-3.625,44.625,16.7889340431964
-3.625,44.875,16.6643712455458
-3.625,45.125,16.5413657772085
-3.625,45.375,16.430190844614
-3.625,45.625,16.3228684696343
-3.625,45.875,16.2015843704099
-3.625,46.125,16.0494805398535
-3.625,46.375,15.8984969014027
-3.625,46.625,15.7578411727655
-3.625,46.875,15.5721581073407
-3.375,35.375,19.4527044478661
-3.375,35.625,19.3784968501232
-3.375,35.875,19.2884695386626
-3.375,36.125,19.2840432677764
-3.375,36.375,19.385573316793
-3.375,36.625,19.494316517981
-3.375,43.625,16.9866662546585
-3.375,43.875,17.0316936148972
-3.375,44.125,17.0281416783567
-3.375,44.375,16.9593438919776
-3.375,44.625,16.8519941627002
-3.375,44.875,16.7235515260957
-3.375,45.125,16.5922673934144
-3.375,45.375,16.4729504507096
-3.375,45.625,16.3610651662441
-3.375,45.875,16.2368575184723
-3.375,46.125,16.0846991096038
-3.375,46.375,15.931283830945
-3.375,46.625,15.7659012659
-3.375,46.875,15.5189340883265
-3.125,35.375,19.5843984233877
-3.125,35.625,19.4898629475161
-3.125,35.875,19.4164203060129
-3.125,36.125,19.4459285631857
-3.125,36.375,19.5049995516167
-3.125,36.625,19.5456553052683
-3.125,43.375,16.9509012686099
-3.125,43.625,17.0361198284587
-3.125,43.875,17.0865569479479
-3.125,44.125,17.0734695293864
-3.125,44.375,17.0063657578223
-3.125,44.625,16.9103274918645
-3.125,44.875,16.7875679099495
-3.125,45.125,16.6575132979721
-3.125,45.375,16.5396990541552
-3.125,45.625,16.4231417244249
-3.125,45.875,16.2837154774067
-3.125,46.125,16.114808384838
-3.125,46.375,15.9346171128945
-3.125,46.625,15.7110105941856
-3.125,46.875,15.3860925351336
-2.875,35.375,19.7827864370711
-2.875,35.625,19.6712837062898
-2.875,35.875,19.6014203478078
-2.875,36.125,19.6223493299849
-2.875,36.375,19.6280869838319
-2.875,36.625,19.6087153830815
-2.875,43.625,17.1407646012436
-2.875,43.875,17.150873960693
-2.875,44.125,17.110163568799
-2.875,44.375,17.0426772435506
-2.875,44.625,16.9587701318043
-2.875,44.875,16.8487155085704
-2.875,45.125,16.7260105336299
-2.875,45.375,16.6086335599097
-2.875,45.625,16.4815296840147
-2.875,45.875,16.3128411470215
-2.875,46.125,16.1033329885514
-2.875,46.375,15.8566936091647
-2.875,46.625,15.5457646468949
-2.875,46.875,15.1572127941528
-2.625,35.125,20.1594530637147
-2.625,35.375,19.9851361623879
-2.625,35.625,19.8395077804399
-2.625,35.875,19.7668301837692
-2.625,36.125,19.7733055281509
-2.625,36.375,19.748360243
-2.625,36.625,19.7001088851137
-2.625,43.625,17.2152181766072
-2.625,43.875,17.2094531424059
-2.625,44.125,17.1569941447732
-2.625,44.375,17.0888247359646
-2.625,44.625,17.0088520388786
-2.625,44.875,16.9057919913954
-2.625,45.125,16.7869941419591
-2.625,45.375,16.6613384074852
-2.625,45.625,16.5087701166914
-2.625,45.875,16.297622602494
-2.625,46.125,16.0203001824884
-2.625,46.375,15.6824040152336
-2.625,46.625,15.3009013139485
-2.625,46.875,14.9044805589269
-2.375,35.125,20.1652181448181
-2.375,35.375,20.0524312420621
-2.375,35.625,19.9339886389143
-2.375,35.875,19.8851361821909
-2.375,36.125,19.8821580032182
-2.375,36.375,19.8346716745304
-2.375,36.625,19.7735242452778
-2.375,43.375,17.2564750473356
-2.375,43.625,17.2559012637112
-2.375,43.875,17.2473493325906
-2.375,44.125,17.2108466247392
-2.375,44.375,17.1525405951536
-2.375,44.625,17.0696990737498
-2.375,44.875,16.9589340569543
-2.375,45.125,16.8307646376188
-2.375,45.375,16.6847264128305
-2.375,45.625,16.4988520731691
-2.375,45.875,16.230846649962
-2.375,46.125,15.8666936400158
-2.375,46.375,15.4437428146112
-2.375,46.625,15.0243985900462
-2.375,46.875,14.6643985425188
-2.125,35.125,20.1262837290112
-2.125,35.375,20.0489339828491
-2.125,35.625,19.9831962898129
-2.125,35.875,19.9724585580044
-2.125,36.125,19.963606078768
-2.125,36.375,19.8981143242674
-2.125,36.625,19.825545970208
-2.125,43.375,17.2388793861931
-2.125,43.625,17.2391526373358
-2.125,43.875,17.2366389602911
-2.125,44.125,17.2203548280268
-2.125,44.375,17.1751908760905
-2.125,44.625,17.0858465882598
-2.125,44.875,16.9666936358467
-2.125,45.125,16.8256280409182
-2.125,45.375,16.6530051570121
-2.125,45.625,16.4217482368803
-2.125,45.875,16.0823220424965
-2.125,46.125,15.6462291785277
-2.125,46.375,15.1869669169025
-2.125,46.625,14.790163613408
-2.125,46.875,14.4878411735993
-1.875,35.125,20.0793984470472
-1.875,35.375,20.0400542326964
-1.875,35.625,20.0188520254333
-1.875,35.875,20.0289065772718
-1.875,36.125,20.0077863964227
-1.875,36.375,19.9225404926988
-1.875,36.625,19.8619668053799
-1.875,36.875,19.9540432815343
-1.875,37.125,20.0954913207091
-1.875,43.375,17.2039613385018
-1.875,43.625,17.1706280604086
-1.875,43.875,17.1555734019462
-1.875,44.125,17.1383056380058
-1.875,44.375,17.0855187509881
-1.875,44.625,16.9852181757734
-1.875,44.875,16.8612564769599
-1.875,45.125,16.7140159893557
-1.875,45.375,16.5095897815267
-1.875,45.625,16.2342345936051
-1.875,45.875,15.8543712193849
-1.875,46.125,15.4199723259347
-1.875,46.375,15.0097537405504
-1.875,46.625,14.7430597419947
-1.625,35.375,20.028551482112
-1.625,35.625,20.028660758597
-1.625,35.875,20.0353273902434
-1.625,36.125,19.9959831524416
-1.625,36.375,19.8988247204348
-1.625,36.625,19.8549449039939
-1.625,36.875,19.9667482037362
-1.625,37.125,20.1568028340574
-1.625,37.375,20.3007918811235
-1.625,43.625,17.0724859263728
-1.625,43.875,17.0192892147544
-1.625,44.125,16.9778957809907
-1.625,44.375,16.9082509963239
-1.625,44.625,16.8018029113936
-1.625,44.875,16.6730597318847
-1.625,45.125,16.5031690467251
-1.625,45.375,16.2608466070206
-1.625,45.625,15.9649176727879
-1.625,45.875,15.5893711965592
-1.625,46.125,15.2028138572401
-1.625,46.375,14.9282783367595
-1.375,35.375,20.0239885882602
-1.375,35.625,20.0206553089163
-1.375,35.875,20.0088246350731
-1.375,36.125,19.9546990342479
-1.375,36.375,19.8714749539485
-1.375,36.625,19.8624039269536
-1.375,36.875,19.9878684002194
-1.375,37.125,20.1706006123069
-1.375,37.375,20.2854093984177
-1.375,43.875,16.8714476960604
-1.375,44.125,16.8205460694318
-1.375,44.375,16.7401635503508
-1.375,44.625,16.6304367826285
-1.375,44.875,16.5018848825674
-1.375,45.125,16.2864204234764
-1.375,45.375,15.9645898172764
-1.375,45.625,15.7012018532049
-1.375,45.875,15.3847537770297
-1.375,46.125,15.0413111259377
-1.375,46.375,14.8325952988505
-1.125,35.625,20.0094804399
-1.125,35.875,19.9824039818811
-1.125,36.125,19.9227317929919
-1.125,36.375,19.8716662151566
-1.125,36.625,19.9114476787588
-1.125,36.875,20.0390705853863
-1.125,37.125,20.1800815108044
-1.125,37.375,20.2546716648373
-1.125,45.375,15.6694532118208
-1.125,45.625,15.5756554473293
-0.875,35.875,19.9793438416361
-0.875,36.125,19.9231689223826
-0.875,36.375,19.9030870010293
-0.875,36.625,19.9833055610865
-0.875,36.875,20.1076497979503
-0.875,37.125,20.2022400241081
-0.875,37.375,20.2406552815046
-0.625,35.875,20.0391251975721
-0.625,36.125,19.9786607763155
-0.625,36.375,19.9650542410345
-0.625,36.625,20.0543711016087
-0.625,36.875,20.1645350873145
-0.625,37.125,20.2287427610387
-0.625,37.375,20.2525951458457
-0.625,37.625,20.2679776989046
-0.625,37.875,20.2620213878611
-0.625,38.125,20.2372398949712
-0.375,35.875,20.134179870939
-0.375,36.125,20.0725132129231
-0.375,36.375,20.0453001475725
-0.375,36.625,20.1133602173602
-0.375,36.875,20.2031689732453
-0.375,37.125,20.2562837027461
-0.375,37.375,20.2811743965566
-0.375,37.625,20.3000541619264
-0.375,37.875,20.3021579961308
-0.375,38.125,20.2811197609198
-0.375,38.375,20.2714476324821
-0.125,35.875,20.2106006653582
-0.125,36.125,20.152977688065
-0.125,36.375,20.114398469039
-0.125,36.625,20.1534148982314
-0.125,36.875,20.2261744431459
-0.125,37.125,20.2819394335721
-0.125,37.375,20.3221033492375
-0.125,37.625,20.357103373835
-0.125,37.875,20.3705459683319
-0.125,38.125,20.3391252293613
-0.125,38.375,20.2886061277546
-0.125,39.125,19.9898629813898
-0.125,39.375,20.0160925036571
-0.125,39.625,20.0390706140487
-0.125,39.875,20.0408738766863
0.125,36.125,20.1754094186376
0.125,36.375,20.1457099575814
0.125,36.625,20.1671853690851
0.125,36.875,20.2292618777583
0.125,37.125,20.2928683796867
0.125,37.375,20.3517208516272
0.125,37.625,20.4030596858165
0.125,37.875,20.4251907848921
0.125,38.125,20.3806552704566
0.125,38.375,20.2586880928832
0.125,38.625,20.0894804365648
0.125,38.875,19.9718574982523
0.125,39.125,19.94101048037
0.125,39.375,19.9640432863288
0.125,39.625,20.0039613155719
0.125,39.875,20.022103351322
0.125,40.125,20.0104094020656
0.375,36.375,20.1375405384543
0.375,36.625,20.1569394231494
0.375,36.875,20.2131416055023
0.375,37.125,20.2798629510598
0.375,37.375,20.3474585606101
0.375,37.625,20.4098629352174
0.375,37.875,20.4454367199882
0.375,38.125,20.4022126666835
0.375,38.375,20.2630049934804
0.375,38.625,20.077349300593
0.375,38.875,19.9456553276771
0.375,39.125,19.8931416553226
0.375,39.375,19.9132509361851
0.375,39.625,19.9644804000854
0.375,39.875,19.9944530940447
0.375,40.125,19.9694257902969
0.375,40.375,19.9137427272692
0.625,36.375,20.1131962713648
0.625,36.625,20.1364203150807
0.625,36.875,20.1872399934654
0.625,37.125,20.2482782009521
0.625,37.375,20.3118301844988
0.625,37.625,20.3745897220132
0.625,37.875,20.4173219060637
0.625,38.125,20.3870214191291
0.625,38.375,20.2619941091277
0.625,38.625,20.0919394571273
0.625,38.875,19.9562837360987
0.625,39.125,19.8912563766938
0.625,39.375,19.9002727810802
0.625,39.625,19.945791869867
0.625,39.875,19.9668301389517
0.625,40.125,19.9282508834464
0.625,40.375,19.8457099440319
0.625,40.625,19.7231963214978
0.875,36.375,20.0987700686429
0.875,36.625,20.1306826247544
0.875,36.875,20.1738246777019
0.875,37.125,20.2249175759613
0.875,37.375,20.2798902271875
0.875,37.625,20.3353820628807
0.875,37.875,20.3709557616646
0.875,38.125,20.3482508789646
0.875,38.375,20.2559284877256
0.875,38.625,20.1318301633408
0.875,38.875,20.0237427539513
0.875,39.125,19.9589339579389
0.875,39.375,19.9448356159398
0.875,39.625,19.9562563453216
0.875,39.875,19.9420760811352
0.875,40.125,19.8773492880858
0.875,40.375,19.7881689905469
0.875,40.625,19.675709961542
0.875,40.875,19.606556986199
1.125,36.625,20.1593984124439
1.125,36.875,20.1909011908568
1.125,37.125,20.2341524942325
1.125,37.375,20.2799722301504
1.125,37.625,20.3251361351847
1.125,37.875,20.3493164432505
1.125,38.125,20.3270213825455
1.125,38.375,20.2707372597658
1.125,38.625,20.2001635311731
1.125,38.875,20.1266661993141
1.125,39.125,20.0633055421173
1.125,39.375,20.0158465286422
1.125,39.625,19.9884421994777
1.125,39.875,19.9359011650085
1.125,40.125,19.8534422025003
1.125,40.375,19.7595623829326
1.125,40.625,19.6739613058789
1.125,40.875,19.615928480534
1.375,36.625,20.1996443310722
1.375,36.875,20.2408192535567
1.375,37.125,20.2840705829891
1.375,37.375,20.316283674188
1.375,37.625,20.3540979057062
1.375,37.875,20.3701908028191
1.375,38.125,20.3456006180393
1.375,38.375,20.3135514337508
1.375,38.625,20.2837427040267
1.375,38.875,20.2301088056929
1.375,39.125,20.160409395812
1.375,39.375,20.0895624264993
1.375,39.625,20.0419667666076
1.375,39.875,19.9662837148364
1.375,40.125,19.8736061189995
1.375,40.375,19.7903000826393
1.375,40.625,19.7128137734418
1.375,40.875,19.6359558861112
1.375,41.125,19.5784694848816
1.625,36.625,20.2593165017217
1.625,36.875,20.3170487633168
1.625,37.125,20.3631962922101
1.625,37.375,20.3897536517492
1.625,37.625,20.4231689484393
1.625,37.875,20.4350815158073
1.625,38.125,20.4130322894112
1.625,38.375,20.3915023152294
1.625,38.625,20.3706825704522
1.625,38.875,20.316147061645
1.625,39.125,20.2400541748505
1.625,39.375,20.1625678422021
1.625,39.625,20.1131143596003
1.625,39.875,20.0358191917503
1.625,40.125,19.9477044715256
1.625,40.375,19.8740706157163
1.625,40.625,19.7909012335897
1.625,40.875,19.6933329274746
1.625,41.125,19.6081689563605
1.875,36.625,20.3197536520619
1.875,36.875,20.3895350883567
1.875,37.125,20.4457645702883
1.875,37.375,20.4674039277874
1.875,37.625,20.4949995363996
1.875,37.875,20.5077044273335
1.875,38.125,20.4960924367436
1.875,38.375,20.4757372460079
1.875,38.625,20.4409831078326
1.875,38.875,20.3773219155484
1.875,39.125,20.2865569396097
1.875,39.375,20.2191798361273
1.875,39.625,20.1669394722402
1.875,39.875,20.1063930089356
1.875,40.125,20.0353000698194
1.875,40.375,19.9658192728387
1.875,40.625,19.8576771730934
1.875,40.875,19.720737256639
1.875,41.125,19.614944958296
2.125,36.625,20.3601361545709
2.125,36.875,20.4466935194255
2.125,37.125,20.5044257575697
2.125,37.375,20.5214749685402
2.125,37.625,20.5443984537177
2.125,37.875,20.560955803251
2.125,38.125,20.5599722627734
2.125,38.375,20.5381962849143
2.125,38.625,20.4862290444921
2.125,38.875,20.4088793660774
2.125,39.125,20.312212675647
2.125,39.375,20.2519667656695
2.125,39.625,20.1984148468476
2.125,39.875,20.1572946538039
2.125,40.125,20.110190771968
2.125,40.375,20.0420487435138
2.125,40.625,19.9011197194376
2.125,40.875,19.7287427454047
2.125,41.125,19.6049722582916
2.375,36.625,20.3928683468553
2.375,36.875,20.4811743830071
2.375,37.125,20.5383875226714
2.375,37.375,20.5559558477558
2.375,37.625,20.5818028241559
2.375,37.875,20.5996170148172
2.375,38.125,20.5963929937185
2.375,38.375,20.5684694983269
2.375,38.625,20.5042891372097
2.375,38.875,20.4175405345979
2.375,39.125,20.3254094097784
2.375,39.375,20.2674038970405
2.375,39.625,20.2150268737084
2.375,39.875,20.1691252546884
2.375,40.125,20.1407372391289
2.375,40.375,20.0757919321946
2.375,40.625,19.9125132508617
2.375,40.875,19.7128684116843
2.375,41.125,19.5413110191053
2.375,41.375,19.3704640357221
2.625,36.625,20.417294590851
2.625,36.875,20.5066935273468
2.625,37.125,20.5631689243629
2.625,37.375,20.5884694896761
2.625,37.625,20.6159284622943
2.625,37.875,20.6236334472406
2.625,38.125,20.6057645427725
2.625,38.375,20.5638246874992
2.625,38.625,20.49852416815
2.625,38.875,20.413059674977
2.625,39.125,20.3313383613128
2.625,39.375,20.2895077694961
2.625,39.875,20.1204913822028
2.625,40.125,20.1098903176563
2.625,40.375,20.0452727880634
2.625,40.625,19.8812837235915
2.625,40.875,19.6774312316394
2.625,41.125,19.5039340055705
2.625,41.375,19.3136880801675
2.625,41.625,19.1813383858061
2.875,36.875,20.5530322731518
2.875,37.125,20.596884758746
2.875,37.375,20.6313383383829
2.875,37.625,20.6527317860087
2.875,37.875,20.6424039126745
2.875,38.125,20.6009284472856
2.875,38.375,20.5394531208309
2.875,38.625,20.4782236156568
2.875,38.875,20.4084695102087
2.875,39.125,20.3377044656889
2.875,39.375,20.2955459714587
2.875,39.875,20.0610924496677
2.875,40.125,20.0251634967783
2.875,40.375,19.9503000889971
2.875,40.625,19.7871852885179
2.875,40.875,19.5862837072279
2.875,41.125,19.4196989940164
2.875,41.375,19.2272399865864
2.875,41.625,19.0839886404777
3.125,36.875,20.5679776447067
3.125,37.125,20.6279230378365
3.125,37.375,20.678797351858
3.125,37.625,20.6913383645438
3.125,37.875,20.6625678864985
3.125,38.125,20.5990159264028
3.125,38.375,20.5278957059475
3.125,38.625,20.4711744329317
3.125,38.875,20.4190432491198
3.125,39.125,20.3589066781633
3.125,39.375,20.3043164842116
3.125,40.125,19.9171033713336
3.125,40.375,19.8246170419161
3.125,40.625,19.6497263413309
3.125,40.875,19.4372672800158
3.125,41.125,19.2357645998887
3.125,41.375,19.0097536780144
3.125,41.625,18.7792618313774
3.125,41.875,18.4896990301831
3.125,42.625,17.2396170480655
3.125,42.875,17.1484149010455
3.125,43.125,17.0973493127875
3.375,36.875,20.5719940909922
3.375,37.125,20.6470487730099
3.375,37.375,20.7145350383279
3.375,37.625,20.7201908351294
3.375,37.875,20.6812018019254
3.375,38.125,20.6088792952032
3.375,38.375,20.5377591008046
3.375,38.625,20.4901361882361
3.375,38.875,20.4499722100346
3.375,39.125,20.3935788472493
3.375,39.375,20.3056279896387
3.375,39.625,20.1904093997726
3.375,39.875,20.0539066543996
3.375,40.125,19.8933875521675
3.375,40.375,19.7179777166231
3.375,40.625,19.511966833
3.375,40.875,19.2778957580608
3.375,41.125,18.9979503845257
3.375,41.375,18.6896990088166
3.375,41.625,18.3885788578805
3.375,41.875,18.1198356529403
3.375,42.125,17.7638520543041
3.375,42.375,17.50945313511
3.375,42.625,17.3168848616178
3.375,42.875,17.1937701011616
3.375,43.125,17.1437154728207
3.625,36.875,20.5699722050318
3.625,37.125,20.6539339941056
3.625,37.375,20.7308739000331
3.625,37.625,20.7436607522391
3.625,37.875,20.7076497911756
3.625,38.125,20.6371852817431
3.625,38.375,20.5667481761161
3.625,38.625,20.5199176157759
3.625,38.875,20.4878137463429
3.625,39.125,20.4366935094198
3.625,39.375,20.3478957030291
3.625,39.625,20.243196265945
3.625,39.875,20.0896443486865
3.625,40.125,19.8839613492372
3.625,40.375,19.6456006107435
3.625,40.625,19.4167482266661
3.625,40.875,19.1699995499491
3.625,41.125,18.8199995671465
3.625,41.375,18.3984148854115
3.625,41.625,18.0175132360615
3.625,41.875,17.7591252587532
3.625,42.125,17.5676498360973
3.625,42.375,17.4382782555669
3.625,42.625,17.3465023718245
3.625,42.875,17.2798630474695
3.625,43.125,17.2328138742291
3.625,43.375,17.2486881089341
3.875,37.125,20.6756279585791
3.875,37.375,20.7406006641075
3.875,37.625,20.7624312228844
3.875,37.875,20.7409831370161
3.875,38.125,20.6832782844377
3.875,38.375,20.6099995211825
3.875,38.625,20.5514476312314
3.875,38.875,20.5138519761341
3.875,39.125,20.4696170384767
3.875,39.375,20.3890433207236
3.875,39.625,20.2899995996652
3.875,39.875,20.1234148134951
3.875,40.125,19.9011744593011
3.875,40.375,19.634453119476
3.875,40.625,19.4043164748312
3.875,40.875,19.1677864496825
3.875,41.125,18.801556957224
3.875,41.375,18.3040159960262
3.875,41.625,17.8232509868393
3.875,41.875,17.5188247440943
3.875,42.125,17.3896717399847
3.875,42.375,17.3928137841772
3.875,42.625,17.4083603118938
3.875,42.875,17.4003821357352
3.875,43.125,17.3338520435688
3.875,43.375,17.306857523371
4.125,36.875,20.5479503381448
4.125,37.125,20.6516935213016
4.125,37.375,20.7397262750428
4.125,37.625,20.7685514799233
4.125,37.875,20.7650541529629
4.125,38.125,20.7237153522304
4.125,38.375,20.6562836652245
4.125,38.625,20.5838246684257
4.125,38.875,20.5318028184234
4.125,39.125,20.4872945905383
4.125,39.375,20.4045897103398
4.125,39.625,20.2820214130839
4.125,39.875,20.1110651323704
4.125,40.125,19.9012563814882
4.125,40.375,19.6527045072754
4.125,40.625,19.4494804554298
4.125,40.875,19.2442072206508
4.125,41.125,18.9120487541449
4.125,41.375,18.4065296558734
4.125,41.625,17.8668575130525
4.125,41.875,17.4846717151788
4.125,42.125,17.339016025835
4.125,42.375,17.3913930465615
4.125,42.625,17.4946990768766
4.125,42.875,17.5158192551201
4.125,43.125,17.4180323908238
4.125,43.375,17.3519941418549
4.375,36.875,20.5702727349078
4.375,37.125,20.6659558092962
4.375,37.375,20.7561470563294
4.375,37.625,20.773770076981
4.375,37.875,20.7734148150585
4.375,38.125,20.7462289971732
4.375,38.375,20.6903273525134
4.375,38.625,20.6118301381179
4.375,38.875,20.5492071506104
4.375,39.125,20.4991798948069
4.375,39.375,20.4002727654462
4.375,39.625,20.2401634956318
4.375,39.875,20.0635514910755
4.375,40.125,19.880272781914
4.375,40.375,19.6850269088328
4.375,40.625,19.5122399981556
4.375,40.875,19.3202181331447
4.375,41.125,19.0256826760339
4.375,41.375,18.5438247326293
4.375,41.625,18.0025678592953
4.375,41.875,17.5574312887557
4.375,42.125,17.3331143660624
4.375,42.375,17.3851089269086
4.375,42.625,17.5531143412564
4.375,42.875,17.6145897589095
4.375,43.125,17.5187700667668
4.375,43.375,17.4122673696508
4.625,36.875,20.6349722023219
4.625,37.125,20.7152180567465
4.625,37.375,20.7807098633605
4.625,37.625,20.7809011636536
4.625,37.875,20.7658465364592
4.625,38.125,20.7444531253127
4.625,38.375,20.7009831074157
4.625,38.625,20.6243984269314
4.625,38.875,20.5577863578588
4.625,39.125,20.5011470930172
4.625,39.375,20.3906825826468
4.625,39.625,20.2092891781708
4.625,39.875,20.0345077670988
4.625,40.125,19.8707099299613
4.625,40.375,19.7243164719128
4.625,40.625,19.5596443655712
4.625,40.875,19.3335241698176
4.625,41.125,18.9997536732199
4.625,41.375,18.5137154235214
4.625,41.625,18.0040979776226
4.625,41.875,17.5669395154943
4.625,42.125,17.3039340790504
4.625,42.375,17.3440706560521
4.625,42.625,17.5675952265171
4.625,42.875,17.7049449493325
4.625,43.125,17.6567482349
4.625,43.375,17.5411744821267
4.875,36.875,20.7241799010605
4.875,37.125,20.7776497595949
4.875,37.375,20.8113383413013
4.875,37.625,20.7889612020691
4.875,37.875,20.7498902310439
4.875,38.125,20.72368806568
4.875,38.375,20.6834694570531
4.875,38.625,20.612841051133
4.875,38.875,20.5463110084742
4.875,39.125,20.4906826436194
4.875,39.375,20.3884421228711
4.875,39.625,20.2293984720616
4.875,39.875,20.0536334371306
4.875,40.125,19.9035514690837
4.875,40.375,19.7548902621035
4.875,40.625,19.5771580159338
4.875,40.875,19.2935787914881
4.875,41.125,18.8482236288936
4.875,41.375,18.31431650464
4.875,41.625,17.8485788387028
4.875,41.875,17.4860105306073
4.875,42.125,17.264234641862
4.875,42.375,17.3024040050194
4.875,42.625,17.5601362139801
4.875,42.875,17.7991525957493
4.875,43.125,17.807868459837
4.875,43.375,17.6854640434349
5.125,36.875,20.8084421548687
5.125,37.125,20.832841081046
5.125,37.375,20.83270447632
5.125,37.625,20.789507714777
5.125,37.875,20.7281962248797
5.125,38.125,20.6872672487478
5.125,38.375,20.6429503915088
5.125,38.625,20.5775405044764
5.125,38.875,20.5120214034951
5.125,39.125,20.4651634862514
5.125,39.375,20.392731791637
5.125,39.625,20.2744531032166
5.125,39.875,20.1273766163268
5.125,40.125,19.9630323342287
5.125,40.375,19.781474900376
5.125,40.625,19.576365692368
5.125,40.875,19.2317481562088
5.125,41.125,18.708824697088
5.125,41.375,18.1462017747222
5.125,41.625,17.7257099542461
5.125,41.875,17.4255733698444
5.125,42.125,17.2619941664524
5.125,42.375,17.3007100579517
5.125,42.625,17.5883875961512
5.125,42.875,17.8945078015979
5.125,43.125,17.9415023287789
5.125,43.375,17.8160651967825
5.375,36.625,20.888250846029
5.375,36.875,20.8719940732737
5.375,37.125,20.8600814954831
5.375,37.375,20.833250871773
5.375,37.625,20.7804640733479
5.375,37.875,20.7163110274435
5.375,38.125,20.6653000904563
5.375,38.375,20.6190159359916
5.375,38.625,20.5503820513116
5.375,38.875,20.4815842571154
5.375,39.125,20.4340978789199
5.375,39.375,20.3850814840181
5.375,39.625,20.3114476047578
5.375,39.875,20.2028137087171
5.375,40.125,20.0299175840909
5.375,40.375,19.8128137588501
5.375,40.625,19.5763656168036
5.375,40.875,19.1927591490615
5.375,41.125,18.6686334766325
5.375,41.375,18.1439887005123
5.375,41.625,17.7743439205357
5.375,41.875,17.5030870437622
5.375,42.125,17.3393165635281
5.375,42.375,17.3612838025953
5.375,42.625,17.6653001113016
5.375,42.875,17.9923492989253
5.375,43.125,18.0522947337458
5.375,43.375,17.8861470978117
5.625,36.875,20.8812836871121
5.625,37.125,20.8499448729343
5.625,37.375,20.8106553333053
5.625,37.625,20.7624585172518
5.625,37.875,20.7162563553273
5.625,38.125,20.6724312031855
5.625,38.375,20.6298628556924
5.625,38.625,20.5556006066786
5.625,38.875,20.4722126246802
5.625,39.125,20.4066935732065
5.625,39.375,20.3615022669724
5.625,39.625,20.32245861116
5.625,39.875,20.2493164343912
5.625,40.125,20.0811470636253
5.625,40.375,19.8404640447898
5.625,40.625,19.5751088251833
5.625,40.875,19.192240001074
5.625,41.125,18.7223219975748
5.625,41.375,18.2763110666327
5.625,41.625,17.9579777457024
5.625,41.875,17.6847810041709
5.625,42.125,17.4796444392595
5.625,42.375,17.4673766360257
5.625,42.625,17.7783329239309
5.625,42.875,18.1101088836545
5.625,43.125,18.2130050945803
5.875,36.875,20.8671033577841
5.875,37.125,20.8301088353975
5.875,37.375,20.7863383397379
5.875,37.625,20.7499449240054
5.875,37.875,20.7253273666882
5.875,38.125,20.6969667497228
5.875,38.375,20.6575405376205
5.875,38.625,20.5727591019511
5.875,38.875,20.4680049953565
5.875,39.125,20.3817481551665
5.875,39.375,20.3293164492956
5.875,39.625,20.3067481791387
5.875,39.875,20.2554913557292
5.875,40.125,20.0945623663605
5.875,40.375,19.8462563811756
5.875,40.625,19.5725132311628
5.875,40.875,19.2228684347184
5.875,41.125,18.8125952136973
5.875,41.375,18.4489067004678
5.875,41.625,18.1710651481086
5.875,41.875,17.8809558889254
5.875,42.125,17.6247537096993
5.875,42.375,17.5873766675021
5.875,42.625,17.9158739548563
5.875,42.875,18.2663930465615
5.875,43.125,18.4118301646957
6.125,36.875,20.8582509019987
6.125,37.125,20.8246170028311
6.125,37.375,20.7812563812798
6.125,37.625,20.7557099399671
6.125,37.875,20.7390705249349
6.125,38.125,20.7164476425921
6.125,38.375,20.6725405369951
6.125,38.625,20.5783328593103
6.125,38.875,20.4576498406832
6.125,39.125,20.3587154039268
6.125,39.375,20.3043711432994
6.125,39.625,20.2832235742788
6.125,39.875,20.2272399839808
6.125,40.125,20.0668848407725
6.125,40.375,19.8260378029829
6.125,40.625,19.5766662170327
6.125,40.875,19.2741252320712
6.125,41.125,18.9116389608123
6.125,41.375,18.602895794019
6.125,41.625,18.3500815401963
6.125,41.875,18.0590433006078
6.125,42.125,17.7742346023601
6.125,42.375,17.7070488148048
6.125,42.625,18.0364750122112
6.125,42.875,18.4030870010293
6.125,43.125,18.5766389018199
6.375,37.125,20.8307372546587
6.375,37.375,20.8028410979307
6.375,37.625,20.7771579945674
6.375,37.875,20.7533328520144
6.375,38.125,20.7215296271069
6.375,38.375,20.6668027711045
6.375,38.625,20.5654366967457
6.375,38.875,20.4362016662222
6.375,39.125,20.3309831879829
6.375,39.375,20.2801908169939
6.375,39.625,20.2529776474166
6.375,39.875,20.1760924396619
6.375,40.125,20.0117754936218
6.375,40.375,19.7916115698267
6.375,40.625,19.5862563868038
6.375,40.875,19.338442161435
6.375,41.125,19.0243438423657
6.375,41.375,18.7427592069073
6.375,41.625,18.5009558891338
6.375,41.875,18.2265569681678
6.375,42.125,17.9470760757154
6.375,42.375,17.8320487731141
6.375,42.625,18.1030597321974
6.375,42.875,18.4380323482993
6.625,37.125,20.8554640076851
6.625,37.375,20.8322126617849
6.625,37.625,20.8032782195044
6.625,37.875,20.7686881002833
6.625,38.125,20.7253547418313
6.625,38.375,20.659152570318
6.625,38.625,20.5469393860447
6.625,38.875,20.4087427118437
6.625,39.125,20.2961470650845
6.625,39.375,20.2446990508199
6.625,39.625,20.2105459515514
6.625,39.875,20.1216115977595
6.625,40.125,19.9581415900767
6.625,40.375,19.7627317840284
6.625,40.625,19.596283698994
6.625,40.875,19.399316527153
6.625,41.125,19.1389066638842
6.625,41.375,18.8766389205808
6.625,41.625,18.6401088563471
6.625,41.875,18.3931416709566
6.625,42.125,18.150464044894
6.625,42.375,17.9871307644036
6.625,42.625,18.137267362876
6.625,42.875,18.4809285252472
6.625,43.125,18.7923219321204
6.875,36.875,20.9089066395994
6.875,37.125,20.8766388632561
6.875,37.375,20.8459011322814
6.875,37.625,20.814890251785
6.875,37.875,20.7812290374047
6.875,38.125,20.7323219085652
6.875,38.375,20.6544530821628
6.875,38.625,20.5299175866966
6.875,38.875,20.3766662097368
6.875,39.125,20.257212662306
6.875,39.375,20.2017208787261
6.875,39.625,20.1645897542193
6.875,39.875,20.0801362079349
6.875,40.125,19.9245077039375
6.875,40.375,19.7499995596422
6.875,40.625,19.5989066342838
6.875,40.875,19.4353001339188
6.875,41.125,19.221311035052
6.875,41.375,18.9859285432784
6.875,41.625,18.7587974292984
6.875,41.875,18.5451361572808
6.875,42.125,18.359043340214
6.875,42.375,18.1774586380505
6.875,42.625,18.1667755314561
6.875,42.875,18.3934968573148
6.875,43.125,18.7510378399833
6.875,43.375,19.0371580462638
7.125,37.125,20.873961271484
7.125,37.375,20.8369121629684
7.125,37.625,20.8051361099618
7.125,37.875,20.7773492401415
7.125,38.125,20.7251634988628
7.125,38.375,20.6382235490559
7.125,38.625,20.5070760289177
7.125,38.875,20.3432509052297
7.125,39.125,20.2179503310574
7.125,39.375,20.151584242211
7.125,39.625,20.1159831578614
7.125,39.875,20.045245470245
7.125,40.125,19.9113929623463
7.125,40.375,19.7519393801038
7.125,40.625,19.5984421714407
7.125,40.875,19.4450268953876
7.125,41.125,19.2590705736087
7.125,41.375,19.0493438204781
7.125,41.625,18.8448629770123
7.125,41.875,18.6798356738898
7.125,42.125,18.5528411448328
7.125,42.375,18.3817208373481
7.125,42.625,18.2339886342241
7.125,42.875,18.2775405717026
7.125,43.125,18.5880870532468
7.125,43.375,18.9963930369726
7.125,43.625,19.3142072463948
7.375,37.125,20.8760924443521
7.375,37.375,20.8236060637594
7.375,37.625,20.7753000546023
7.375,37.875,20.7416935383948
7.375,38.125,20.6851361332044
7.375,38.375,20.5907645277638
7.375,38.625,20.465682649873
7.375,38.875,20.3034148737381
7.375,39.125,20.1757645685165
7.375,39.375,20.096174414692
7.375,39.625,20.0536333641719
7.375,39.875,19.9997536810369
7.375,40.125,19.8980596808136
7.375,40.375,19.7615569432576
7.375,40.625,19.6081689381209
7.375,40.875,19.4517755065459
7.375,41.125,19.2735514249958
7.375,41.375,19.0818028267615
7.375,41.625,18.9189340221426
7.375,41.875,18.8003548116632
7.375,42.125,18.7090433204109
7.375,42.375,18.5458465508425
7.375,42.625,18.3254094410464
7.375,42.875,18.2106553921934
7.375,43.125,18.3915297216405
7.375,43.375,18.825136187298
7.375,43.625,19.1932235936649
7.625,37.125,20.8876771353633
7.625,37.375,20.8113656982047
7.625,37.625,20.7364749309144
7.625,37.875,20.6856006142872
7.625,38.125,20.6145350529196
7.625,38.375,20.5133329037109
7.625,38.625,20.3858465184279
7.625,38.875,20.2287700449834
7.625,39.125,20.1021579705952
7.625,39.375,20.0207918719516
7.625,39.625,19.9689339627334
7.625,39.875,19.9165842572197
7.625,40.125,19.8396989817176
7.625,40.375,19.726775495081
7.625,40.625,19.5958465748146
7.625,40.875,19.4557372885324
7.625,41.125,19.2959011760566
7.625,41.375,19.1283602089178
7.625,41.625,19.0109012426574
7.625,41.875,18.9237700759387
7.625,42.125,18.8275952026492
7.625,42.375,18.6456006576455
7.625,42.625,18.3872400242123
7.625,42.875,18.1924859734832
7.625,43.125,18.2424312393522
7.625,43.375,18.6314203595855
7.625,43.625,19.0296170959056
7.875,36.875,21.028278249209
7.875,37.125,20.9297809183923
7.875,37.375,20.8099175567835
7.875,37.625,20.7096990236168
7.875,37.875,20.6322399775187
7.875,38.125,20.5332235430108
7.875,38.375,20.4061744382473
7.875,38.625,20.2481142575624
7.875,38.875,20.0853820733034
7.875,39.125,19.9651908170981
7.875,39.375,19.9096443666135
7.875,39.625,19.8529503488801
7.875,39.875,19.7810924352844
7.875,40.125,19.694371142674
7.875,40.375,19.5957645562177
7.875,40.625,19.5230870377171
7.875,40.875,19.4377044458858
7.875,41.125,19.3310650945361
7.875,41.375,19.2029503759791
7.875,41.625,19.1231143331267
7.875,41.875,19.0498902862841
7.875,42.125,18.9312017419951
7.875,42.375,18.717212684819
7.875,42.625,18.42964442571
7.875,42.875,18.1974859159501
7.875,43.125,18.1570488325234
7.875,43.375,18.464152583659
7.875,43.625,18.9398902648134
7.875,43.875,19.2962290341737
8.125,36.875,21.0409558249302
8.125,37.125,20.9422399802286
8.125,37.375,20.8104913247739
8.125,37.625,20.6985241259382
8.125,37.875,20.5916115990102
8.125,38.125,20.4472127012868
8.125,38.375,20.2638520152191
8.125,38.625,20.0535514628301
8.125,38.875,19.8696716913109
8.125,39.125,19.7809558123187
8.125,39.375,19.7712563530343
8.125,39.625,19.7191252890832
8.125,39.875,19.6180049995256
8.125,40.125,19.4956006977728
8.125,40.375,19.4114203322781
8.125,40.625,19.4328957229364
8.125,40.875,19.4062837251549
8.125,41.125,19.3621033684152
8.125,41.375,19.2715842710818
8.125,41.625,19.2153547656992
8.125,41.875,19.1650542248794
8.125,42.125,19.0562837267183
8.125,42.375,18.8368574960636
8.125,42.625,18.5378957315872
8.125,42.875,18.259316499116
8.125,43.125,18.132048815326
8.125,43.375,18.3012291225579
8.125,43.625,18.7300269147737
8.125,43.875,19.1302728053651
8.375,37.125,20.9237973234041
8.375,37.375,20.8148902127
8.375,37.625,20.6891252017412
8.375,37.875,20.5452727411614
8.375,38.125,20.3435514872191
8.375,38.375,20.1034694734167
8.375,38.625,19.8617754868471
8.375,38.875,19.687048773948
8.375,39.125,19.6463383481802
8.375,39.375,19.6401362002222
8.375,39.625,19.5959012052401
8.375,39.875,19.4729230677495
8.375,40.125,19.3319667779683
8.375,40.375,19.2730596756023
8.375,40.875,19.364097915712
8.375,41.125,19.3619394667162
8.375,41.375,19.293961277425
8.375,41.625,19.2615022945925
8.375,41.875,19.2515842484646
8.375,42.125,19.2023219332669
8.375,42.375,19.0482235840761
8.375,42.625,18.7499995309798
8.375,42.875,18.4215569704608
8.375,43.125,18.1971853600174
8.375,43.375,18.2249175889896
8.375,43.625,18.5523493146636
8.375,43.875,18.9983875425787
8.375,44.125,19.3005186899112
8.625,37.125,20.9352180944766
8.625,37.375,20.8242891004177
8.625,37.625,20.6662837091039
8.625,37.875,20.4706279671257
8.625,38.125,20.2208738743933
8.625,38.375,19.9664476295638
8.625,38.625,19.7571034118777
8.625,38.875,19.6313383435942
8.625,40.875,19.3267481730935
8.625,41.125,19.3124039629118
8.625,41.375,19.2551908336702
8.625,41.625,19.2395077246786
8.625,41.875,19.2886061381773
8.625,42.125,19.3127591232133
8.625,42.375,19.2234694762308
8.625,42.625,18.9850269197766
8.625,42.875,18.6564476763616
8.625,43.125,18.363961365705
8.625,43.375,18.2711471208458
8.625,43.625,18.4817755548029
8.625,43.875,18.9043164852538
8.625,44.125,19.3098903119238
8.625,44.375,19.5643438380924
8.875,37.125,20.9507098745127
8.875,37.375,20.8216935324539
8.875,37.625,20.6291525637517
8.875,37.875,20.3749995361912
8.875,38.125,20.0989066473122
8.875,38.375,19.8788247056346
8.875,38.625,19.7527864174765
8.875,38.875,19.6742345101195
8.875,41.125,19.2720214551915
8.875,41.375,19.2747809899961
8.875,42.625,19.0768848038762
8.875,42.875,18.8849449704905
8.875,43.125,18.5898903080674
8.875,43.375,18.4452454900481
8.875,43.625,18.5665022975109
8.875,43.875,18.9238520163656
8.875,44.125,19.3134148967722
8.875,44.375,19.5550815707347
9.125,37.375,20.7732235694844
9.125,37.625,20.5793984105678
9.125,37.875,20.2784694739378
9.125,38.125,20.0037153822477
9.125,38.375,19.8414476973111
9.125,38.625,19.8049995703775
9.125,38.875,19.798742768543
9.125,39.125,19.8455460240932
9.125,41.125,19.2757645930097
9.125,41.375,19.3463383971668
9.125,42.875,19.0893984440246
9.125,43.125,18.8749449031601
9.125,43.375,18.7392618981867
9.125,43.625,18.8179504206923
9.125,43.875,19.096311050686
9.125,44.125,19.4035514925347
9.125,44.375,19.566119819391
9.375,37.375,20.7680323110904
9.375,37.625,20.5427591318641
9.375,37.875,20.2078410080873
9.375,38.125,19.9436334469279
9.375,38.375,19.8349176026433
9.375,38.625,19.8666662336047
9.375,38.875,19.9260378118421
9.375,39.125,19.9772672913765
9.375,41.375,19.4536607955974
9.375,41.625,19.5870761063581
9.375,42.875,19.3798902725261
9.375,43.125,19.2213929598449
9.375,43.375,19.1084968613797
9.375,43.625,19.1586334483871
9.375,43.875,19.3455733393059
9.375,44.125,19.5231143685638
9.625,37.375,20.7695077208222
9.625,37.625,20.530382039117
9.625,37.875,20.1772946399418
9.625,38.125,19.9196990591581
9.625,38.375,19.8450815351934
9.625,38.625,19.9263383443238
9.625,38.875,20.0494257609049
9.625,39.125,20.1569394518117
9.625,39.375,20.2684968156241
9.625,41.125,19.2099995300418
9.625,41.375,19.3511197892695
9.625,41.625,19.5495897042947
9.625,41.875,19.8125951902462
9.625,42.125,19.9860924345548
9.625,42.375,20.0133055676528
9.625,42.625,19.9580050348584
9.625,42.875,19.7254367213432
9.625,43.125,19.5597809937482
9.625,43.375,19.4547263572776
9.625,43.625,19.4524859105303
9.625,43.875,19.5338247200179
9.625,44.125,19.6041252626096
9.875,37.375,20.7358738946133
9.875,37.625,20.5186607511969
9.875,37.875,20.1788246436197
9.875,38.125,19.9267208485004
9.875,38.375,19.8613656804861
9.875,38.625,19.970327395559
9.875,38.875,20.1422126254097
9.875,39.125,20.2852454524223
9.875,39.375,20.383906669304
9.875,39.625,20.4693984438161
9.875,39.875,20.4771580227086
9.875,40.125,20.3577864235216
9.875,40.375,20.0970760824902
9.875,40.625,19.7717755166559
9.875,40.875,19.4433602296589
9.875,41.125,19.2182782543162
9.875,41.375,19.2178137784447
9.875,41.625,19.3653274572612
9.875,41.875,19.6297536860398
9.875,42.125,19.8798082878029
9.875,42.375,20.0012017651334
9.875,42.625,20.0080323453809
9.875,42.875,19.897786437488
9.875,43.125,19.7738246318421
9.875,43.375,19.6699175782542
9.875,43.625,19.6121306627826
9.875,43.875,19.600382064861
10.125,33.875,22.0489066129174
10.125,34.125,22.0717208190042
10.125,37.375,20.6947809933313
10.125,37.625,20.5038520416927
10.125,37.875,20.1922126728329
10.125,38.125,19.9456826689465
10.125,38.375,19.8758465761695
10.125,38.625,19.99150225113
10.125,38.875,20.1938246586284
10.125,39.125,20.3656279793203
10.125,39.375,20.4642618366929
10.125,39.625,20.5104913581264
10.125,39.875,20.5399722271278
10.125,40.125,20.468059664867
10.125,40.375,20.2327591604222
10.125,40.625,19.8903273780489
10.125,40.875,19.5392345418044
10.125,41.125,19.2656826477885
10.125,41.375,19.1502728227709
10.125,41.625,19.233496811872
10.125,41.875,19.4976225264085
10.125,42.125,19.8140705999781
10.125,42.375,20.011720850168
10.125,42.625,20.025873851255
10.125,42.875,19.9360924887527
10.125,43.125,19.8275405539841
10.125,43.375,19.7197537083443
10.125,43.625,19.6366116101625
10.125,43.875,19.5877864556234
10.375,33.875,22.0775404758141
10.375,34.125,22.1012563106141
10.375,34.375,22.1672400047219
10.375,36.875,20.8650814978803
10.375,37.125,20.8096989673344
10.375,37.375,20.6856006325268
10.375,37.625,20.4888793184458
10.375,37.875,20.2092892042275
10.375,38.125,19.9693711312091
10.375,38.375,19.8919394472258
10.375,38.625,20.0053000971268
10.375,38.875,20.2220213999514
10.375,39.125,20.4123766226847
10.375,39.375,20.5138793147978
10.375,39.625,20.5533328890149
10.375,39.875,20.5901361189253
10.375,40.125,20.5497536033881
10.375,40.375,20.3614203161229
10.375,40.625,20.0667209156224
10.375,40.875,19.7381143100926
10.375,41.125,19.4379230483634
10.375,41.375,19.2644530671542
10.375,41.625,19.2833055928757
10.375,41.875,19.5016935223439
10.375,42.125,19.8136880410825
10.375,42.375,20.000327428182
10.375,42.625,19.9719394699472
10.375,42.875,19.8719941227814
10.375,43.125,19.7644258066605
10.375,43.375,19.6777044827821
10.625,33.875,22.1231415727751
10.625,34.125,22.1034421451756
10.625,34.375,22.1325404552814
10.625,34.625,22.0579503820242
10.625,35.875,21.4268301614647
10.625,36.125,21.3628683585287
10.625,36.375,21.2864203140384
10.625,36.875,20.8068847864703
10.625,37.125,20.7371580222917
10.625,37.375,20.6216115169838
10.625,37.625,20.4624859335644
10.625,37.875,20.2281416726243
10.625,38.125,20.000627965875
10.625,38.375,19.9192618594144
10.625,38.625,20.0229230995387
10.625,38.875,20.2487154085128
10.625,39.125,20.4468028193615
10.625,39.375,20.5492345101195
10.625,39.625,20.5795896926213
10.625,39.875,20.6111744218837
10.625,40.125,20.5763656949736
10.625,40.375,20.4294257502738
10.625,40.625,20.2121579894603
10.625,40.875,19.9584695315752
10.625,41.125,19.6917482230181
10.625,41.375,19.4768848106509
10.625,41.625,19.4168028649085
10.625,41.875,19.5791798940773
10.625,42.125,19.8522399787694
10.625,42.375,19.9736334352545
10.625,42.625,19.9117755342702
10.625,42.875,19.8235514359396
10.875,33.625,22.2939612513683
10.875,33.875,22.184289147945
10.875,34.125,22.1016661847224
10.875,34.375,22.0825131421532
10.875,34.625,21.9805186433219
10.875,34.875,21.8764749250777
10.875,35.875,21.3905733087675
10.875,36.125,21.2977044386942
10.875,36.375,21.1465295390353
10.875,36.625,20.9402454303262
10.875,36.875,20.7841798464457
10.875,37.125,20.6651907983373
10.875,37.375,20.5623219599489
10.875,37.625,20.4420760759239
10.875,37.875,20.251065100477
10.875,38.125,20.0492345257535
10.875,38.375,19.9691798491556
10.875,38.625,20.0602454852537
10.875,38.875,20.2874858470562
10.875,39.125,20.4806280188222
10.875,39.375,20.5780323294343
10.875,39.625,20.5928684453495
10.875,39.875,20.608524077577
10.875,40.125,20.5741798734404
10.875,40.375,20.4529776625294
10.875,40.625,20.3042891976612
10.875,40.875,20.13743122549
10.875,41.125,19.9226224982673
10.875,41.375,19.6716115722239
10.875,41.625,19.5397536454956
10.875,41.875,19.6703820775767
10.875,42.125,19.8938519993766
10.875,42.375,19.9549448894021
10.875,42.625,19.8716115690971
11.125,33.375,22.3804366679791
11.125,33.625,22.3154639963244
11.125,33.875,22.202212617697
11.125,34.125,22.1104093796569
11.125,34.375,22.0471306785208
11.125,34.625,21.9445896878269
11.125,34.875,21.8375404467348
11.125,35.125,21.7104640189416
11.125,35.375,21.6480869491244
11.125,35.625,21.5277317729804
11.125,35.875,21.3725677604884
11.125,36.125,21.2266662316244
11.125,36.375,21.059671680784
11.125,36.625,20.8703273919111
11.125,36.875,20.7097262971388
11.125,37.125,20.5819394549385
11.125,37.375,20.5043438145372
11.125,37.625,20.4225678678419
11.125,37.875,20.2798629041578
11.125,38.125,20.1173765594191
11.125,38.375,20.05281375145
11.125,38.625,20.1385787510481
11.125,38.875,20.3501361471708
11.125,39.125,20.5249175712711
11.125,39.375,20.6101361389369
11.125,39.625,20.6053820281732
11.125,39.875,20.5978137521796
11.125,40.125,20.5602454696197
11.125,40.375,20.4607919239607
11.125,40.625,20.3616115981764
11.125,40.875,20.2609012166008
11.125,41.125,20.0888246968796
11.125,41.375,19.8219667419058
11.125,41.625,19.6601635458691
11.125,41.875,19.768606076475
11.125,42.125,19.9130050393402
11.125,42.375,19.9288520552422
11.125,42.625,19.828360221425
11.375,33.375,22.3103546601176
11.375,33.625,22.2654366988302
11.375,33.875,22.1869667449284
11.375,34.125,22.0888246577946
11.375,34.375,22.0258191739275
11.375,34.625,21.9314476179946
11.375,34.875,21.8249449104559
11.375,35.125,21.7287973706188
11.375,35.375,21.6448902041534
11.375,35.625,21.4928957543086
11.375,35.875,21.3138519636269
11.375,36.125,21.1443984625769
11.375,36.375,20.966556840907
11.375,36.625,20.7772672866863
11.375,36.875,20.6042891799426
11.375,37.125,20.4752181344996
11.375,37.375,20.4339339954606
11.375,37.625,20.4050541419149
11.375,37.875,20.3146170240934
11.375,38.125,20.2034968469964
11.375,38.375,20.1675405267809
11.375,38.625,20.2549449368253
11.375,38.875,20.4373765955857
11.375,39.125,20.5853820602751
11.375,39.375,20.6508739007627
11.375,39.625,20.6242891608692
11.375,39.875,20.5883601741061
11.375,40.125,20.5414749390441
11.375,40.375,20.462868406473
11.375,40.625,20.3984421511165
11.375,40.875,20.3383055775543
11.375,41.125,20.2025678353231
11.375,41.375,19.9585787924261
11.375,41.625,19.8166661887872
11.375,41.875,19.8716662203679
11.375,42.125,19.9409831807913
11.375,42.375,19.9366116002609
11.625,33.125,22.1868573876678
11.625,33.375,22.22338752017
11.625,33.625,22.2137700377918
11.625,33.875,22.165491307368
11.625,34.125,22.0895623066386
11.625,34.375,22.0109011644874
11.625,34.625,21.9163929699549
11.625,34.875,21.8076497791895
11.625,35.125,21.7369667141815
11.625,35.375,21.6273765485795
11.625,35.625,21.4606005976109
11.625,35.875,21.2673219201343
11.625,36.125,21.072321982983
11.625,36.375,20.87450773729
11.625,36.625,20.6734967935281
11.625,36.875,20.4764475952732
11.625,37.125,20.3525405373078
11.625,37.375,20.3512563627274
11.625,37.625,20.3811743689365
11.625,37.875,20.3486060653228
11.625,38.125,20.3025405472094
11.625,38.375,20.3019667453453
11.625,38.625,20.3862290330272
11.625,38.875,20.5375132534673
11.625,39.125,20.6556006520172
11.625,39.375,20.6941252197724
11.625,39.625,20.6467481623582
11.625,39.875,20.5847810031286
11.625,40.125,20.5224858607099
11.625,40.375,20.4580050218301
11.625,40.625,20.4164476055917
11.625,40.875,20.379125209454
11.625,41.125,20.2810650966207
11.625,41.375,20.1099175677273
11.625,41.625,19.9821306812307
11.625,41.875,19.952786466463
11.625,42.125,19.9248629632543
11.625,42.375,19.8796716622316
11.875,33.125,22.1903820037842
11.875,33.375,22.2089885805474
11.875,33.625,22.216420220547
11.875,33.875,22.197021374937
11.875,34.125,22.1233055239818
11.875,34.375,22.0093984291202
11.875,34.625,21.8984148541435
11.875,34.875,21.7856279149082
11.875,35.125,21.7192345186661
11.875,35.375,21.5989066134385
11.875,35.625,21.441010417834
11.875,35.875,21.2486880750604
11.875,36.125,21.0389339337583
11.875,36.375,20.814726303184
11.875,36.625,20.5864203432219
11.875,36.875,20.3549449326562
11.875,37.125,20.2195350198798
11.875,37.375,20.2208192022772
11.875,37.625,20.2756826421602
11.875,37.875,20.3219394449328
11.875,38.125,20.3699449007628
11.875,38.375,20.4265842463801
11.875,38.625,20.5053000893098
11.875,38.875,20.6251088204931
11.875,39.125,20.713305548892
11.875,39.375,20.7270487175613
11.875,39.625,20.6674585863541
11.875,39.875,20.5828137371709
11.875,40.125,20.5071853236423
11.875,40.375,20.4484695033298
11.875,40.625,20.4179230804652
11.875,40.875,20.3990706016457
11.875,41.125,20.3459831613009
11.875,41.375,20.24838754779
11.875,41.625,20.1086880496291
11.875,41.875,20.0566388765971
12.125,33.125,22.2378956789527
12.125,33.375,22.2540431934628
12.125,33.625,22.2697536020331
12.125,33.875,22.2403000013424
12.125,34.125,22.1514475462867
12.125,34.375,22.0152180833243
12.125,34.625,21.8742617726977
12.125,34.875,21.7602180835328
12.125,35.125,21.6763656100289
12.125,35.375,21.5793437723254
12.125,35.625,21.4446716543104
12.125,35.875,21.2717754645426
12.125,36.125,21.0686606943933
12.125,36.375,20.8241252065356
12.125,36.625,20.5685788008685
12.125,36.875,20.2965295953177
12.125,37.125,20.110327407962
12.125,37.375,20.0369941028741
12.125,37.625,20.0566662126552
12.125,37.875,20.2004093863274
12.125,38.125,20.3610105149733
12.125,38.375,20.512540486341
12.125,38.625,20.5979230338758
12.125,38.875,20.6967208137929
12.125,39.125,20.757513192182
12.125,39.375,20.7521033052538
12.125,39.625,20.6895350445815
12.125,39.875,20.5961744485657
12.125,40.125,20.5112837025377
12.125,40.375,20.4568574441587
12.125,40.625,20.4327044487
12.125,40.875,20.4274312290338
12.125,41.125,20.4013109962797
12.125,41.375,20.3158465604313
12.125,41.625,20.1683055794304
12.125,41.875,20.0886334304601
12.375,32.875,22.2630323191158
12.375,33.125,22.2939065818578
12.375,33.375,22.3192890511184
12.375,33.625,22.3184967510036
12.375,33.875,22.2676497495891
12.375,34.125,22.1557371942072
12.375,34.375,21.9991252252964
12.375,34.625,21.8490158977404
12.375,34.875,21.7240705880962
12.375,35.125,21.6354913555208
12.375,35.375,21.5584694544474
12.375,35.625,21.4704913650054
12.375,35.875,21.3363382334266
12.375,36.125,21.1494530745543
12.375,36.375,20.8916115812917
12.375,36.625,20.6110377546217
12.375,36.875,20.3139066539827
12.375,37.125,20.0648356187539
12.375,37.375,19.8752728342359
12.375,37.625,19.8313110487057
12.375,37.875,20.0874312458143
12.375,38.125,20.3813383435942
12.375,38.375,20.5831143009207
12.375,38.625,20.6833601779625
12.375,38.875,20.7658465416705
12.375,39.125,20.8025678441824
12.375,39.375,20.7809831014748
12.375,39.625,20.7188519988555
12.375,39.875,20.6306005957348
12.375,40.125,20.5446170379555
12.375,40.375,20.4878683689514
12.375,40.625,20.4679776775381
12.375,40.875,20.4682236082567
12.375,41.125,20.4286060932555
12.375,41.375,20.3187153717208
12.375,41.625,20.1778410927194
12.375,44.375,18.1340706791383
12.375,44.625,18.1942072592146
12.375,45.125,18.1873766307622
12.375,45.375,18.0783329257548
12.625,32.875,22.2625950672587
12.625,33.125,22.3263928929313
12.625,33.375,22.3641252100793
12.625,33.625,22.3491524868324
12.625,33.875,22.2781142563116
12.625,34.125,22.1499448786668
12.625,34.375,21.9830049790971
12.625,34.625,21.8211743636209
12.625,34.875,21.7010104226284
12.625,35.125,21.6109284651084
12.625,35.375,21.5461744037482
12.625,35.625,21.4897809080739
12.625,35.875,21.3960650475299
12.625,36.125,21.2261470966652
12.625,36.375,20.9640705806961
12.625,36.625,20.6664202747449
12.625,36.875,20.3663929564054
12.625,37.125,20.0809558545305
12.625,37.375,19.8068301742846
12.625,37.625,19.6517208443313
12.625,38.125,20.5333329002714
12.625,38.375,20.6810377647317
12.625,38.625,20.7698902171818
12.625,38.875,20.8259011852285
12.625,39.125,20.8436060603199
12.625,39.375,20.8122945926229
12.625,39.625,20.7597262768146
12.625,39.875,20.6852454487743
12.625,40.125,20.5999995528675
12.625,40.375,20.5296716507667
12.625,40.625,20.5074585826019
12.625,40.875,20.5008465709582
12.625,41.125,20.4168301462476
12.625,41.375,20.3078138111719
12.625,44.125,18.4577044580804
12.625,44.375,18.5181689783524
12.625,44.625,18.6162291146367
12.625,44.875,18.7209285048188
12.625,45.125,18.5440979316586
12.625,45.375,18.3466389348598
12.875,32.875,22.2454366162826
12.875,33.125,22.3319667493059
12.875,33.375,22.3861470509097
12.875,33.625,22.3678410014168
12.875,33.875,22.2892344792684
12.875,34.125,22.1564202907958
12.875,34.375,21.9906825706607
12.875,34.625,21.821338257503
12.875,34.875,21.6914749353961
12.875,35.125,21.5982781993887
12.875,35.375,21.5325952019196
12.875,35.625,21.4834694315176
12.875,35.875,21.409152476514
12.875,36.125,21.2504093477635
12.875,36.375,21.0020486565887
12.875,36.625,20.7132508533248
12.875,36.875,20.4234967961337
12.875,37.125,20.1450815695882
12.875,37.375,19.9003820862275
12.875,38.125,20.6748082650815
12.875,38.375,20.7740979220698
12.875,38.625,20.8472946067977
12.875,38.875,20.8801361511314
12.875,39.125,20.8852454612815
12.875,39.375,20.8518028128994
12.875,39.625,20.8136334393194
12.875,39.875,20.7566115869199
12.875,40.125,20.6703274002492
12.875,40.375,20.5814476221637
12.875,40.625,20.5430049792014
12.875,40.875,20.5190159505834
12.875,41.125,20.4034967943619
12.875,41.375,20.2601088304989
12.875,44.125,18.8509558198231
12.875,44.375,19.0583056283127
12.875,44.625,19.1345077577184
12.875,44.875,19.1088520581605
12.875,45.125,18.9534969069267
12.875,45.375,18.6273492724518
12.875,45.625,18.3360651438353
13.125,32.875,22.2162836366664
13.125,33.125,22.3260650791106
13.125,33.375,22.4057645120256
13.125,33.625,22.3939066037454
13.125,33.875,22.3171853237465
13.125,34.125,22.1886607102358
13.125,34.375,22.0296169968902
13.125,34.625,21.8582782302398
13.125,34.875,21.7071853153041
13.125,35.125,21.5900268268064
13.125,35.375,21.5075405386628
13.125,35.625,21.4496716567076
13.125,35.875,21.3764475707799
13.125,36.125,21.2360924527945
13.125,36.375,21.0194803977925
13.125,36.625,20.755272742829
13.125,36.875,20.4760104580655
13.125,37.125,20.1913109972177
13.125,37.375,19.9689613248481
13.125,38.125,20.8843711008791
13.125,38.375,20.9121580228128
13.125,38.625,20.9319667347142
13.125,38.875,20.9377864097637
13.125,39.125,20.9326771334872
13.125,39.375,20.9013383688171
13.125,39.625,20.8761197256912
13.125,39.875,20.8327863698449
13.125,40.125,20.747813738109
13.125,40.375,20.6449722279616
13.125,40.625,20.5928957266886
13.125,40.875,20.5444530893545
13.125,41.125,20.4354913299852
13.125,43.875,18.9353274022295
13.125,44.125,19.2516935692459
13.125,44.375,19.5191252896043
13.125,44.625,19.5322127133771
13.125,44.875,19.422622516507
13.125,45.125,19.2543438275655
13.125,45.375,18.8806826143317
13.125,45.625,18.4774312530059
13.375,32.875,22.2137973451875
13.375,33.125,22.3536334324404
13.375,33.375,22.4576771220223
13.375,33.625,22.4488247001106
13.375,33.875,22.3808464769457
13.375,34.125,22.2632508668743
13.375,34.375,22.1050541335768
13.375,34.625,21.9257099120343
13.375,34.875,21.7447263034966
13.375,35.125,21.5933875203784
13.375,35.375,21.4924311247028
13.375,35.625,21.4265022121492
13.375,35.875,21.3608191990462
13.375,36.125,21.2537973409142
13.375,36.375,21.073879299268
13.375,36.625,20.8247536779101
13.375,36.875,20.5333329132997
13.375,37.125,20.2351634671779
13.375,37.375,20.0096716724458
13.375,38.125,21.0743711320429
13.375,38.375,21.0619940601411
13.375,38.625,21.0348902452187
13.375,38.875,21.0034968058268
13.375,39.125,20.9882781674953
13.375,39.375,20.9601088794854
13.375,39.625,20.9382508439444
13.375,39.875,20.8962017356372
13.375,40.125,20.8175678253174
13.375,40.375,20.7191525052805
13.375,40.625,20.6579230470084
13.375,40.875,20.5737700358115
13.375,41.125,20.4531689263432
13.375,43.625,18.6840159906064
13.375,43.875,19.1242618717131
13.375,44.125,19.5867754957064
13.375,44.375,19.7795623951271
13.375,44.625,19.6639613349581
13.375,44.875,19.4783602047488
13.375,45.125,19.3375405796239
13.375,45.375,18.973114302901
13.375,45.625,18.5573219679744
13.625,32.875,22.2671032994171
13.625,33.125,22.4235787417719
13.625,33.375,22.5305732716628
13.625,33.625,22.5240978334771
13.625,33.875,22.4631689311377
13.625,34.125,22.3663656516153
13.625,34.375,22.2184148121401
13.625,34.625,22.0254093102419
13.625,34.875,21.8134421364206
13.625,35.125,21.6395623540618
13.625,35.375,21.5273218988721
13.625,35.625,21.4633875257982
13.625,35.875,21.4069940692089
13.625,36.125,21.3281143297915
13.625,36.375,21.1866934885744
13.625,36.625,20.9343164944258
13.625,36.875,20.6139066258415
13.625,37.125,20.348688104765
13.625,38.125,21.2216934845096
13.625,38.375,21.1889066227147
13.625,38.625,21.1245350655311
13.625,38.875,21.0673219779801
13.625,39.125,21.0447263118348
13.625,39.375,21.0206552854653
13.625,39.625,20.9895077194672
13.625,39.875,20.9407645757081
13.625,40.125,20.8699448955515
13.625,40.375,20.7931962273811
13.625,40.625,20.7344530657992
13.625,40.875,20.6115569156376
13.625,41.125,20.4937700782317
13.625,43.625,19.0941252656322
13.625,43.875,19.515518647074
13.625,44.125,19.8585788304689
13.625,44.375,19.8586607708957
13.625,44.625,19.5766662248497
13.625,44.875,19.3382236136765
13.625,45.125,19.3253001202651
13.625,45.625,18.4945351334869
13.875,32.875,22.3590159025349
13.875,33.125,22.5053546936786
13.875,33.375,22.5966115492941
13.875,33.625,22.5878136587925
13.875,33.875,22.5316661511614
13.875,34.125,22.4580323057748
13.875,34.375,22.3342891234518
13.875,34.625,22.1411197876018
13.875,34.875,21.9177590536941
13.875,35.125,21.7324312085011
13.875,35.375,21.6171033603898
13.875,35.625,21.5472399445831
13.875,35.875,21.4937153383682
13.875,36.125,21.4346716599386
13.875,36.375,21.3098902311481
13.875,36.625,21.0349721934626
13.875,36.875,20.660272705099
13.875,37.125,20.3712836979517
13.875,38.125,21.3362290142664
13.875,38.375,21.2835515209886
13.875,38.625,21.1933601749399
13.875,38.875,21.1187973309084
13.875,39.125,21.0890432759061
13.875,39.375,21.0612563878461
13.875,39.625,21.0235241462624
13.875,39.875,20.9717481983164
13.875,40.125,20.9063929677661
13.875,40.375,20.8542072134591
13.875,40.625,20.8113383100332
13.875,40.875,20.6541525548925
13.875,41.125,20.5266935369356
13.875,43.125,19.0752181459646
13.875,43.375,19.3116935615331
13.875,43.625,19.5357646030155
13.875,43.875,19.8851088513442
13.875,44.125,20.0492345205422
13.875,44.375,19.8461744355374
13.875,44.625,19.4323219497347
13.875,44.875,19.1671306865463
14.125,32.875,22.456037703759
14.125,33.125,22.5746989693147
14.125,33.375,22.6302453390236
14.125,33.625,22.6114202718266
14.125,33.875,22.5618847185145
14.125,34.125,22.5067207982631
14.125,34.375,22.416311060796
14.125,34.625,22.2460924028699
14.125,34.875,22.031338389454
14.125,35.125,21.8417208416214
14.125,35.375,21.7210924169405
14.125,35.625,21.6298083034369
14.125,35.875,21.5633875346575
14.125,36.125,21.5024038950602
14.125,36.375,21.3576497875276
14.125,36.625,21.0488246881245
14.125,36.875,20.6596716948546
14.125,37.125,20.362595154288
14.125,38.125,21.3633874882766
14.125,38.375,21.3295077131094
14.125,38.625,21.2464476595811
14.125,38.875,21.1671033583052
14.125,39.125,21.114125212685
14.125,39.375,21.0812563322932
14.125,39.625,21.0451908111572
14.125,39.875,21.0008738522973
14.125,40.125,20.9407099374656
14.125,40.375,20.9068574436375
14.125,40.625,20.896666154184
14.125,42.625,19.3886334231642
14.125,42.875,19.4955733408693
14.125,43.125,19.5412017400147
14.125,43.375,19.720600644096
14.125,43.625,19.9375952241199
14.125,43.875,20.1418301342615
14.125,44.125,20.1335514256212
14.125,44.375,19.7985788043079
14.125,44.625,19.3046170688066
14.125,44.875,18.9787427297707
14.375,32.625,22.4553546644951
14.375,32.875,22.5162016654927
14.375,33.125,22.608387472851
14.375,33.375,22.6367481054504
14.375,33.625,22.6011470263122
14.375,33.875,22.5569940264759
14.375,34.125,22.5174585300717
14.375,34.375,22.4539885755445
14.375,34.625,22.3207372185962
14.375,34.875,22.1336060821033
14.375,35.125,21.9456825569028
14.375,35.375,21.7938519905174
14.375,35.625,21.6627317543238
14.375,35.875,21.5692345092857
14.375,36.125,21.4821306864421
14.375,36.375,21.2881962849143
14.375,36.625,20.9862016719547
14.375,36.875,20.6819121277397
14.375,38.125,21.350081511534
14.375,38.375,21.3353000104102
14.375,38.625,21.2875950974845
14.375,38.875,21.2070760518475
14.375,39.125,21.1333875421618
14.375,39.375,21.0963655873075
14.375,39.625,21.0760377378412
14.375,39.875,21.0446989966221
14.375,40.125,20.983933954291
14.375,40.375,20.9331416328097
14.375,40.625,20.9043437874382
14.375,40.875,20.8673492598403
14.375,42.375,19.5568028642832
14.375,42.625,19.6711744454389
14.375,42.875,19.8565842571154
14.375,43.125,19.9765842651409
14.375,43.375,20.0853820941487
14.375,43.625,20.1938520025034
14.375,43.875,20.2390432983148
14.375,44.125,20.0847537035499
14.375,44.375,19.6822946683957
14.375,44.625,19.1522399923189
14.375,44.875,18.7449722628776
14.375,45.125,18.4213930609448
14.375,45.375,18.3178137899097
14.625,32.625,22.5029230222025
14.625,32.875,22.5720759897284
14.625,33.125,22.6298355821703
14.625,33.375,22.6227044121164
14.625,33.625,22.578769980884
14.625,33.875,22.5373492631756
14.625,34.125,22.5087973120434
14.625,34.375,22.4621306351625
14.625,34.625,22.3593983572037
14.625,34.875,22.2092890687328
14.625,35.125,22.0201907574805
14.625,35.375,21.8124858486196
14.625,35.625,21.6322672718861
14.625,35.875,21.5027864513501
14.625,36.125,21.3742891269955
14.625,36.375,21.1703273820095
14.625,36.625,20.9617208965489
14.625,38.125,21.3535241090535
14.625,38.375,21.3486334508885
14.625,38.625,21.3145350237362
14.625,38.875,21.2306279015671
14.625,39.125,21.1480322796139
14.625,39.375,21.116802788823
14.625,39.625,21.1179230121967
14.625,39.875,21.0973765602529
14.625,40.125,21.0214203485374
14.625,40.375,20.9421033416289
14.625,40.625,20.8966388728449
14.625,42.375,19.7753821122842
14.625,42.625,19.9557919033238
14.625,42.875,20.1197262904683
14.625,43.125,20.2000269056018
14.625,43.375,20.2377864441585
14.625,43.625,20.2449995311883
14.625,43.875,20.177103329226
14.625,44.125,19.939617003248
14.625,44.375,19.5234148411151
14.625,44.625,19.0406279720244
14.625,44.875,18.7328411008491
14.875,32.625,22.5602454305347
14.875,32.875,22.6138246463296
14.875,33.125,22.623114221083
14.875,33.375,22.5950814648404
14.875,33.625,22.5503273844068
14.875,33.875,22.513387466389
14.875,34.125,22.4897536293405
14.875,34.375,22.4516388054103
14.875,34.625,22.3750814323217
14.875,34.875,22.2382235136188
14.875,35.125,22.0299175189492
14.875,35.375,21.7699175323945
14.875,35.625,21.5443163960358
14.875,35.875,21.3889339009269
14.875,36.125,21.2504366760045
14.875,36.375,21.0649448639708
14.875,36.625,20.9216115696183
14.875,38.375,21.3561470782171
14.875,38.625,21.3273492432683
14.875,38.875,21.2454366397337
14.875,39.125,21.179507711546
14.875,39.375,21.1578137340441
14.875,39.625,21.1692891225137
14.875,39.875,21.1410924541494
14.875,40.125,21.0549722186855
14.875,40.375,20.931611532722
14.875,40.625,20.8660924004727
14.875,42.125,19.8612017839984
14.875,42.375,19.9564203512473
14.875,42.625,20.0940432939373
14.875,42.875,20.1607099204767
14.875,43.125,20.1627591581292
14.875,43.375,20.1607372747744
14.875,43.625,20.1468848270145
14.875,43.875,20.0619667501397
14.875,44.125,19.7927044727763
14.875,44.375,19.3696717095505
14.875,44.625,19.0145624218091
15.125,32.375,22.614425726927
15.125,32.625,22.5987426934998
15.125,32.875,22.6106552582621
15.125,33.125,22.598961236047
15.125,33.375,22.5665841910357
15.125,33.625,22.5286060395788
15.125,33.875,22.4909011444759
15.125,34.125,22.4640978828805
15.125,34.375,22.4361743666435
15.125,34.625,22.3713382918978
15.125,34.875,22.2175132251177
15.125,35.125,21.9721852651711
15.125,35.375,21.6784694755012
15.125,35.625,21.4273218926185
15.125,35.875,21.2749449151461
15.125,36.125,21.1715842283489
15.125,36.375,21.0385241169747
15.125,36.625,20.9236060413507
15.125,36.875,20.8972946542208
15.125,37.375,20.8321580000914
15.125,38.125,21.2123492558797
15.125,38.375,21.2938792744621
15.125,38.625,21.2980870080124
15.125,38.875,21.2604640220684
15.125,39.125,21.2225951340681
15.125,39.375,21.218496776018
15.125,39.625,21.2282782069972
15.125,39.875,21.1991251752676
15.125,40.125,21.1243710960847
15.125,42.125,19.943660767352
15.125,42.375,20.0343984801913
15.125,42.625,20.0874312171519
15.125,42.875,20.0686607569293
15.125,43.125,20.054234533362
15.125,43.375,20.0540979103964
15.125,43.625,20.0385241586654
15.125,43.875,20.0254640553167
15.375,31.875,22.7277590225303
15.375,32.125,22.6796990274732
15.375,32.375,22.6337153481655
15.375,32.625,22.6071306812307
15.375,32.875,22.5961197087022
15.375,33.125,22.5749448765822
15.375,33.375,22.5472672311335
15.375,33.625,22.5140431878345
15.375,33.875,22.4781416283279
15.375,34.125,22.4486880224259
15.375,34.375,22.4184148298587
15.375,34.625,22.3403000649207
15.375,34.875,22.1624311905741
15.375,35.125,21.8861197773876
15.375,35.375,21.5784148153712
15.375,35.625,21.3357645279723
15.375,35.875,21.2096989897431
15.375,36.125,21.1483601976614
15.375,36.375,21.074835626154
15.375,36.625,21.002158016455
15.375,36.875,20.9767208490215
15.375,37.125,20.9678957397169
15.375,37.375,20.872103378421
15.375,37.625,20.8246716645246
15.375,37.875,20.8217755302054
15.375,38.375,21.2035787717892
15.375,38.625,21.2430870311508
15.375,38.875,21.2710104587951
15.375,39.125,21.2844257276566
15.375,39.375,21.2995623291516
15.375,39.625,21.2996990172589
15.375,39.875,21.2657098926482
15.375,42.125,19.9799722296293
15.375,42.375,20.0466115670126
15.375,42.625,20.0570487350714
15.375,42.875,20.0232509394161
15.375,43.125,20.0088520310616
15.375,43.375,19.9713110611087
15.375,43.625,19.9016115991144
15.625,31.625,22.7859011009091
15.625,31.875,22.7432235186217
15.625,32.125,22.6864202947564
15.625,32.375,22.6266115376207
15.625,32.625,22.5931142119111
15.625,32.875,22.5640977849074
15.625,33.125,22.5461197159981
15.625,33.375,22.5278137550979
15.625,33.625,22.5017481840373
15.625,33.875,22.4691524922522
15.625,34.125,22.4379503531534
15.625,34.375,22.3929776832706
15.625,34.625,22.2899995241009
15.625,34.875,22.0918300451477
15.625,35.125,21.8061470360052
15.625,35.375,21.5123765351342
15.625,35.625,21.3105186973113
15.625,35.875,21.2261743571589
15.625,36.125,21.1918028273869
15.625,36.375,21.1502454345995
15.625,36.625,21.0940978670381
15.625,36.875,21.0379230337716
15.625,37.125,20.9741798906378
15.625,37.375,20.9204640492715
15.625,37.625,20.8799995698564
15.625,37.875,20.8615295795795
15.625,38.375,21.1210378037124
15.625,38.625,21.1829229782188
15.625,38.875,21.2567754312943
15.625,39.125,21.3270760494503
15.625,39.375,21.3624312473777
15.625,39.625,21.3473492632798
15.625,39.875,21.2932508942859
15.625,42.125,19.9912563933701
15.625,42.375,20.0470761028144
15.625,42.625,20.0694804347929
15.625,42.875,20.0586880465023
15.625,43.125,20.0184421799873
15.625,43.375,19.9044257956124
15.625,43.625,19.7139613224509
15.625,43.875,19.4644531317747
15.875,31.375,22.7587153116862
15.875,31.625,22.7484967487106
15.875,31.875,22.7097809275643
15.875,32.125,22.656229034799
15.875,32.375,22.6083055037618
15.875,32.625,22.5614475813068
15.875,32.875,22.5217481623582
15.875,33.125,22.510737179407
15.875,33.375,22.5060650820289
15.875,33.625,22.4856825239671
15.875,33.875,22.4556552543015
15.875,34.125,22.423906576438
15.875,34.375,22.3695623679239
15.875,34.625,22.2439066360557
15.875,34.875,22.0281415376507
15.875,35.125,21.7462289971732
15.875,35.375,21.5028137248722
15.875,35.625,21.3675132162584
15.875,35.875,21.321611568576
15.875,36.125,21.2945623189374
15.875,36.375,21.2537699840108
15.875,36.625,21.1919940312703
15.875,36.875,21.1009831298244
15.875,37.125,21.0385514634555
15.875,37.375,21.0436607475489
15.875,37.625,21.0368028156093
15.875,37.875,20.9665022834403
15.875,38.375,21.0360104451414
15.875,38.625,21.1075405370994
15.875,38.875,21.220163470409
15.875,39.125,21.3060924316365
15.875,39.375,21.358797333931
15.875,39.625,21.3627590559871
15.875,42.125,19.9984148395517
15.875,42.375,20.0593438018215
15.875,42.625,20.1119121332638
15.875,42.875,20.1199449163968
15.875,43.125,20.043988629117
15.875,43.375,19.8766935536119
15.875,43.625,19.6973766108028
16.125,31.375,22.7142344876065
16.125,31.625,22.698879283634
16.125,31.875,22.6685514033166
16.125,32.125,22.6392891211588
16.125,32.375,22.5901361111083
16.125,32.625,22.5289339263582
16.125,32.875,22.4895896651054
16.125,33.125,22.4845623370728
16.125,33.375,22.4843164298052
16.125,33.625,22.4651088297693
16.125,33.875,22.437212605294
16.125,34.125,22.414207145816
16.125,34.375,22.3551087718192
16.125,34.625,22.2119120821927
16.125,34.875,21.9789339128088
16.125,35.125,21.721748122752
16.125,35.375,21.5439339022819
16.125,35.625,21.4782509204468
16.125,35.875,21.4659284972102
16.125,36.125,21.4381415648539
16.125,36.375,21.3925405043722
16.125,36.625,21.3168028117529
16.125,36.875,21.2242891071924
16.125,37.125,21.1865022247606
16.125,37.375,21.213442161435
16.125,37.625,21.2335787366648
16.125,37.875,21.1411470376729
16.125,38.875,21.2288792980173
16.125,39.125,21.2740432525593
16.125,41.375,19.5759012321305
16.125,41.625,19.634343788272
16.125,42.125,20.0263383583944
16.125,42.375,20.0968301074752
16.125,42.625,20.1593164772284
16.125,42.875,20.1539339498093
16.125,43.125,20.0533055112662
16.125,43.375,19.8990159946713
16.375,31.375,22.6731142867458
16.375,31.625,22.666611473417
16.375,31.875,22.6545350330123
16.375,32.125,22.6296170187778
16.375,32.375,22.5789885599105
16.375,32.625,22.5127863753689
16.375,32.875,22.4777863872507
16.375,33.125,22.4755459665601
16.375,33.375,22.4696989632695
16.375,33.625,22.4422126102969
16.375,33.875,22.415190800943
16.375,34.125,22.400600610535
16.375,34.375,22.3404912531702
16.375,34.625,22.181611524905
16.375,34.875,21.9425678461627
16.375,35.125,21.7191798335216
16.375,35.375,21.6035787420846
16.375,35.625,21.5937153967352
16.375,35.875,21.6036607763155
16.375,36.125,21.5796989899515
16.375,36.375,21.5221306665348
16.375,36.625,21.4472945948116
16.375,36.875,21.380409324104
16.375,37.125,21.3695623913749
16.375,37.375,21.4030049980664
16.375,37.625,21.3924312226759
16.375,37.875,21.2547262952627
16.375,38.125,21.1037700241381
16.375,41.375,19.7164476399865
16.375,41.625,19.7975951934773
16.375,41.875,19.9397809831171
16.375,42.125,20.0479503199051
16.375,42.375,20.1409558468178
16.375,42.625,20.1974312568623
16.375,42.875,20.164890317969
16.375,43.125,20.036392972769
16.375,43.375,19.8719940993304
16.625,31.375,22.6591251821466
16.625,31.625,22.6641798905336
16.625,31.875,22.6496989609765
16.625,32.125,22.6184421080709
16.625,32.375,22.5662563355243
16.625,32.625,22.5051361042294
16.625,32.875,22.4755459717714
16.625,33.125,22.4756279200153
16.625,33.375,22.4626498300521
16.625,33.625,22.4246989807796
16.625,33.875,22.3922673105542
16.625,34.125,22.3767207724149
16.625,34.375,22.3158191878939
16.625,34.625,22.1456006472228
16.625,34.875,21.9066661980634
16.625,35.125,21.7127863800591
16.625,35.375,21.650873859072
16.625,35.625,21.6801360995392
16.625,35.875,21.7022945946032
16.625,36.125,21.665873918377
16.625,36.375,21.5987973421649
16.625,36.625,21.5376497930516
16.625,36.875,21.5047536834342
16.625,37.125,21.515928508154
16.625,37.375,21.5516388715942
16.625,37.625,21.5149721656341
16.625,37.875,21.3138793335586
16.625,38.125,21.0427590719338
16.625,38.375,20.7685787977417
16.625,38.625,20.6222672905427
16.625,38.875,20.5916935576767
16.625,39.625,20.6698082705013
16.625,39.875,20.680190782078
16.625,40.125,20.6808465426085
16.625,41.375,19.8763383516197
16.625,41.625,19.9371306987408
16.625,41.875,20.0095897137793
16.625,42.125,20.0910651410212
16.625,42.375,20.1770213861934
16.625,42.625,20.2192618495128
16.625,42.875,20.1608192204126
16.625,43.125,20.0330869356791
16.875,31.375,22.6731415368169
16.875,31.625,22.6733601627454
16.875,31.875,22.6498082635181
16.875,32.125,22.6140159596511
16.875,32.375,22.5611743353755
16.875,32.625,22.5034147220883
16.875,32.875,22.4740432103475
16.875,33.125,22.4713383137854
16.875,33.375,22.4521852920616
16.875,33.625,22.4057098868115
16.875,33.875,22.3697809313164
16.875,34.125,22.3478410960547
16.875,34.375,22.2790978749593
16.875,34.625,22.1027863768281
16.875,34.875,21.8720213311618
16.875,35.125,21.7109831304498
16.875,35.375,21.6845623521857
16.875,35.625,21.7348901899786
16.875,35.875,21.7545350106036
16.875,36.125,21.7112836707485
16.875,36.375,21.6455186286259
16.875,36.625,21.6004913205006
16.875,36.875,21.5777044661058
16.875,37.125,21.584097851821
16.875,37.375,21.6047535724327
16.875,37.625,21.5494804043587
16.875,37.875,21.3391251850649
16.875,38.125,21.039890239799
16.875,38.375,20.7847536248588
16.875,38.625,20.6464203198751
16.875,38.875,20.5911743914495
16.875,39.625,20.6607373138594
16.875,39.875,20.6794531254169
16.875,40.125,20.6852181127163
16.875,40.375,20.6449175871135
16.875,41.125,19.9758739028472
16.875,41.375,19.9726225274508
16.875,41.625,19.9985787777301
16.875,41.875,20.0304366982048
16.875,42.125,20.0925678737828
16.875,42.375,20.182021432887
16.875,42.625,20.2135514848219
16.875,42.875,20.129535117436
16.875,43.125,19.9457099450742
16.875,43.375,19.7183055721346
17.125,31.125,22.7093164516928
17.125,31.375,22.6998355531953
17.125,31.625,22.6811470438222
17.125,31.875,22.6491252346768
17.125,32.125,22.6193437628407
17.125,32.375,22.5756005928165
17.125,32.625,22.5144803667329
17.125,32.875,22.4717754770498
17.125,33.125,22.4549175585554
17.125,33.375,22.4289885765868
17.125,33.625,22.3778683552977
17.125,33.875,22.3422945105964
17.125,34.125,22.3155459471739
17.125,34.375,22.2333054724938
17.125,34.625,22.0579230042755
17.125,34.875,21.8584148010921
17.125,35.125,21.731147062583
17.125,35.375,21.7165295778077
17.125,35.625,21.7641797951662
17.125,35.875,21.7867481070138
17.125,36.125,21.7484967877956
17.125,36.375,21.6990705292082
17.125,36.625,21.6643984018128
17.125,36.875,21.6377864274822
17.125,37.125,21.6206006065744
17.125,37.375,21.6060650882825
17.125,37.625,21.5334147990076
17.125,37.875,21.331420244415
17.125,38.125,21.0380049898325
17.125,38.375,20.7940979003906
17.125,38.625,20.6518028134205
17.125,38.875,20.5970760460108
17.125,39.125,20.5983602231969
17.125,39.375,20.621010438992
17.125,39.625,20.6547263385168
17.125,39.875,20.6825951201017
17.125,40.125,20.6924585097474
17.125,40.375,20.6671033035862
17.125,41.125,19.9749175968066
17.125,41.375,19.9729503803566
17.125,41.625,19.9724858419491
17.125,41.875,19.980846548341
17.125,42.125,20.0585514417763
17.125,42.375,20.1737973859401
17.125,42.625,20.2190978435871
17.125,42.875,20.1428684250253
17.125,43.125,20.0001361956362
17.375,31.125,22.7340159025349
17.375,31.375,22.7333328267916
17.375,31.625,22.6996716150169
17.375,31.875,22.6544803504735
17.375,32.125,22.6297262275154
17.375,32.375,22.5965842262643
17.375,32.625,22.5311197374688
17.375,32.875,22.4662289958183
17.375,33.125,22.4262290131199
17.375,33.375,22.3917754386944
17.375,33.625,22.3420486867102
17.375,33.875,22.3069394273185
17.375,34.125,22.2742618446142
17.375,34.375,22.1818027704791
17.375,34.625,22.021802797995
17.375,34.875,21.8606552269941
17.375,35.125,21.7681688975767
17.375,35.375,21.7490158914868
17.375,35.625,21.77407052087
17.375,35.875,21.7903274239087
17.375,36.125,21.7772672918976
17.375,36.375,21.754562336239
17.375,36.625,21.7228956873951
17.375,36.875,21.685682570348
17.375,37.125,21.6442344696795
17.375,37.375,21.6011470940595
17.375,37.625,21.5160924046417
17.375,37.875,21.3284421331896
17.375,38.125,21.0574585179814
17.375,38.375,20.8177864382176
17.375,38.625,20.6886880358712
17.375,38.875,20.6441525370697
17.375,39.125,20.6399722385928
17.375,39.375,20.6465568959387
17.375,39.625,20.6535514690837
17.375,39.875,20.6577864136201
17.375,40.125,20.6644530921686
17.375,40.375,20.6738792977046
17.375,40.875,19.9898355827957
17.375,41.125,19.9482236455698
17.375,41.375,19.9240159727837
17.375,41.625,19.8987427018379
17.375,41.875,19.9137973655117
17.375,42.125,20.0392345261704
17.375,42.375,20.1837973177759
17.375,42.625,20.2374585704074
17.375,42.875,20.1902454303262
17.625,31.125,22.7776224469878
17.625,31.375,22.7774312118364
17.625,31.625,22.7250814437866
17.625,31.875,22.6682508968916
17.625,32.125,22.6372126490692
17.625,32.375,22.604726265037
17.625,32.625,22.5353546924278
17.625,32.875,22.4568300976779
17.625,33.125,22.4009831173172
17.625,33.375,22.3591251269064
17.625,33.625,22.3137153354499
17.625,33.875,22.27193937927
17.625,34.125,22.2254366588071
17.625,34.375,22.1309831077284
17.625,34.625,21.9940159125406
17.625,34.875,21.8711471088597
17.625,35.125,21.8027044124291
17.625,35.375,21.7743711132821
17.625,35.625,21.7721853568906
17.625,35.875,21.7759830990776
17.625,36.125,21.7849175500088
17.625,36.375,21.7832235351938
17.625,36.625,21.7492344939644
17.625,36.875,21.6981961922567
17.625,37.125,21.6453820291113
17.625,37.375,21.5971306660136
17.625,37.625,21.5116662171369
17.625,37.875,21.3433328404453
17.625,38.125,21.1052181368969
17.625,38.375,20.8927591381177
17.625,38.625,20.7784694947832
17.625,38.875,20.7426771153518
17.625,39.125,20.7272673070105
17.625,39.375,20.6970214035993
17.625,39.625,20.640764583004
17.625,39.875,20.5877044422379
17.625,40.125,20.5831143374
17.625,40.875,19.9968301585463
17.625,41.125,19.9414749380018
17.625,41.375,19.886147103023
17.625,41.625,19.8535241403215
17.625,41.875,19.9042071722896
17.625,42.125,20.0683875136037
17.625,42.375,20.2201361369566
17.625,42.625,20.2714476481161
17.875,30.875,22.8103000401148
17.875,31.125,22.822731758076
17.875,31.375,22.8240705083628
17.875,31.625,22.7691251775606
17.875,31.875,22.6993437386601
17.875,32.125,22.647649817128
17.875,32.375,22.59756779801
17.875,32.625,22.5222946177415
17.875,32.875,22.4394530572526
17.875,33.125,22.3799175304142
17.875,33.375,22.3352727473108
17.875,33.625,22.2878137416527
17.875,33.875,22.2330322812815
17.875,34.125,22.1668027737102
17.875,34.375,22.0755186680236
17.875,34.625,21.9676771216054
17.875,34.875,21.8806552131319
17.875,35.125,21.8242345247112
17.875,35.375,21.782485829025
17.875,35.625,21.7595350260292
17.875,35.875,21.7587973745794
17.875,36.125,21.7759831459796
17.875,36.375,21.7791798466542
17.875,36.625,21.7424585415366
17.875,36.875,21.6769121175255
17.875,37.125,21.6220760319402
17.875,37.375,21.5778957116799
17.875,37.625,21.5040158964897
17.875,37.875,21.3543437895228
17.875,38.125,21.1640978510914
17.875,38.375,21.0025951875364
17.875,38.625,20.9032782127297
17.875,38.875,20.8510104346145
17.875,39.125,20.8083328445101
17.875,39.375,20.7239066525235
17.875,39.625,20.5923492582769
17.875,39.875,20.4827864547896
17.875,40.125,20.4899995835101
17.875,40.875,19.9749722220207
17.875,41.125,19.9210104603585
17.875,41.375,19.8666662101537
17.875,41.625,19.8650541983016
17.875,41.875,19.9731962641732
17.875,42.125,20.1479777117245
17.875,42.375,20.2734968180213
17.875,42.625,20.2933328946431
18.125,30.875,22.8409557550983
18.125,31.125,22.8612290106184
18.125,31.375,22.8702726937383
18.125,31.625,22.8218574315472
18.125,31.875,22.7442344602991
18.125,32.125,22.6684693977481
18.125,32.375,22.5878136692151
18.125,32.625,22.4974311453397
18.125,32.875,22.4160924244448
18.125,33.125,22.3562290264609
18.125,33.375,22.3053273894096
18.125,33.625,22.2509557718788
18.125,33.875,22.181174366852
18.125,34.125,22.1022399422901
18.125,34.375,22.0192618396113
18.125,34.625,21.9416115401221
18.125,34.875,21.8839885784629
18.125,35.125,21.8342072038703
18.125,35.375,21.7807099154738
18.125,35.625,21.7464202245076
18.125,35.875,21.7484967773729
18.125,36.125,21.7641252168541
18.125,36.375,21.7569120412316
18.125,36.625,21.7126497779388
18.125,36.875,21.6427044138882
18.125,37.125,21.5864749710417
18.125,37.375,21.5382781628051
18.125,37.625,21.468906598013
18.125,37.875,21.353196261359
18.125,38.125,21.2218028261362
18.125,38.375,21.1140978766269
18.125,38.625,21.0189885884686
18.125,38.875,20.9340979101879
18.125,39.125,20.8501635301309
18.125,39.375,20.7174585165222
18.125,39.625,20.526283704518
18.125,39.875,20.369316502347
18.125,40.625,19.9002727680519
18.125,40.875,19.9142891800469
18.125,41.125,19.8769394165831
18.125,41.375,19.8663110055559
18.125,41.625,19.9407099374656
18.125,41.875,20.1060651169449
18.125,42.125,20.2616934958703
18.125,42.375,20.3318028710579
18.125,42.625,20.3090432771568
18.375,30.625,22.8809831285737
18.375,30.875,22.866802788823
18.375,31.125,22.8827317138839
18.375,31.375,22.8909283935047
18.375,31.625,22.8537699329397
18.375,31.875,22.7786607116949
18.375,32.125,22.6854366761088
18.375,32.375,22.5773219124216
18.375,32.625,22.471010458274
18.375,32.875,22.3863110099334
18.375,33.125,22.3218847024636
18.375,33.375,22.2625951402174
18.375,33.625,22.1972126309338
18.375,33.875,22.1204913222725
18.375,34.125,22.0385240935237
18.375,34.375,21.9756552873413
18.375,34.625,21.9316661683588
18.375,34.875,21.8987700092337
18.375,35.125,21.8495896553081
18.375,35.375,21.791338271782
18.375,35.625,21.7488792607042
18.375,35.875,21.7500268149246
18.375,36.125,21.7570759846213
18.375,36.375,21.7341251503574
18.375,36.625,21.6817208222353
18.375,36.875,21.61060060178
18.375,37.125,21.5459831894421
18.375,37.375,21.4877864050735
18.375,37.625,21.4170760274585
18.375,37.875,21.3394530952954
18.375,38.125,21.2677863725548
18.375,38.375,21.1961197436182
18.375,38.625,21.0932509208637
18.375,38.875,20.9698355367275
18.375,39.125,20.8567755131122
18.375,39.375,20.7081416187391
18.375,39.625,20.5018028431251
18.375,39.875,20.3383875805172
18.375,40.375,19.9078411196099
18.375,40.625,19.9063930042454
18.375,40.875,19.9091252290486
18.375,41.125,19.9003820836218
18.375,41.375,19.954617023468
18.375,41.625,20.0939613352708
18.375,41.875,20.2572945792818
18.375,42.125,20.3695350344715
18.375,42.375,20.3883056015265
18.625,30.625,22.8917208030576
18.625,30.875,22.8721032741943
18.625,31.125,22.8762563330228
18.625,31.375,22.8825131973934
18.625,31.625,22.8607918577767
18.625,31.875,22.7910650284564
18.625,32.125,22.6812289764321
18.625,32.375,22.5569120730207
18.625,32.625,22.4452180810313
18.625,32.875,22.3621306601769
18.625,33.125,22.2903819579244
18.625,33.375,22.2169393372666
18.625,33.625,22.140518607989
18.625,33.875,22.0639612609571
18.625,34.125,21.9967481555835
18.625,34.375,21.9592618134504
18.625,34.625,21.9459831284695
18.625,34.875,21.9308737796512
18.625,35.125,21.8889065883199
18.625,35.375,21.8295623513519
18.625,35.625,21.7848629326117
18.625,35.875,21.7704639955948
18.625,36.125,21.759890136823
18.625,36.375,21.7276771003431
18.625,36.625,21.6702453894693
18.625,36.875,21.597431208918
18.625,37.125,21.512677122335
18.625,37.375,21.4353547226536
18.625,37.625,21.3667481818486
18.625,37.875,21.3212017257357
18.625,38.125,21.2921853117604
18.625,38.375,21.234617009189
18.625,38.625,21.1166662309991
18.625,38.875,20.9669940823414
18.625,39.125,20.846994082133
18.625,39.375,20.732786467818
18.625,39.625,20.5649722156629
18.625,39.875,20.4014202675533
18.625,40.125,20.2752181298094
18.625,40.375,20.1123219708927
18.625,40.625,20.0701362213802
18.625,40.875,20.0630870334438
18.625,41.125,20.0818574936664
18.625,41.375,20.16688478449
18.625,41.625,20.2878411115844
18.625,41.875,20.3772673294192
18.625,42.125,20.4157919206254
18.625,42.375,20.412649813897
18.875,30.375,22.9452180549747
18.875,30.625,22.9112289981112
18.875,30.875,22.8786879836536
18.875,31.125,22.8601907459113
18.875,31.375,22.8567207784601
18.875,31.625,22.8423765265876
18.875,31.875,22.776010440347
18.875,32.125,22.6611470185994
18.875,32.375,22.5349448730385
18.875,32.625,22.4340978997653
18.875,32.875,22.3616388456418
18.875,33.125,22.2897262990149
18.875,33.375,22.2103273516796
18.875,33.625,22.1244257734122
18.875,33.875,22.0433874729553
18.875,34.125,21.9886060985711
18.875,34.375,21.9708465461522
18.875,34.625,21.9751361237198
18.875,34.875,21.9760650441946
18.875,35.125,21.9465568808259
18.875,35.375,21.8912836762725
18.875,35.625,21.8428410467554
18.875,35.875,21.8049448722047
18.875,36.125,21.7743164672226
18.875,36.375,21.7373492939225
18.875,36.625,21.6815568996909
18.875,36.875,21.5955732741643
18.875,37.125,21.4866661530375
18.875,37.375,21.3911743502799
18.875,37.625,21.3267208448525
18.875,37.875,21.3030323148425
18.875,38.125,21.2913383473464
18.875,38.375,21.2353000797209
18.875,38.625,21.1098356168778
18.875,38.875,20.9617208704922
18.875,39.125,20.8528957106377
18.875,39.375,20.7879230155319
18.875,39.625,20.6885241367778
18.875,39.875,20.5712290930618
18.875,40.125,20.4685241198931
18.875,40.375,20.3793438353825
18.875,40.625,20.324152571256
18.875,40.875,20.3121033704997
18.875,41.125,20.3375678401176
18.875,41.375,20.3916389017157
18.875,41.625,20.4185514111336
18.875,41.875,20.4015842682677
18.875,42.125,20.3529503983878
19.125,30.375,22.9470487083894
19.125,30.625,22.9190704627115
19.125,30.875,22.8799448430212
19.125,31.125,22.8498082447573
19.125,31.375,22.831283647506
19.125,31.625,22.7995350269672
19.125,31.875,22.7352454336615
19.125,32.125,22.639371090248
19.125,32.375,22.5348355757083
19.125,32.625,22.4508738022684
19.125,32.875,22.3965295155843
19.125,33.125,22.3381142121195
19.125,33.375,22.2631688560944
19.125,33.625,22.174453042244
19.125,33.875,22.0824311991207
19.125,34.125,22.0218301314474
19.125,34.375,22.000081500069
19.125,34.625,22.0043164472111
19.125,34.875,22.0057098435574
19.125,35.125,21.9843983806548
19.125,35.375,21.9398628610079
19.125,35.625,21.8930869441215
19.125,35.875,21.8403819818966
19.125,36.125,21.7855459327906
19.125,36.375,21.7409284753226
19.125,36.625,21.6832508571812
19.125,36.875,21.5841251878791
19.125,37.125,21.4626497987841
19.125,37.375,21.3573492368062
19.125,37.625,21.2981416332266
19.125,37.875,21.2764202519193
19.125,38.125,21.2689066350134
19.125,38.375,21.2153274114015
19.125,38.625,21.1042618673356
19.125,38.875,20.9842891588889
19.125,39.125,20.8946990419607
19.125,39.375,20.8434968437653
19.125,39.625,20.7848902087394
19.125,39.875,20.7137699934954
19.125,40.125,20.6526498143139
19.125,40.375,20.5992071771882
19.125,40.625,20.5227318044569
19.125,40.875,20.5305186698997
19.125,41.125,20.5506279168885
19.125,41.375,20.5174039152802
19.125,41.625,20.4337973412269
19.125,41.875,20.3048356035368
19.125,42.125,20.1753274365201
19.375,30.375,22.9436333453069
19.375,30.625,22.9204912498349
19.375,30.875,22.8903273858659
19.375,31.125,22.8515295122491
19.375,31.375,22.7890705463013
19.375,31.625,22.7206279306464
19.375,31.875,22.6604366354604
19.375,32.125,22.6136333590648
19.375,32.375,22.5645077033121
19.375,32.625,22.5126771040953
19.375,32.875,22.4718847639574
19.375,33.125,22.4286880493164
19.375,33.375,22.3577317357715
19.375,33.625,22.269015843751
19.375,33.875,22.1720213603452
19.375,34.125,22.0894257019126
19.375,34.375,22.0405185861014
19.375,34.625,22.0168027043994
19.375,34.875,21.9997535976556
19.375,35.125,21.9819120839645
19.375,35.375,21.9553819979475
19.375,35.625,21.9165568403859
19.375,35.875,21.8562017242765
19.375,36.125,21.7878410047521
19.375,36.375,21.7282508839675
19.375,36.625,21.6659831219032
19.375,36.875,21.5624585229842
19.375,37.125,21.4375404920734
19.375,37.375,21.3344530981095
19.375,37.625,21.2766115548181
19.375,37.875,21.249780931108
19.375,38.125,21.2328137543684
19.375,38.375,21.1921306881097
19.375,38.625,21.1110924527945
19.375,38.875,21.0254366905963
19.375,39.125,20.9545623904369
19.375,39.375,20.9016389065102
19.375,39.625,20.8463656472378
19.375,39.875,20.78248586811
19.375,40.125,20.732513164562
19.375,40.375,20.7025404836311
19.375,40.875,20.6264203207089
19.375,41.125,20.6278957069897
19.375,41.375,20.5304367581352
19.375,41.625,20.3514476109072
19.375,41.875,20.157595175863
19.375,42.125,20.009316460031
19.625,30.625,22.9115295410156
19.625,30.875,22.8842070845307
19.625,31.125,22.8031415887218
19.625,31.375,22.680928407471
19.625,31.625,22.5796443178354
19.625,31.875,22.5396989447172
19.625,32.125,22.5606006090758
19.625,32.375,22.5821579740347
19.625,32.625,22.5971852860164
19.625,32.875,22.567950321677
19.625,33.125,22.5230869334904
19.625,33.375,22.4574858295462
19.625,33.625,22.3699995311883
19.625,33.875,22.2650541451459
19.625,34.125,22.1555459799011
19.625,34.375,22.0707371847226
19.625,34.625,22.0122126308295
19.625,34.875,21.9732235324839
19.625,35.125,21.9530322903492
19.625,35.375,21.9414749588471
19.625,35.625,21.9140705306673
19.625,35.875,21.8603273792996
19.625,36.125,21.7894804151983
19.625,36.375,21.7254093279604
19.625,36.625,21.6601361603033
19.625,36.875,21.5584968243792
19.625,37.125,21.4356552837976
19.625,37.375,21.3423765370103
19.625,37.625,21.2873219505685
19.625,37.875,21.2479230067769
19.625,38.125,21.220901181789
19.625,38.375,21.1901362007433
19.625,38.625,21.1312836714781
19.625,38.875,21.0729776262586
19.625,39.125,21.0330049796183
19.625,39.375,20.9940159151463
19.625,39.625,20.9320760502841
19.625,39.875,20.8362017146877
19.625,40.125,20.7444803545384
19.875,30.625,22.884207136644
19.875,30.875,22.8056825366828
19.875,31.125,22.6753820252549
19.875,31.375,22.516912100745
19.875,31.625,22.4362563148874
19.875,31.875,22.4260650801528
19.875,32.125,22.4801088291439
19.875,32.375,22.5421852726754
19.875,32.625,22.6347263106883
19.875,32.875,22.6515295153759
19.875,33.125,22.5947262654539
19.875,33.375,22.5221852891432
19.875,33.625,22.4376224455286
19.875,33.875,22.3266662013987
19.875,34.125,22.1937426739052
19.875,34.375,22.0821306536106
19.875,34.625,22.0001361435228
19.875,34.875,21.9449448689737
19.875,35.125,21.9163382848104
19.875,35.375,21.9056279177223
19.875,35.625,21.8945076999769
19.875,35.875,21.8615022304931
19.875,36.125,21.8092345044913
19.875,36.375,21.7556006530595
19.875,36.625,21.6938793359558
19.875,36.875,21.5979776616956
19.875,37.125,21.4851361389369
19.875,37.375,21.3977591300923
19.875,37.625,21.3385514353142
19.875,37.875,21.2827591505207
19.875,38.125,21.2456552526338
19.875,38.375,21.2219120739588
19.875,38.625,21.176256356995
19.875,38.875,21.1269121326384
19.875,39.125,21.1156552893216
19.875,39.375,21.1065842206361
19.875,39.625,21.0623219391036
19.875,39.875,20.9521580211452
20.125,30.875,22.6763655917892
20.125,31.125,22.5567481817444
20.125,31.375,22.4147809502857
20.125,32.375,22.4867754816358
20.125,32.625,22.6133328161604
20.125,32.875,22.6750814875618
20.125,33.125,22.6275678123933
20.125,33.375,22.5448629504344
20.125,33.625,22.4595077493803
20.125,33.875,22.3432781605121
20.125,34.125,22.2018846970438
20.125,34.375,22.0756279028179
20.125,34.625,21.9844804018573
20.125,34.875,21.9175678263597
20.125,35.125,21.8743438173513
20.125,35.375,21.8595350348884
20.125,35.625,21.8633055296101
20.125,35.875,21.8579503330377
20.125,36.125,21.8344804055052
20.125,36.375,21.7978682987026
20.125,36.625,21.7463656123219
20.125,36.875,21.6636060417676
20.125,37.125,21.5612290179143
20.125,37.375,21.4712837042053
20.125,37.625,21.3895350258207
20.125,37.875,21.3202181409617
20.125,38.125,21.2878683642611
20.125,38.375,21.2679230554508
20.125,38.625,21.2300814566065
20.125,38.875,21.185655281192
20.125,39.125,21.1874859059443
20.125,39.375,21.1938792916595
20.125,39.625,21.1927591047652
20.375,32.375,22.4176224724191
20.375,32.625,22.5645623441602
20.375,32.875,22.6471852630865
20.375,33.125,22.622977616357
20.375,33.375,22.5401634779133
20.375,33.625,22.4409284122655
20.375,33.875,22.3156551976022
20.375,34.125,22.1787426745305
20.375,34.375,22.0609011415575
20.375,34.625,21.9723492163778
20.375,34.875,21.8999722329645
20.375,35.125,21.8430596127536
20.375,35.375,21.8178410035013
20.375,35.625,21.828496771432
20.375,35.875,21.8454913128921
20.375,36.125,21.8404366774637
20.375,36.375,21.815873797474
20.375,36.625,21.7710924018276
20.375,36.875,21.6921852976898
20.375,37.125,21.5954367684536
20.375,37.375,21.4984421104681
20.375,37.625,21.4101907594608
20.375,37.875,21.3560924243406
20.375,38.125,21.3316662011902
20.375,38.375,21.3080323120284
20.375,38.625,21.272076069983
20.375,38.875,21.2280596618444
20.375,39.125,21.2318574926241
20.625,32.625,22.5730596083761
20.625,32.875,22.6425404366248
20.625,33.125,22.60795028353
20.625,33.375,22.5116388758675
20.625,33.625,22.3952727343867
20.625,33.875,22.2634147737847
20.625,34.125,22.1378683653034
20.625,34.375,22.0367208022237
20.625,34.625,21.9633601506551
20.625,34.875,21.8896990030841
20.625,35.125,21.8200814997564
20.625,35.375,21.7888793215726
20.625,35.625,21.8076497974292
20.625,35.875,21.8365295597764
20.625,36.125,21.8328956515411
20.625,36.375,21.789371055332
20.625,36.625,21.7235514114463
20.625,36.875,21.6489339708631
20.625,37.125,21.5668301452053
20.625,37.375,21.4884421916607
20.625,37.625,21.4197809214149
20.625,37.875,21.3821306384978
20.625,38.125,21.3739612688784
20.625,38.875,21.2283601656638
20.625,39.125,21.2265296034474
20.875,32.625,22.5746990005827
20.875,32.875,22.6321033415247
20.875,33.125,22.5890158721007
20.875,33.375,22.47256779801
20.875,33.625,22.3356825197981
20.875,33.875,22.1987426789081
20.875,34.125,22.0779502483014
20.875,34.375,22.0006005386186
20.875,34.625,21.9395623337376
20.875,34.875,21.8620486858764
20.875,35.125,21.7981689640733
20.875,35.375,21.7803273982689
20.875,35.625,21.805327378987
20.875,35.875,21.836638893586
20.875,36.125,21.8182782084564
20.875,36.375,21.7370486858764
20.875,36.625,21.6425404835268
20.875,36.875,21.5820759814945
20.875,37.125,21.5289886036857
20.875,37.375,21.4655460008507
20.875,37.625,21.4187973366409
20.875,37.875,21.3919667285648
20.875,38.125,21.3962836656414
20.875,38.375,21.4004912480631
21.125,32.875,22.6365569067783
21.125,33.125,22.5733055417004
21.125,33.375,22.427103329226
21.125,33.625,22.2708738566748
21.125,33.875,22.1310377120972
21.125,34.125,22.0192071935518
21.125,34.375,21.9439066537742
21.125,34.625,21.8671033577841
21.125,34.875,21.7970486937976
21.125,35.125,21.7724038733811
21.125,35.375,21.7853819998236
21.125,35.625,21.816283658554
21.125,35.875,21.8424584513805
21.125,36.125,21.8115295530017
21.125,36.375,21.7048628838336
21.125,36.625,21.5973219506728
21.125,36.875,21.5343711493445
21.125,37.125,21.4944803389044
21.125,37.375,21.4531416189475
21.125,37.625,21.4286060489592
21.125,37.875,21.3762563460512
21.125,38.125,21.3029229992726
21.125,38.375,21.2870213529451
21.375,32.875,22.6325404943664
21.375,33.125,22.5424585290294
21.375,33.375,22.380409371006
21.375,33.625,22.223141592057
21.375,33.875,22.0918847485318
21.375,34.125,21.9750814385753
21.375,34.375,21.8596169674983
21.375,34.625,21.7510104309666
21.375,34.875,21.7085240942533
21.375,35.125,21.7428410431075
21.375,35.375,21.7959558612011
21.375,35.625,21.8425404543434
21.375,35.875,21.8609557777155
21.375,36.125,21.8072946006483
21.375,36.375,21.6848628586107
21.375,36.625,21.5670760342332
21.375,36.875,21.5070213411675
21.375,37.125,21.4786606877228
21.375,37.375,21.4627590179443
21.375,37.625,21.468633396378
21.375,38.125,21.1560378126759
21.375,38.375,21.1005459769827
21.625,32.875,22.6244257369328
21.625,33.125,22.5076771095151
21.625,33.375,22.3594803367156
21.625,33.625,22.2253546636613
21.625,33.875,22.0997536560225
21.625,34.125,21.9496170314935
21.625,34.375,21.7714749164269
21.625,34.625,21.628168945104
21.625,34.875,21.6152727460601
21.625,35.125,21.7121853072787
21.625,35.375,21.8233601695201
21.625,35.625,21.8837699838023
21.625,35.875,21.8748355641391
21.625,36.125,21.793578744586
21.625,36.375,21.6659831323259
21.625,36.625,21.5609284281079
21.625,36.875,21.5084968056184
21.625,37.125,21.4856279560777
21.625,37.375,21.4796989941206
21.625,38.375,20.9466935559049
21.875,33.125,22.4461196993218
21.875,33.375,22.3581961699522
21.875,33.625,22.2662563063408
21.875,33.875,22.1447809406968
21.875,34.125,21.9382781982422
21.875,34.375,21.6917481761161
21.875,34.625,21.5067754964359
21.875,34.875,21.5174858895807
21.875,35.125,21.6660651196548
21.875,35.375,21.824152532171
21.875,35.625,21.8903001071325
21.875,35.875,21.8578137517627
21.875,36.125,21.7628683548807
21.875,36.375,21.6524585166264
21.875,36.625,21.581447611741
22.125,33.125,22.4214749205959
22.125,33.375,22.3603820123308
22.125,33.625,22.2919667978756
22.125,33.875,22.1578410466512
22.125,34.125,21.9195350063303
22.125,34.375,21.6395896536405
22.125,34.625,21.4347536472675
22.125,34.875,21.4221306498585
22.125,35.125,21.5763110410972
22.125,35.375,21.7531142156632
22.125,35.625,21.8218027776708
22.125,35.875,21.7821033639335
22.125,36.125,21.6924038923503
22.125,36.375,21.6068028257193
22.125,36.625,21.5668847964761
22.125,36.875,21.5881689415603
22.375,32.875,22.4437699760896
22.375,33.125,22.3824038844291
22.375,33.375,22.3053000246892
22.375,33.625,22.2406006224168
22.375,33.875,22.102622428227
22.375,34.125,21.8762836508412
22.375,34.375,21.5990432311928
22.375,34.625,21.3750814896464
22.375,34.875,21.3181142494327
22.375,35.125,21.4315841940583
22.375,35.375,21.5955186437388
22.375,35.625,21.6694530737205
22.375,35.875,21.6360377692134
22.375,36.125,21.5646443314891
22.375,36.375,21.5192891678523
22.375,36.625,21.5124585380971
22.375,38.125,20.5805186469698
22.375,38.375,20.4433055809938
22.625,32.875,22.3509558224287
22.625,33.125,22.2589885263495
22.625,33.375,22.1620487359052
22.625,33.625,22.0888520329376
22.625,33.875,21.9796989732753
22.625,34.125,21.7960377833882
22.625,34.375,21.5556006249183
22.625,34.625,21.3296443438921
22.625,34.875,21.218633396378
22.625,35.125,21.2645350779341
22.625,35.375,21.3894803823669
22.625,35.625,21.4608465804428
22.625,35.875,21.4398356057256
22.625,36.125,21.3967754645426
22.625,36.375,21.3989065826916
22.625,36.625,21.4332508780266
22.625,38.125,20.787103348091
22.625,40.125,20.3945896977284
22.625,40.375,20.354289138252
22.875,32.875,22.2185514064434
22.875,33.125,22.0917481229605
22.875,33.375,21.9814202772464
22.875,33.625,21.9058465592848
22.875,33.875,21.8193984318301
22.875,34.125,21.6895077293688
22.875,34.375,21.5060650768176
22.875,34.625,21.2921853456341
22.875,34.875,21.1417754673567
22.875,35.125,21.125054195279
22.875,35.375,21.198715413203
22.875,35.625,21.2473765696333
22.875,35.875,21.2346989808838
22.875,36.125,21.2190979269684
22.875,36.375,21.2542891554494
22.875,36.625,21.3128410714572
22.875,37.375,21.6237700337269
22.875,38.125,20.9576771376563
22.875,39.875,20.6318028507337
22.875,40.125,20.5470760246444
22.875,40.375,20.4314203340499
23.125,32.375,22.4396443080381
23.125,32.625,22.3090159098307
23.125,32.875,22.130108739509
23.125,33.125,21.9577044189953
23.125,33.375,21.834944902222
23.125,33.625,21.7550814738039
23.125,33.875,21.6784967724743
23.125,34.125,21.5846170050199
23.125,34.375,21.4496443493119
23.125,34.625,21.2694804551171
23.125,34.875,21.120873826449
23.125,35.125,21.066420325816
23.125,35.375,21.08366074067
23.125,35.625,21.0962016725801
23.125,35.875,21.0753000447007
23.125,36.125,21.0705459339371
23.125,36.375,21.1213110079531
23.125,36.625,21.2024859313756
23.125,36.875,21.2654913292557
23.125,37.125,21.3555733753684
23.125,37.375,21.4802727412656
23.125,38.875,20.636010513931
23.125,39.125,20.6506279934951
23.125,39.625,20.7313656833002
23.125,39.875,20.7385514759627
23.125,40.125,20.7293711360035
23.375,32.375,22.3566115332431
23.375,32.625,22.2224038754656
23.375,32.875,22.0446170275329
23.375,33.125,21.8903820215027
23.375,33.375,21.777021345545
23.375,33.625,21.6897809231868
23.375,33.875,21.603606083354
23.375,34.125,21.5193164648254
23.375,34.375,21.4203547493356
23.375,34.625,21.2949448882556
23.375,34.875,21.1928956860402
23.375,35.125,21.1349448688695
23.375,35.375,21.0786334491167
23.375,35.625,21.0514475843294
23.375,35.875,21.0003000947296
23.375,36.125,20.9716935548626
23.375,36.375,21.0125405540883
23.375,36.625,21.0865022523807
23.375,36.875,21.155108814031
23.375,37.125,21.2271032802394
23.375,37.375,21.2940433012332
23.375,37.625,21.2559011412449
23.375,37.875,21.2487427393595
23.375,39.125,20.6306279422156
23.375,39.375,20.6688519905174
23.375,39.625,20.7261197163108
23.375,39.875,20.7891798332089
23.375,40.125,20.8125405467925
23.625,32.375,22.2691798131974
23.625,32.625,22.1449175714795
23.625,32.875,22.0080049754492
23.625,33.125,21.9023765345089
23.625,33.375,21.8097263138151
23.625,33.625,21.7123765736981
23.625,33.875,21.6105732995956
23.625,34.125,21.5270487285051
23.625,34.375,21.4585513808037
23.625,34.625,21.3908738204039
23.625,34.875,21.3535240517288
23.625,35.125,21.3411743653928
23.625,35.625,21.0871306846702
23.625,35.875,21.0070213385618
23.625,36.125,20.9364476203918
23.625,36.375,20.9254913199795
23.625,36.625,20.9646990155913
23.625,36.875,21.0131689368701
23.625,37.125,21.0587700390425
23.625,37.375,21.0905186647926
23.625,37.625,21.1053000851407
23.625,37.875,21.1793437420996
23.625,38.875,20.4905460206537
23.625,39.125,20.5675678904591
23.625,39.375,20.6186607444221
23.625,39.625,20.6740979314502
23.625,39.875,20.7460924575889
23.625,40.125,20.7564749639542
23.875,32.125,22.3271852816389
23.875,32.375,22.2328410435244
23.875,32.625,22.1106552478394
23.875,32.875,22.0254913444728
23.875,33.125,21.9692071695797
23.875,33.375,21.8922945918933
23.875,33.625,21.7853547028505
23.875,33.875,21.6762290183312
23.875,34.125,21.5948902505343
23.875,34.375,21.541174323181
23.875,34.625,21.5064749066296
23.875,34.875,21.5008192062378
23.875,35.125,21.5026497502145
23.875,35.625,21.1564202881902
23.875,35.875,21.0601633936981
23.875,36.125,20.9563383300448
23.875,36.375,20.884343749187
23.875,36.625,20.8747263293449
23.875,36.875,20.8942344540455
23.875,37.125,20.8963109886711
23.875,37.375,20.8665569805708
23.875,37.625,20.8255732958434
23.875,38.875,20.4315569153249
23.875,39.125,20.4849995680846
23.875,39.375,20.5199995562027
23.875,39.625,20.5544530159789
23.875,39.875,20.5890706119642
23.875,40.125,20.5492891535733
23.875,40.375,20.388933963463
23.875,40.625,20.271802868348
24.125,32.125,22.2951088160114
24.125,32.375,22.2033601771287
24.125,32.625,22.1126224278101
24.125,32.875,22.0774038554541
24.125,33.125,22.0553819989898
24.125,33.375,21.9880869662175
24.125,33.625,21.8839886097309
24.125,33.875,21.7789886036857
24.125,34.125,21.6948355690378
24.125,34.375,21.6313929062723
24.125,34.625,21.5879503833792
24.125,34.875,21.5671032921213
24.125,35.125,21.5497262881753
24.125,35.625,21.2150541602588
24.125,35.875,21.1206552682679
24.125,36.125,21.0010104544176
24.125,36.375,20.883770025493
24.125,36.625,20.8211743479869
24.125,36.875,20.805054192986
24.125,37.125,20.775600673071
24.125,37.375,20.691966768171
24.125,37.625,20.5447536009908
24.125,37.875,20.3087153955887
24.125,38.125,20.2086607276416
24.125,38.625,20.2592618478452
24.125,38.875,20.3205459678108
24.125,39.125,20.3719940576397
24.125,39.375,20.4006552696228
24.125,39.625,20.3999448916951
24.125,39.875,20.3903547636147
24.125,40.125,20.3556552454422
24.125,40.375,20.2652727919198
24.125,40.625,20.1654914011721
24.375,32.125,22.2760104768263
24.375,32.375,22.1993710981692
24.375,32.625,22.151584203126
24.375,32.875,22.157622441568
24.375,33.125,22.1545623404081
24.375,33.375,22.0943164252193
24.375,33.625,21.9962290518922
24.375,33.875,21.8956278764485
24.375,34.125,21.8081689219657
24.375,34.375,21.7271306762278
24.375,34.625,21.641748183412
24.375,34.875,21.5636061423463
24.375,35.125,21.4806826127683
24.375,35.375,21.3674038694205
24.375,35.625,21.2457918443315
24.375,35.875,21.1465569141784
24.375,36.125,21.0291252084117
24.375,36.375,20.8959831279484
24.375,36.625,20.7912016879014
24.375,36.875,20.7383055556667
24.375,37.125,20.6955459730221
24.375,37.375,20.6082508707307
24.375,37.625,20.4561197614409
24.375,37.875,20.2732236163864
24.375,38.125,20.1619668032954
24.375,38.375,20.122267327022
24.375,38.625,20.1510924797892
24.375,38.875,20.1888793022906
24.375,39.125,20.2377045219713
24.375,39.375,20.2655459961605
24.375,39.625,20.2435788092066
24.375,39.875,20.1970760913495
24.375,40.125,20.1628137755264
24.375,40.375,20.1015295982361
24.375,40.625,19.9960104415977
24.375,40.875,19.8642345412833
24.625,32.125,22.2856825375166
24.625,32.375,22.2338792769635
24.625,32.625,22.2321852543315
24.625,32.875,22.2675131604971
24.625,33.125,22.2727590988243
24.625,33.375,22.2142071072521
24.625,33.625,22.1143437578378
24.625,33.875,22.0084420918115
24.625,34.125,21.9174858416364
24.625,34.375,21.825983136078
24.625,34.625,21.7026771274421
24.625,34.875,21.5723492460824
24.625,35.125,21.4373765799517
24.625,35.375,21.3210104436822
24.625,35.625,21.1915296075123
24.625,35.875,21.1142344552963
24.625,36.125,21.0245350384321
24.625,36.375,20.8951907444521
24.625,36.625,20.7689339371978
24.625,36.875,20.6906279761935
24.625,37.125,20.6370213487761
24.625,37.375,20.5424585993824
24.625,37.625,20.3850268796493
24.625,37.875,20.2102181533647
24.625,38.125,20.0930049901452
24.625,38.375,20.0413110503733
24.625,38.625,20.0354913675069
24.625,38.875,20.0532782690121
24.625,39.125,20.0815296016756
24.625,39.375,20.0940705883047
24.625,39.625,20.0710651600947
24.625,39.875,20.0215569037557
24.625,40.125,19.9855460364962
24.625,40.375,19.9603000885802
24.625,40.625,19.9009012185811
24.625,40.875,19.8310104979843
24.875,32.125,22.3411197558127
24.875,32.375,22.316693488366
24.875,32.625,22.3488792721691
24.875,32.875,22.4033055279424
24.875,33.125,22.4093437715958
24.875,33.375,22.3437973189224
24.875,33.625,22.2301907304858
24.875,33.875,22.1085514370861
24.875,34.125,22.0060377954785
24.875,34.375,21.9061197687368
24.875,34.625,21.7783055435764
24.875,34.875,21.6835513922686
24.875,35.625,21.1069394304453
24.875,35.875,21.0608192245817
24.875,36.125,20.9946443630698
24.875,36.375,20.881502240082
24.875,36.625,20.7507918884194
24.875,36.875,20.6528956772851
24.875,37.125,20.5767481548539
24.875,37.375,20.451802850421
24.875,37.625,20.2710651022489
24.875,37.875,20.094316521629
24.875,38.125,19.9911744425206
24.875,38.375,19.9542891861962
24.875,38.625,19.9406552914062
24.875,38.875,19.9321033576799
24.875,39.125,19.9221033633081
24.875,39.375,19.9050268449419
24.875,39.625,19.8816662329794
24.875,39.875,19.8468575190977
24.875,40.125,19.8335515006644
24.875,40.375,19.834644395797
24.875,40.625,19.8030323643502
24.875,40.875,19.7419394586907
25.125,31.875,22.5236061075346
25.125,32.125,22.441310924259
25.125,32.375,22.4345623287347
25.125,32.625,22.4895077585523
25.125,32.875,22.5492344580061
25.125,33.125,22.5477863739097
25.125,33.375,22.4707099362149
25.125,33.625,22.3390705598508
25.125,33.875,22.1946169691659
25.125,34.125,22.0712836062322
25.125,34.375,21.9583055621288
25.125,34.625,21.8314748878687
25.125,34.875,21.7596990137152
25.125,35.375,21.0983328324198
25.125,35.625,21.0836334150346
25.125,35.875,21.0268847512417
25.125,36.125,20.9665569399224
25.125,36.375,20.8701634328873
25.125,36.625,20.7423219315993
25.125,36.875,20.6252454538814
25.125,37.125,20.516912124196
25.125,37.375,20.3618028385392
25.125,37.625,20.1618028130036
25.125,37.875,19.9874585964641
25.125,38.125,19.919125218209
25.125,38.375,19.9279776844171
25.125,38.625,19.9211744376219
25.125,38.875,19.8728957228322
25.125,39.125,19.8061197703002
25.125,39.375,19.7443165596717
25.125,39.625,19.6993438402812
25.125,39.875,19.6714203136215
25.125,40.125,19.6925132183429
25.125,40.375,19.7187700766683
25.125,40.625,19.6857099663364
25.125,40.875,19.5933875516464
25.375,31.625,22.6496169918873
25.375,31.875,22.5785240631937
25.375,32.125,22.5301361031871
25.375,32.375,22.5531142552694
25.375,32.625,22.6208465346873
25.375,32.875,22.6698355752914
25.375,33.125,22.6548902271875
25.375,33.375,22.5745349738116
25.375,33.625,22.4361743249528
25.375,33.875,22.2741252190428
25.375,34.125,22.1293984605966
25.375,34.375,22.0024038690035
25.375,34.625,21.8698082960369
25.375,34.875,21.8067755308308
25.375,35.375,21.1013109644905
25.375,35.625,21.0832782052254
25.375,35.875,21.016748167778
25.375,36.125,20.9630869412031
25.375,36.375,20.8842891370012
25.375,36.625,20.7562290566867
25.375,36.875,20.608797365199
25.375,37.125,20.4683056138252
25.375,37.375,20.3075405027046
25.375,37.625,20.1294530779938
25.375,37.875,19.9884421577871
25.375,38.125,19.9516115657619
25.375,38.375,19.9819121256552
25.375,38.625,19.9716115597167
25.375,38.875,19.8952728125567
25.375,39.125,19.776556945238
25.375,39.375,19.6515569243926
25.375,39.625,19.5382236027327
25.375,39.875,19.4860924345548
25.375,40.125,19.5450542350936
25.375,40.375,19.6284695166708
25.375,40.625,19.6128137515542
25.375,40.875,19.5142891836948
25.625,31.625,22.6394803667329
25.625,31.875,22.6054093303576
25.625,32.125,22.6007645351639
25.625,32.375,22.6473491543629
25.625,32.625,22.7123765736981
25.625,32.875,22.735600617414
25.625,33.125,22.7073765582726
25.625,33.375,22.6382508564516
25.625,33.625,22.5172945710479
25.625,33.875,22.3569393679092
25.625,34.125,22.200409295129
25.625,34.375,22.0616115403306
25.625,34.625,21.9278956866655
25.625,34.875,21.8602453919708
25.625,35.375,21.1006552404393
25.625,35.625,21.0762563741924
25.625,35.875,21.0192891522183
25.625,36.125,20.9863656466124
25.625,36.375,20.9269120940745
25.625,36.625,20.8018028280123
25.625,36.875,20.6317754651679
25.625,37.125,20.4774039117365
25.625,37.375,20.3412290114523
25.625,37.625,20.2242345210633
25.625,37.875,20.1318301372841
25.625,38.125,20.0940979347854
25.625,38.375,20.0950542304034
25.625,38.625,20.0675132782733
25.625,38.875,19.9975952268298
25.625,39.125,19.8567207966997
25.625,39.375,19.640628009546
25.625,39.625,19.3892891446098
25.625,39.875,19.2679503602408
25.625,40.125,19.3479503985963
25.625,40.375,19.4955733330523
25.625,40.625,19.5416115620097
25.625,40.875,19.4861471196993
25.875,31.625,22.6292071316412
25.875,31.875,22.6220760501799
25.875,32.125,22.6509557578082
25.875,32.375,22.7096169685405
25.875,32.625,22.7503820064941
25.875,32.875,22.7441524964213
25.875,33.125,22.7089066114582
25.875,33.375,22.6578683801036
25.875,33.625,22.5680595877392
25.875,33.875,22.4302180608114
25.875,34.125,22.2807371785732
25.875,34.375,22.1402453907201
25.875,34.625,22.0103820217112
25.875,34.875,21.9271853243718
25.875,35.375,21.1210924471662
25.875,35.625,21.0841252165414
25.875,35.875,21.0408465015432
25.875,36.125,21.0290159319268
25.875,36.375,20.9904640072682
25.875,36.625,20.8755733458722
25.875,36.875,20.7086607615153
25.875,37.125,20.5741798838631
25.875,37.375,20.4812017451219
25.875,37.625,20.4145896682322
25.875,37.875,20.3386061256701
25.875,38.125,20.2615022815642
25.875,38.375,20.2004640506265
25.875,38.625,20.159835648667
25.875,38.875,20.1227864750096
25.875,39.125,19.9862563206198
25.875,39.375,19.673742745092
25.875,39.625,19.2612563769023
25.875,39.875,19.0382509413964
25.875,40.125,19.0892618627496
25.875,40.375,19.2647263156912
25.875,40.625,19.3821033884267
25.875,40.875,19.4183055976701
26.125,31.625,22.6365295472692
26.125,31.875,22.6489612391738
26.125,32.125,22.6933328649385
26.125,32.375,22.7431142317141
26.125,32.625,22.751201744288
26.125,32.875,22.7193437117696
26.125,33.125,22.6822672202939
26.125,33.375,22.6467754958106
26.125,33.625,22.5814476013184
26.125,33.875,22.4683602129827
26.125,34.125,22.3331142331733
26.125,34.375,22.1913656120092
26.125,34.625,22.043578721135
26.125,34.875,21.9159284185191
26.125,35.375,21.1734422100046
26.125,35.625,21.1203546836728
26.125,35.875,21.0858738331195
26.125,36.125,21.0866116018243
26.125,36.375,21.0677317270164
26.125,36.625,20.9738519804074
26.125,36.875,20.8201087889124
26.125,37.125,20.6980049779506
26.125,37.375,20.6267754705877
26.125,37.625,20.5693165148542
26.125,37.875,20.4774312243436
26.125,38.125,20.3674039163225
26.125,38.375,20.2744257932152
26.125,38.625,20.235873858134
26.125,38.875,20.2115843283023
26.125,39.125,20.0733875420576
26.125,39.375,19.714289196202
26.125,39.625,19.1659285305628
26.125,39.875,18.8556279458635
26.125,40.125,18.8705733565033
26.125,40.375,19.0342345237732
26.125,40.625,19.1936061343209
26.375,31.625,22.6685787002897
26.375,31.875,22.6863655809496
26.375,32.125,22.7302180378815
26.375,32.375,22.7615295837486
26.375,32.625,22.7442071737487
26.375,32.875,22.6939339038453
26.375,33.125,22.6539066241739
26.375,33.375,22.6261197074515
26.375,33.625,22.5732508174709
26.375,33.875,22.4691798100706
26.375,34.125,22.3246989172013
26.375,34.375,22.1534421378798
26.375,34.625,21.9571306249483
26.375,34.875,21.7415842097965
26.375,35.125,21.4733601710835
26.375,35.375,21.2710650918262
26.375,35.625,21.1696443505626
26.375,35.875,21.1321853054026
26.375,36.125,21.1442071518611
26.375,36.375,21.1497809873904
26.375,36.625,21.0829230240785
26.375,36.875,20.9299722212911
26.375,37.125,20.7869393864616
26.375,37.375,20.7013383302532
26.375,37.625,20.6227317559915
26.375,37.875,20.5198902484498
26.375,38.125,20.4260104653614
26.375,38.375,20.3513929570308
26.375,38.625,20.2863656445279
26.375,38.875,20.2222400467252
26.375,39.125,20.0957919339665
26.375,39.375,19.8761471399193
26.375,40.375,18.9784694916564
26.375,40.625,19.0876498535031
26.625,31.625,22.7077317211797
26.625,31.875,22.7189885644965
26.625,32.125,22.7513656303531
26.625,32.375,22.7684148100556
26.625,32.625,22.7383601652468
26.625,32.875,22.6790159204619
26.625,33.125,22.6324038896404
26.625,33.375,22.5973218907424
26.625,33.625,22.5354913127878
26.625,33.875,22.4136060287392
26.625,34.125,22.2332508420684
26.625,34.375,22.0099175093604
26.625,34.625,21.7791252032004
26.625,34.875,21.5838793613872
26.625,35.125,21.4284148294418
26.625,35.375,21.3169394164789
26.625,35.625,21.2244803475552
26.625,35.875,21.1750815031958
26.625,36.125,21.1980869001378
26.625,36.375,21.2369940762963
26.625,36.625,21.1975131790495
26.625,36.875,21.0443164637831
26.625,37.125,20.8762290256271
26.625,37.375,20.7565295943797
26.625,37.625,20.642895693336
26.625,37.875,20.5492344996968
26.625,38.125,20.4814202772464
26.625,38.375,20.4127591268612
26.625,38.625,20.3047263218405
26.625,38.875,20.1742618826569
26.625,39.125,20.0047263395591
26.625,39.375,19.8491252654237
26.875,31.625,22.7459284308178
26.875,31.875,22.7390978245136
26.875,32.125,22.7521033052538
26.875,32.375,22.7594803669414
26.875,32.625,22.7266661326091
26.875,32.875,22.6654093487015
26.875,33.125,22.6073492185666
26.875,33.375,22.5391524893339
26.875,33.625,22.4280322705462
26.875,33.875,22.2559011699072
26.875,34.125,22.029097901016
26.875,34.375,21.763387497657
26.875,34.625,21.5264749370637
26.875,34.875,21.4034968047846
26.875,35.125,21.3949722071163
26.875,35.375,21.4077864005917
26.875,35.625,21.3457372071313
26.875,35.875,21.2646989509708
26.875,36.125,21.2868847091341
26.875,36.375,21.3600541411853
26.875,36.625,21.3501088293524
26.875,36.875,21.2166935185917
26.875,37.125,21.0567208691373
26.875,37.375,20.9062836808585
26.875,37.625,20.7395623681324
26.875,37.875,20.6477044319195
26.875,38.125,20.5574312574876
26.875,38.375,20.5022400089952
26.875,38.875,20.049453081329
26.875,39.125,19.9392071916757
27.125,31.375,22.8581961907976
27.125,31.625,22.7919120892801
27.125,31.875,22.750791820672
27.125,32.125,22.7418300805848
27.125,32.375,22.7402727877507
27.125,32.625,22.7117481283803
27.125,32.875,22.6553547082703
27.125,33.125,22.5792890715469
27.125,33.375,22.4572945943947
27.125,33.625,22.2662289885224
27.125,33.875,22.0183875235052
27.125,34.125,21.7427863866254
27.125,34.375,21.453196225922
27.125,34.625,21.2419940760878
27.125,34.875,21.2280323101523
27.125,35.125,21.3869120488401
27.125,35.375,21.5410651118378
27.125,35.625,21.5308465332281
27.125,35.875,21.4326498052462
27.125,36.125,21.4393164368926
27.125,36.375,21.533469476335
27.125,36.625,21.5626771332788
27.125,36.875,21.4660104063691
27.125,37.125,21.3169120569698
27.125,37.375,21.1596716531639
27.125,37.625,20.920955829933
27.125,37.875,20.8428410649951
27.125,40.625,17.7951908372139
27.375,31.375,22.8863655986682
27.375,31.625,22.8199448715794
27.375,31.875,22.7621306591347
27.375,32.125,22.7368027525521
27.375,32.375,22.7287972820261
27.375,32.625,22.7067208003477
27.375,32.875,22.6564748847419
27.375,33.125,22.5638519714439
27.375,33.375,22.3927863907944
27.375,33.625,22.1285240975885
27.375,33.875,21.8079229782188
27.375,34.125,21.4793984616389
27.375,34.375,21.1741252127892
27.375,34.625,20.9966662021283
27.375,34.875,21.0778138077324
27.375,35.125,21.3724038640007
27.375,35.375,21.6561196905668
27.375,35.625,21.7367208407876
27.375,35.875,21.6781142604807
27.375,36.125,21.6651907644637
27.375,36.375,21.7351634645723
27.375,36.625,21.7805186412374
27.375,36.875,21.7198355732068
27.375,37.125,21.5390705827807
27.375,37.375,21.4363929925721
27.375,40.375,17.8983875728044
27.375,40.625,17.871693611145
27.625,31.375,22.9287699402356
27.625,31.625,22.8555459090269
27.625,31.875,22.7870213816075
27.625,32.125,22.7519120701024
27.625,32.375,22.7371032954565
27.625,32.625,22.7180323053579
27.625,32.875,22.6727044412999
27.625,33.125,22.5775131527843
27.625,33.375,22.3892071677036
27.625,33.625,22.0889612364639
27.625,33.875,21.7187700271606
27.625,34.125,21.3443164773326
27.625,34.375,21.0210378052758
27.625,34.625,20.8514476447809
27.625,34.875,20.9541525788646
27.625,35.125,21.3020214070388
27.625,35.375,21.6875678672165
27.625,35.625,21.9018027925752
27.625,35.875,21.9599995691268
27.625,36.125,21.9642344980292
27.625,36.375,21.9709558278485
27.625,36.625,21.9663656057556
27.625,36.875,21.9467481550623
27.625,40.375,17.9376498597567
27.625,40.625,17.9057372880112
27.625,40.875,17.9116935964491
27.875,31.125,23.092513183427
27.875,31.375,22.998551379136
27.875,31.625,22.9019667359649
27.875,31.875,22.8254639933018
27.875,32.125,22.7823218778183
27.875,32.375,22.7589886045195
27.875,32.625,22.7335514214521
27.875,32.875,22.6894257550683
27.875,33.125,22.6103273975393
27.875,33.375,22.4460924388281
27.875,33.625,22.1539065720605
27.875,33.875,21.7634695292822
27.875,34.125,21.3549994797003
27.875,34.375,21.0097263471676
27.875,34.625,20.8218301293628
27.875,34.875,20.8760104752629
27.875,35.125,21.1820760424671
27.875,35.375,21.6114202770379
27.875,35.625,21.9787973706188
27.875,35.875,22.2016661701307
27.875,36.125,22.2754913079934
27.875,36.375,22.2278410541555
27.875,36.625,22.1206552943245
27.875,36.875,22.0279776776423
27.875,40.625,17.8310378158027
27.875,40.875,17.8464749888644
27.875,42.125,17.0673493453062
27.875,42.375,17.0238520330419
27.875,42.625,16.9895351584492
28.125,31.125,23.1175951618966
28.125,31.375,23.0387426178312
28.125,31.625,22.9457099164119
28.125,31.875,22.8659831135651
28.125,32.125,22.8090432015925
28.125,32.375,22.7688246398676
28.125,32.625,22.7299175731471
28.125,32.875,22.6824857993204
28.125,33.125,22.6262016869634
28.125,33.375,22.5092617983375
28.125,33.625,22.2527044223306
28.125,33.875,21.8638793080231
28.125,34.125,21.4354913169569
28.125,34.375,21.0774585119362
28.125,34.625,20.8771853759641
28.125,34.875,20.8772673502646
28.125,35.125,21.0884968101001
28.125,35.375,21.4857918734108
28.125,35.625,21.9604639824622
28.125,35.875,22.3473492502515
28.125,36.125,22.5187973585285
28.125,36.375,22.4717754145138
28.125,36.625,22.3389612416752
28.125,40.375,17.7480870387593
28.125,40.625,17.7373219943437
28.125,40.875,17.7312837741414
28.125,41.625,17.2164750503061
28.125,41.875,17.1621034562262
28.125,42.125,17.0902728878084
28.125,42.375,17.0219667713499
28.125,42.625,16.9546444207593
28.125,42.875,16.8577591708449
28.125,43.125,16.7516935757601
28.125,43.375,16.6626499090038
28.375,31.125,23.1530049433474
28.375,31.375,23.0822399691806
28.375,31.625,23.0018847627067
28.375,31.875,22.9143710735717
28.375,32.125,22.8271852920616
28.375,32.375,22.75683004348
28.375,32.625,22.7013382781399
28.375,32.875,22.6512836028969
28.375,33.125,22.613141581009
28.375,33.375,22.5311743991622
28.375,33.625,22.3040159048278
28.375,33.875,21.9240705302504
28.375,34.125,21.5018027884061
28.375,34.375,21.1657099541419
28.375,34.625,20.9812290551233
28.375,34.875,20.9487700436285
28.375,35.125,21.06991760848
28.375,35.375,21.3955460141917
28.375,35.625,21.9046989816134
28.375,35.875,22.4013929471292
28.375,36.125,22.6611470394447
28.375,36.375,22.6593983499079
28.375,36.625,22.5472673040922
28.375,40.375,17.7050542180004
28.375,40.625,17.6451362104364
28.375,40.875,17.6096990538425
28.375,41.625,17.214480489981
28.375,41.875,17.1548629953562
28.375,42.125,17.0795897838196
28.375,42.375,17.0090160369873
28.375,42.625,16.9426499299013
28.375,42.875,16.8631416656932
28.375,43.125,16.7703001655516
28.375,43.375,16.6859559192032
28.625,31.125,23.2067481129547
28.625,31.375,23.1372125813218
28.625,31.625,23.068933929902
28.625,31.875,22.9689339392824
28.625,32.125,22.8398628912337
28.625,32.375,22.729289106984
28.625,32.625,22.6582235690674
28.625,32.875,22.6126224538668
28.625,33.125,22.5846169841746
28.625,33.375,22.5096170185694
28.625,33.625,22.288496762677
28.625,33.875,21.9233328084477
28.625,34.125,21.535846460061
28.625,34.375,21.2529776630506
28.625,34.625,21.1060377756755
28.625,34.875,21.0677864043439
28.625,35.125,21.1459830784407
28.625,35.375,21.4151088188255
28.625,35.625,21.8928410550936
28.625,35.875,22.4129230676453
28.625,36.125,22.7305185964199
28.625,36.375,22.7914476081973
28.625,36.625,22.7222945468673
28.625,40.375,17.6441252791816
28.625,40.625,17.5446990669751
28.625,40.875,17.4900815447823
28.625,41.375,17.2499996039385
28.625,41.625,17.2165569737961
28.625,41.875,17.1406553351814
28.625,42.125,17.0588521045414
28.625,42.375,16.9934148944792
28.625,42.625,16.9385241967081
28.625,42.875,16.8759832564599
28.625,43.125,16.7963657340065
28.625,43.375,16.7004094449549
28.625,43.625,16.5932783155493
28.625,43.875,16.5279777466925
28.625,44.375,16.2348083902578
28.875,30.875,23.4281415522424
28.875,31.125,23.2954093380704
28.875,31.375,23.1916115296994
28.875,31.625,23.124944848441
28.875,31.875,23.0153273389639
28.875,32.125,22.843933918437
28.875,32.375,22.6898902413624
28.875,32.625,22.6039885849249
28.875,32.875,22.5688519503901
28.875,33.125,22.5433055637964
28.875,33.375,22.4544803692343
28.875,33.625,22.2292344869812
28.875,33.875,21.891474927058
28.875,34.125,21.5622126261393
28.875,34.375,21.3418574255021
28.875,34.625,21.2382235996059
28.875,34.875,21.224125200282
28.875,35.125,21.318961250326
28.875,35.375,21.577239953755
28.875,35.625,22.0058191877897
28.875,35.875,22.4745076966416
28.875,36.125,22.790327358767
28.875,36.375,22.8763656147191
28.875,36.625,22.808141505132
28.875,40.375,17.5835242271423
28.875,40.625,17.4521580732585
28.875,40.875,17.380655346021
28.875,41.375,17.222977729443
28.875,41.625,17.2027864560403
28.875,41.875,17.1276499221885
28.875,42.125,17.0432783215424
28.875,42.375,16.9833876057401
28.875,42.625,16.9424586348195
28.875,42.875,16.8932236661025
28.875,43.125,16.8313657442729
28.875,43.375,16.7487974440465
28.875,43.625,16.645518769332
28.875,43.875,16.5456827286163
28.875,44.125,16.4303275014533
28.875,44.375,16.3048356817068
29.125,30.875,23.4693983578291
29.125,31.125,23.3420486450195
29.125,31.375,23.2203546638697
29.125,31.625,23.1449721133123
29.125,31.875,23.0335240859152
29.125,32.125,22.8379776282389
29.125,32.375,22.6486880870465
29.125,32.625,22.5418027658932
29.125,32.875,22.5035787540707
29.125,33.125,22.469343779517
29.125,33.375,22.3657918106663
29.125,33.625,22.1503546459427
29.125,33.875,21.8618847424867
29.125,34.125,21.6029776536702
29.125,34.375,21.4439339741983
29.125,34.625,21.3863383043008
29.125,34.875,21.4236880807929
29.125,35.125,21.5711470874932
29.125,35.375,21.8454093594369
29.125,35.625,22.2325951518908
29.125,35.875,22.6279229909344
29.125,36.125,22.8932235227908
29.125,36.375,22.9542618214758
29.125,40.625,17.3571307151044
29.125,40.875,17.3180324184439
29.125,41.375,17.2074586315885
29.125,41.625,17.1991799073141
29.125,41.875,17.1287154995027
29.125,42.125,17.0430050912451
29.125,42.375,16.981556978382
29.125,42.625,16.9463657160274
29.125,42.875,16.9049995974765
29.125,43.125,16.8546170745391
29.125,43.375,16.7957373160482
29.125,43.625,16.7088520709283
29.125,43.875,16.6057646939012
29.125,44.125,16.4821033855605
29.125,44.375,16.329808371966
29.125,44.625,16.1943165812987
29.375,30.875,23.5190978441082
29.375,31.125,23.3966934537627
29.375,31.375,23.2499175306226
29.375,31.625,23.1441797662954
29.375,31.875,23.027977625529
29.375,32.125,22.8341525135145
29.375,32.375,22.6262016765407
29.375,32.625,22.4901361309114
29.375,32.875,22.4282781934478
29.375,33.125,22.3774585723877
29.375,33.375,22.2715022446679
29.375,33.625,22.0878137473852
29.375,33.875,21.8640432097221
29.375,34.125,21.672895686874
29.375,34.375,21.5686060900245
29.375,34.625,21.5612290648163
29.375,34.875,21.6526498455819
29.375,35.125,21.8442891152179
29.375,35.375,22.1334421126569
29.375,35.625,22.4867754712131
29.375,35.875,22.8156825102092
29.375,36.125,23.0153820788274
29.375,41.375,17.2266935702882
29.375,41.625,17.2195898118566
29.375,41.875,17.1490980054511
29.375,42.125,17.0547537074063
29.375,42.375,16.9793165681141
29.375,42.625,16.9420214767665
29.375,42.875,16.8998083938015
29.375,43.125,16.852595240692
29.375,43.375,16.8124859424237
29.375,43.625,16.7513657632421
29.375,43.875,16.6674313154377
29.375,44.125,16.5507100058384
29.375,44.375,16.3918029050358
29.375,44.625,16.2418302460446
29.625,31.125,23.4517207744994
29.625,31.375,23.3094257031634
29.625,31.625,23.1653819996151
29.625,31.875,23.0253273593923
29.625,32.125,22.846857446139
29.625,32.375,22.6422672584409
29.625,32.625,22.4814475898534
29.625,32.875,22.3877863701575
29.625,33.125,22.3193710671097
29.625,33.375,22.222157952564
29.625,33.625,22.0809830785449
29.625,33.875,21.9181689434364
29.625,34.125,21.7818848083579
29.625,34.375,21.7185514325001
29.625,34.625,21.7507098750339
29.625,34.875,21.8759011414533
29.625,35.125,22.0823492847505
29.625,35.375,22.3587425784335
29.625,35.625,22.6787153567121
29.625,35.875,22.9707645718517
29.625,36.125,23.1425951139523
29.625,41.375,17.2648903424623
29.625,41.625,17.255518733478
29.625,41.875,17.1811471662886
29.625,42.125,17.067813810755
29.625,42.375,16.9678958022529
29.625,42.625,16.919097968138
29.625,42.875,16.8778685038207
29.625,43.125,16.8322127243209
29.625,43.375,16.8014203472867
29.625,43.625,16.7672946870001
29.625,43.875,16.7130051076086
29.625,44.125,16.6206827163696
29.625,44.375,16.4747537354954
29.625,44.625,16.2966935999406
29.625,44.875,16.1722947261373
29.875,31.125,23.5265842083373
29.875,31.375,23.3931415641243
29.875,31.625,23.2152727210457
29.875,31.875,23.0515022277832
29.875,32.125,22.88868795718
29.875,32.375,22.702950289992
29.875,32.625,22.5328136767195
29.875,32.875,22.415737219847
29.875,33.125,22.3345623693831
29.875,33.375,22.2519121013704
29.875,33.625,22.1491797973549
29.875,33.875,22.0289339055129
29.875,34.125,21.9243437813931
29.875,34.375,21.8801634116251
29.875,34.625,21.9273219030412
29.875,34.875,22.0571306807096
29.875,35.125,22.2459011286334
29.875,35.375,22.4837426461809
29.875,35.625,22.7752180881188
29.875,35.875,23.0679775821707
29.875,36.125,23.2525404372502
29.875,41.125,17.2966116139146
29.875,41.375,17.3089886858164
29.875,41.625,17.2925133053722
29.875,41.875,17.2145078195249
29.875,42.125,17.0865023722414
29.875,42.375,16.9618301886678
29.875,42.625,16.8945078250489
29.875,42.875,16.8498903389186
29.875,43.125,16.8109832135706
29.875,43.375,16.7937701230492
29.875,43.625,16.7789613770657
29.875,43.875,16.7592619234096
29.875,44.125,16.7106826500814
29.875,44.375,16.5988520859369
29.875,44.625,16.4224313178349
29.875,44.875,16.2396171509894
29.875,45.125,16.083305623362
29.875,45.375,15.8818302519334
29.875,45.625,15.661939532379
30.125,31.375,23.4497535736834
30.125,31.625,23.280218035797
30.125,31.875,23.10530004345
30.125,32.125,22.9551361167366
30.125,32.375,22.7966388483517
30.125,32.625,22.6360377431567
30.125,32.875,22.5112836504243
30.125,33.125,22.4245076622468
30.125,33.375,22.3484694371458
30.125,33.625,22.264644330968
30.125,33.875,22.1676224619964
30.125,34.125,22.0734694538221
30.125,34.375,22.0282235692759
30.125,34.625,22.0675677836267
30.125,34.875,22.1800268178429
30.125,35.125,22.332431204332
30.125,35.375,22.5237972853614
30.125,35.625,22.7921853039434
30.125,35.875,23.0937153811012
30.125,36.125,23.3021579127494
30.125,41.125,17.3186061812229
30.125,41.375,17.3399723162417
30.125,41.625,17.3167209338621
30.125,41.875,17.2366935985336
30.125,42.125,17.0992072840206
30.125,42.375,16.9557099889536
30.125,42.625,16.8692619526973
30.125,42.875,16.817813826389
30.125,43.125,16.7888247888596
30.125,43.375,16.7913383890371
30.125,43.625,16.799699064161
30.125,43.875,16.8104368168148
30.125,44.125,16.8036061818482
30.125,44.375,16.7387154818884
30.125,44.625,16.5923767011674
30.125,44.875,16.4000543388513
30.125,45.125,16.1997810621731
30.125,45.375,15.960628066558
30.125,45.625,15.7023493904885
30.375,31.375,23.5310103723912
30.375,31.625,23.3584148063034
30.375,31.875,23.1760104236707
30.375,32.125,23.0268027560958
30.375,32.375,22.8931142463059
30.375,32.625,22.7566661678377
30.375,32.875,22.6395623514561
30.375,33.125,22.5482235267514
30.375,33.375,22.4640978620352
30.375,33.625,22.3774584942177
30.375,33.875,22.2841252082033
30.375,34.125,22.1932235623969
30.375,34.375,22.1457918458949
30.375,34.625,22.1736334034654
30.375,34.875,22.263524078932
30.375,35.125,22.3755459446725
30.375,35.375,22.5235787792935
30.375,35.625,22.7600540880297
30.375,35.875,23.0553000246892
30.375,36.125,23.2807645120256
30.375,41.375,17.3769668151772
30.375,41.625,17.3407646345962
30.375,41.875,17.2522673841383
30.375,42.125,17.1061744429375
30.375,42.375,16.9480870512665
30.375,42.625,16.8461471515926
30.375,42.875,16.78625645403
30.375,43.125,16.7630050911929
30.375,43.375,16.7825679127636
30.375,43.625,16.8172673957595
30.375,43.875,16.850518771208
30.375,44.125,16.8749996117555
30.375,44.375,16.8558466173912
30.375,44.625,16.7510105508273
30.375,44.875,16.5646717248719
30.375,45.125,16.3278685046024
30.375,45.375,16.0577865181073
30.375,45.625,15.7282783099211
30.375,45.875,15.4584969314721
30.625,31.625,23.3712836614723
30.625,31.875,23.2340431838739
30.625,32.125,23.0919393893799
30.625,32.375,22.9741525128891
30.625,32.625,22.864562362921
30.625,32.875,22.7619667522243
30.625,33.125,22.6666388954621
30.625,33.375,22.563469454239
30.625,33.625,22.4558738072713
30.625,33.875,22.3517208359932
30.625,34.125,22.2634421280824
30.625,34.375,22.2216934975379
30.625,34.625,22.2489066202132
30.625,34.875,22.3289612499091
30.625,35.125,22.421201726778
30.625,35.375,22.5323764873984
30.625,35.625,22.7231142429706
30.625,35.875,22.9935786867402
30.625,36.125,23.2689612862842
30.625,36.375,23.4816660750759
30.625,36.625,23.5780595873223
30.625,36.875,23.5817480816867
30.625,41.125,17.4836061847666
30.625,41.375,17.4330596767488
30.625,41.625,17.374070688675
30.625,41.875,17.2742892614479
30.625,42.125,17.1238247371111
30.625,42.375,16.9605734074702
30.625,42.625,16.841229107862
30.625,42.875,16.7648903007716
30.625,43.125,16.744289236642
30.625,43.375,16.773961347309
30.625,43.625,16.8222947277007
30.625,43.875,16.8701908601438
30.625,44.125,16.9128138563021
30.625,44.375,16.9328138463484
30.625,44.625,16.8737700923544
30.625,44.875,16.7022946701675
30.625,45.125,16.4541799461907
30.625,45.375,16.1843165765043
30.625,45.625,15.8636608228006
30.625,45.875,15.5454094501141
30.625,46.125,15.3839614026533
30.875,31.625,23.3993983972268
30.875,31.875,23.2806824856117
30.875,32.125,23.149316480251
30.875,32.375,23.0449448205083
30.875,32.625,22.960518665001
30.875,32.875,22.8801634116251
30.875,33.125,22.7872399710567
30.875,33.375,22.6643984070241
30.875,33.625,22.5225951762799
30.875,33.875,22.3890978286827
30.875,34.125,22.2912563000872
30.875,34.375,22.2593710253147
30.875,34.625,22.302103305775
30.875,34.875,22.3953273856575
30.875,35.125,22.4867207990969
30.875,35.375,22.5720486823327
30.875,35.625,22.7147809221445
30.875,35.875,22.9480322749237
30.875,36.125,23.2223219063764
30.875,36.375,23.4528683625935
30.875,36.625,23.5648081784691
30.875,36.875,23.5690978263897
30.875,41.125,17.4978957853682
30.875,41.375,17.4689886609062
30.875,41.625,17.4072400520408
30.875,41.875,17.3026498758076
30.875,42.125,17.1542892195488
30.875,42.375,16.9931690367193
30.875,42.625,16.8607373133383
30.875,42.875,16.772212768513
30.875,43.125,16.7463110757004
30.875,43.375,16.7713111241659
30.875,43.625,16.8167209182281
30.875,43.875,16.8633602746849
30.875,44.125,16.9163930350965
30.875,44.375,16.9703001780588
30.875,44.625,16.9536061821088
30.875,44.875,16.8023220463529
30.875,45.125,16.554753710012
30.875,45.375,16.3139340682108
30.875,45.625,16.0384969164114
30.875,45.875,15.7003275240705
30.875,46.125,15.3965024218533
30.875,46.375,15.1778411930376
31.125,31.625,23.4062836600132
31.125,31.875,23.3003547491272
31.125,32.125,23.186802759848
31.125,32.375,23.105983113982
31.125,32.625,23.0516661815956
31.125,32.875,23.0019393670754
31.125,33.125,22.9274038773417
31.125,33.375,22.7956279066742
31.125,33.625,22.6218300960103
31.125,33.875,22.4509557869916
31.125,34.125,22.3292617902078
31.125,34.375,22.2965022540483
31.125,34.625,22.3556551907232
31.125,34.875,22.4666115130232
31.125,35.125,22.5648355640349
31.125,35.375,22.6416661361528
31.125,35.625,22.7627590836072
31.125,35.875,22.9734420828481
31.125,36.125,23.2389611885196
31.125,36.375,23.472841023096
31.125,36.625,23.586092365244
31.125,36.875,23.5705185457657
31.125,41.125,17.5199996004991
31.125,41.375,17.5015023288831
31.125,41.625,17.4422127327632
31.125,41.875,17.3369121994477
31.125,42.125,17.1906827004229
31.125,42.375,17.0337701286775
31.125,42.625,16.8955733971518
31.125,42.875,16.8009832621924
31.125,43.125,16.7679231049585
31.125,43.375,16.7791799925716
31.125,43.625,16.8076771829949
31.125,43.875,16.846447725765
31.125,44.125,16.9020487728015
31.125,44.375,16.9824313049108
31.125,44.625,16.9999449565762
31.125,44.875,16.869644424303
31.125,45.125,16.6299996428151
31.125,45.375,16.4103275179212
31.125,45.625,16.1615023443608
31.125,45.875,15.7981690148838
31.125,46.125,15.3798903715415
31.125,46.375,15.0374040440783
31.125,46.625,14.8079504784339
31.375,31.625,23.3945622991343
31.375,31.875,23.3042071034999
31.375,32.125,23.2056552126108
31.375,32.375,23.1521852785121
31.375,32.625,23.1284147794129
31.375,32.875,23.1134967491275
31.375,33.125,23.0699994551028
31.375,33.375,22.9549175533441
31.375,33.625,22.7771306116073
31.375,33.875,22.5840432422409
31.375,34.125,22.4368027546367
31.375,34.375,22.3905459596811
31.375,34.625,22.4474858377801
31.375,34.875,22.5596442769785
31.375,35.125,22.6599448209252
31.375,35.375,22.7442344498765
31.375,35.625,22.8716661109299
31.375,35.875,23.082403844823
31.375,36.125,23.337895648727
31.375,36.375,23.5539611858097
31.375,36.625,23.6558464498468
31.375,41.125,17.5290160205195
31.375,41.375,17.5140159820598
31.375,41.625,17.4638520433603
31.375,41.875,17.3678957725483
31.375,42.125,17.2239340250609
31.375,42.375,17.0699722832018
31.375,42.625,16.9348356658644
31.375,42.875,16.8409559166497
31.375,43.125,16.8014204215482
31.375,43.375,16.7984422347585
31.375,43.625,16.8087974506649
31.375,43.875,16.8349449908147
31.375,44.125,16.89027286097
31.375,44.375,16.9827045469336
31.375,44.625,17.0274586065219
31.375,44.875,16.9146444536949
31.375,45.125,16.6775678962958
31.375,45.375,16.4602455141766
31.375,45.625,16.1980596891518
31.375,45.875,15.7833603353448
31.375,46.125,15.2810105860559
31.375,46.375,14.8911745971669
31.375,46.625,14.7067209651561
31.625,31.625,23.3846989303339
31.625,31.875,23.3056824845694
31.625,32.125,23.2254639662029
31.625,32.375,23.1885240898758
31.625,32.625,23.1856825208403
31.625,32.875,23.1991798109044
31.625,33.125,23.1914748780714
31.625,33.375,23.1153820746583
31.625,33.625,22.9655732378934
31.625,33.875,22.7816661772181
31.625,34.125,22.6269120388344
31.625,34.375,22.5569120834434
31.625,34.625,22.5866661592911
31.625,34.875,22.6808191361974
31.625,35.125,22.7764748797391
31.625,35.375,22.8688793078146
31.625,35.625,23.0108191432849
31.625,35.875,23.2291251427489
31.625,36.125,23.4663108919488
31.625,36.375,23.6468574336318
31.625,36.625,23.7234694267231
31.625,41.375,17.4960924862512
31.625,41.625,17.4507372861351
31.625,41.875,17.3734149020878
31.625,42.125,17.2489613626824
31.625,42.375,17.102185442148
31.625,42.625,16.9662291521583
31.625,42.875,16.8696444568738
31.625,43.125,16.8296171159692
31.625,43.375,16.8194258538752
31.625,43.625,16.8166116612857
31.625,43.875,16.8360925033444
31.625,44.125,16.8917755898231
31.625,44.375,16.9858466041544
31.625,44.625,17.0433602763004
31.625,44.875,16.9463930351487
31.625,45.125,16.7187974348746
31.625,45.375,16.4812017789955
31.625,45.625,16.1716936077577
31.625,45.875,15.6823220643841
31.625,46.125,15.1374040171097
31.625,46.375,14.8167482992339
31.875,31.625,23.3843437465814
31.875,31.875,23.3178136231469
31.875,32.125,23.252021325742
31.875,32.375,23.2185787503185
31.875,32.625,23.2229230026078
31.875,32.875,23.2516388606504
31.875,33.125,23.2679775946779
31.875,33.375,23.2300541413938
31.875,33.625,23.1289065626801
31.875,33.875,22.9890978349363
31.875,34.125,22.8519120867787
31.875,34.375,22.7551907033868
31.875,34.625,22.7359011290503
31.875,34.875,22.7981415628735
31.875,35.125,22.8857918411005
31.875,35.375,22.988578707794
31.875,35.625,23.1411197068261
31.875,35.875,23.3530868832531
31.875,36.125,23.5549721483324
31.875,36.375,23.6900814348231
31.875,36.625,23.742622417179
31.875,41.625,17.3969941868808
31.875,41.875,17.355955871728
31.875,42.125,17.2676499163518
31.875,42.375,17.1321853992066
31.875,42.625,16.9888794044328
31.875,42.875,16.8832782917335
31.875,43.125,16.8385242347509
31.875,43.375,16.8210651848486
31.875,43.625,16.812185417759
31.875,43.875,16.8386061986287
31.875,44.125,16.9071034421035
31.875,44.375,17.0043985465837
31.875,44.625,17.0646990687469
31.875,44.875,16.9832236779844
31.875,45.125,16.7637428064815
31.875,45.375,16.4845078173882
31.875,45.625,16.0841799980956
31.875,45.875,15.5162018465866
31.875,46.125,15.01491769676
32.125,31.375,23.4503273677305
32.125,31.625,23.4051633793148
32.125,31.875,23.3427590281586
32.125,32.125,23.2833601529481
32.125,32.375,23.2523765303398
32.125,32.625,23.2560377381538
32.125,32.875,23.2816934325005
32.125,33.125,23.2967207809615
32.125,33.375,23.2755186153891
32.125,33.625,23.2200813970931
32.125,33.875,23.1413382858527
32.125,34.125,23.034015895239
32.125,34.375,22.9033601375225
32.125,34.625,22.8204093057601
32.125,34.875,22.8442618000051
32.125,35.125,22.9232782040789
32.125,35.375,23.0534967516289
32.125,35.625,23.2183875255897
32.125,35.875,23.4080595579304
32.125,36.125,23.5654093163912
32.125,36.375,23.6626497383326
32.125,41.625,17.3431143969135
32.125,41.875,17.3222127377661
32.125,42.125,17.2767755529268
32.125,42.375,17.1637427715656
32.125,42.625,17.0095897815267
32.125,42.875,16.8843985307412
32.125,43.125,16.8253001697728
32.125,43.375,16.7981963261881
32.125,43.625,16.7904367772608
32.125,43.875,16.8363110940964
32.125,44.125,16.9306827008398
32.125,44.375,17.0393165239219
32.125,44.625,17.1076772017557
32.125,44.875,17.0413110790357
32.125,45.125,16.8217209193224
32.125,45.375,16.4721034706616
32.125,45.625,15.954152670063
32.125,45.875,15.3269395619794
32.125,46.125,14.8669942207024
32.375,29.625,23.7366387570491
32.375,31.375,23.4862289845618
32.375,31.625,23.4342890723807
32.375,31.875,23.3725404947833
32.375,32.125,23.321638795196
32.375,32.375,23.3002727018679
32.375,32.625,23.2964202276344
32.375,32.875,23.3001634201717
32.375,33.125,23.2876223840349
32.375,33.375,23.2571579563162
32.375,33.625,23.2308464362973
32.375,33.875,23.2057918329708
32.375,34.125,23.1188246200645
32.375,34.375,22.9413655859525
32.375,34.625,22.7918027658932
32.375,34.875,22.7930322553291
32.375,35.125,22.8819940181378
32.375,35.375,23.0673492462909
32.375,35.625,23.2315841528887
32.375,35.875,23.3961743370431
32.375,36.125,23.5090705475521
32.375,41.875,17.2604367719973
32.375,42.125,17.2662291188058
32.375,42.375,17.1895625161343
32.375,42.625,17.0339340277708
32.375,42.875,16.8896170835026
32.375,43.125,16.8098902962898
32.375,43.375,16.7702728855154
32.375,43.625,16.7637155003886
32.375,43.875,16.8321034426246
32.375,44.125,16.9606007357113
32.375,44.375,17.0909012419278
32.375,44.625,17.1675406257963
32.375,44.875,17.1107100372106
32.375,45.125,16.8688794003158
32.375,45.375,16.4260925373744
32.375,45.625,15.8348630230283
32.375,45.875,15.2289341088853
32.375,46.125,14.8360925645776
32.625,29.375,23.4848082912424
32.625,29.625,23.6204366423393
32.625,31.125,23.6812836277029
32.625,31.375,23.5807371608547
32.625,31.625,23.4890979131063
32.625,31.875,23.4159558249302
32.625,32.125,23.3793711062989
32.625,32.375,23.3679502831131
32.625,32.625,23.3491251273233
32.625,32.875,23.3173765536866
32.625,33.125,23.2636606654183
32.625,33.375,23.2083874426253
32.625,33.625,23.1951361015195
32.625,33.875,23.2029502691467
32.625,34.125,23.1145622795397
32.625,34.375,22.8910377429483
32.625,34.625,22.6922399072699
32.625,35.375,23.126311005139
32.625,35.625,23.2349721460395
32.625,35.875,23.3771306022269
32.625,36.125,23.4770486081233
32.625,41.875,17.1874039837571
32.625,42.125,17.2372127491268
32.625,42.375,17.2042619204912
32.625,42.625,17.0612837629891
32.625,42.875,16.9031417278644
32.625,43.125,16.8021034516923
32.625,43.375,16.7445077974288
32.625,43.625,16.7372673352559
32.625,43.875,16.8318848662038
32.625,44.125,17.0031690336967
32.625,44.375,17.155901262669
32.625,44.625,17.2213657228022
32.625,44.875,17.147649895298
32.625,45.125,16.8642345764598
32.625,45.375,16.3405461011689
32.625,45.625,15.756092535342
32.625,45.875,15.2618576112341
32.875,28.625,23.556748145265
32.875,28.875,23.4734420984821
32.875,29.125,23.3916935008732
32.875,29.375,23.3880595431302
32.875,31.125,23.7140432029474
32.875,31.375,23.6543164070838
32.875,31.625,23.5603546601176
32.875,31.875,23.4860924111038
32.875,32.125,23.4616661540798
32.875,32.375,23.4526224292693
32.875,32.625,23.4099722117023
32.875,32.875,23.3375678036382
32.875,33.125,23.2454912467081
32.875,33.375,23.1709284339446
32.875,33.625,23.1601633791064
32.875,33.875,23.1745077247828
32.875,34.125,23.0782781246581
32.875,34.375,22.8281688585959
32.875,34.625,22.5950268396263
32.875,35.375,23.1506552357491
32.875,35.625,23.248824619856
32.875,35.875,23.3798082330839
32.875,36.125,23.4678136481613
32.875,41.875,17.1292892205911
32.875,42.125,17.1927865059649
32.875,42.375,17.1968302257725
32.875,42.625,17.0822127842512
32.875,42.875,16.9204367783552
32.875,43.125,16.8047810512814
32.875,43.375,16.7338520685832
32.875,43.625,16.7257373293892
32.875,43.875,16.8450269412473
32.875,44.125,17.0533056545779
32.875,44.375,17.2140433149911
32.875,44.625,17.2482236434853
32.875,44.875,17.142048752373
32.875,45.125,16.8542892594155
32.875,45.375,16.2597264110065
32.875,45.625,15.6569941682242
32.875,45.875,15.0970215413088
33.125,28.375,23.8847262377296
33.125,28.625,23.683715361715
33.125,28.875,23.5331688969513
33.125,29.125,23.4251907067221
33.125,31.375,23.7223491825041
33.125,31.625,23.6385787328084
33.125,31.875,23.5778409718164
33.125,32.125,23.5603273318765
33.125,32.375,23.5414475352386
33.125,32.625,23.4674858551859
33.125,32.875,23.3536333699044
33.125,33.125,23.2342617629004
33.125,33.375,23.1547536016162
33.125,33.625,23.1457371842014
33.125,33.875,23.1584147729509
33.125,34.125,23.0672126102969
33.125,34.375,22.8219940310619
33.125,34.625,22.5666115401221
33.125,35.375,23.1648355390205
33.125,35.625,23.2829503022908
33.125,35.875,23.4090705204531
33.125,36.125,23.4908464098237
33.125,42.125,17.1534695442908
33.125,42.375,17.1692892475858
33.125,42.625,17.0805187407739
33.125,42.875,16.9288520265798
33.125,43.125,16.8109559074777
33.125,43.375,16.738114354389
33.125,43.625,16.7347810646224
33.125,43.875,16.8721854282859
33.125,44.125,17.1039067044284
33.125,44.375,17.2639067420543
33.125,44.625,17.2439886859206
33.125,44.875,17.118305597149
33.125,45.125,16.9645898068537
33.125,45.875,14.6163111410506
33.125,46.125,14.4639887392847
33.375,28.125,24.2882508449867
33.375,28.375,24.1405732566542
33.375,31.375,23.8379229352774
33.375,31.625,23.7324858076585
33.375,31.875,23.6682235061145
33.375,32.125,23.6539066085399
33.375,32.375,23.6163929016864
33.375,32.625,23.5061197020317
33.375,32.875,23.357403786456
33.375,33.125,23.2255459196581
33.375,33.375,23.154972123318
33.375,33.625,23.1550814571276
33.375,33.875,23.1728956139153
33.375,34.125,23.1061743334994
33.375,34.375,22.8965022186113
33.375,34.625,22.6612563315636
33.375,35.375,23.216283584553
33.375,35.625,23.3311743762324
33.375,35.875,23.4491251596336
33.375,36.125,23.5269939651906
33.375,42.125,17.1053547989475
33.375,42.375,17.1313657395827
33.375,42.625,17.0653274801911
33.375,42.875,16.9323220200877
33.375,43.125,16.8225952419427
33.375,43.375,16.7536334913285
33.375,43.625,16.7543985074987
33.375,43.875,16.9090979529209
33.375,44.125,17.1609832028874
33.375,44.375,17.3161744602391
33.375,44.625,17.225655313398
33.375,44.875,17.0116116518531
33.375,45.125,16.8814750382158
33.375,45.875,14.4796444874644
33.375,46.125,14.450573467166
33.625,27.625,25.1516387918608
33.625,27.875,24.9474311317902
33.625,28.125,24.5979775913426
33.625,31.125,24.219890198421
33.625,31.375,24.0105458869309
33.625,31.625,23.835245408647
33.625,31.875,23.7369666907305
33.625,32.125,23.709671567698
33.625,32.375,23.6474038369017
33.625,32.625,23.5093710643998
33.625,32.875,23.3453000386556
33.625,33.125,23.2180049197921
33.625,33.375,23.1668847662504
33.625,33.625,23.1870486723269
33.625,33.875,23.2228136948549
33.625,34.125,23.1954093005488
33.625,34.375,23.0502727227133
33.625,34.625,22.863824651541
33.625,34.875,22.8796716335693
33.625,35.375,23.2540705060698
33.625,35.625,23.3508464781964
33.625,35.875,23.4624039123619
33.625,36.125,23.5549174762163
33.625,42.125,17.0738247418013
33.625,42.375,17.1017209271916
33.625,42.625,17.0549996641816
33.625,42.875,16.9394258619006
33.625,43.125,16.8389067206878
33.625,43.375,16.7739886742472
33.625,43.625,16.7772400366153
33.625,43.875,16.9408193233886
33.625,44.125,17.2167209197915
33.625,44.375,17.398633472255
33.625,44.875,16.8375406056805
33.625,45.125,16.7688794240274
33.625,45.875,14.5214750584357
33.875,27.125,25.9974857288632
33.875,27.375,25.9093709382855
33.875,27.625,25.6292617203759
33.875,27.875,25.302431085722
33.875,31.125,24.2503000113482
33.875,31.375,24.0918027377519
33.875,31.625,23.9213382898133
33.875,31.875,23.7969393860447
33.875,32.125,23.716693476901
33.875,32.375,23.6145623264417
33.875,32.625,23.4634421093216
33.875,32.875,23.3118300933004
33.875,33.125,23.2131962228994
33.875,33.375,23.1985240269228
33.875,33.625,23.2490158914868
33.875,33.875,23.3106005413285
33.875,34.125,23.3274311420045
33.875,34.375,23.24964427948
33.875,34.625,23.1086060883569
33.875,34.875,23.0518847814675
33.875,35.375,23.2605732568626
33.875,35.625,23.3371305986832
33.875,35.875,23.4479776392869
33.875,36.125,23.5657645209891
33.875,42.125,17.0769395124717
33.875,42.375,17.0969394960039
33.875,42.625,17.0538794564419
33.875,42.875,16.9488793670154
33.875,43.125,16.8571034103143
33.875,43.375,16.7919941573847
33.875,43.625,16.7904914037777
33.875,43.875,16.9533875965681
33.875,44.125,17.2457646463738
33.875,44.375,17.449425804159
34.125,27.125,26.1181688308716
34.125,27.375,26.1474037587317
34.125,27.625,26.0944529830432
34.125,31.375,24.1157371593955
34.125,31.625,24.008496753505
34.125,31.875,23.8781415074249
34.125,32.125,23.7408464306691
34.125,32.375,23.5839339084313
34.125,32.625,23.419671605845
34.125,32.875,23.2865022179859
34.125,33.125,23.2279775702888
34.125,33.375,23.2570759455363
34.125,33.625,23.340573248316
34.125,33.875,23.4295623080978
34.125,34.125,23.484780910888
34.125,34.375,23.4573218705224
34.125,34.625,23.3466388358444
34.125,34.875,23.2539885943053
34.125,35.125,23.2620486431435
34.125,35.375,23.2662290041564
34.125,35.625,23.3250814656742
34.125,35.875,23.4453546597007
34.125,36.125,23.608360160244
34.125,36.375,23.7495350029951
34.125,42.125,17.0946990805245
34.125,42.375,17.102731853235
34.125,42.625,17.0568028825228
34.125,42.875,16.9603821306281
34.125,43.125,16.8742892155882
34.125,43.375,16.806147179317
34.125,43.625,16.7925952692501
34.125,43.875,16.9409559020579
34.125,44.125,17.2383056286254
34.125,44.375,17.4742072319072
34.375,27.125,26.1634966792956
34.375,27.375,26.2822671952795
34.375,27.625,26.3329502011909
34.375,27.875,26.3322124793881
34.375,31.625,24.0715294665978
34.375,31.875,23.9803546790868
34.375,32.125,23.8220759376151
34.375,32.375,23.6420759555421
34.375,32.625,23.4706006024053
34.375,32.875,23.3437426676516
34.375,33.125,23.3034147981737
34.375,33.375,23.3475131675845
34.375,33.625,23.4386879967862
34.375,33.875,23.5377317074218
34.375,34.125,23.6130869141042
34.375,34.375,23.6128137098635
34.375,34.625,23.5305732560288
34.375,34.875,23.4268847085088
34.375,35.125,23.3610923589904
34.375,35.375,23.3250814708856
34.375,35.625,23.3490705021092
34.375,35.875,23.4642344302818
34.375,36.125,23.6328137194524
34.375,36.375,23.7751361138182
34.375,36.625,23.8384967501698
34.375,42.125,17.1308465551157
34.375,42.375,17.1118302006539
34.375,42.625,17.0640160112433
34.375,42.875,16.9780050913493
34.375,43.125,16.8947536723861
34.375,43.375,16.8136335253064
34.375,43.625,16.7801908925583
34.375,43.875,16.9032782961111
34.375,44.125,17.2016116022412
34.375,44.375,17.4904914293133
34.375,44.625,17.5758466225504
34.625,27.125,26.2228135854169
34.625,27.375,26.3768846063666
34.625,27.625,26.4377316282095
34.625,27.875,26.3036333042416
34.625,28.125,25.9066114373546
34.625,28.375,25.3811742490758
34.625,28.625,25.0677316905371
34.625,28.875,24.9607917910717
34.625,31.875,24.0542890465325
34.625,32.125,23.9250267946004
34.625,32.375,23.7703000053031
34.625,32.625,23.6121033267245
34.625,32.875,23.5007098515828
34.625,33.125,23.4547809173501
34.625,33.375,23.4751360690007
34.625,33.625,23.5373765393033
34.625,33.875,23.6125131721705
34.625,34.125,23.676146986706
34.625,34.375,23.6892890461156
34.625,34.625,23.6419393925067
34.625,34.875,23.5547535640946
34.625,35.125,23.4655732118367
34.625,35.375,23.4032508454036
34.625,35.625,23.4026497491722
34.625,35.875,23.4996716181437
34.625,36.125,23.6491251356615
34.625,36.375,23.7658737735019
34.625,36.625,23.8034967776856
34.625,42.125,17.1622672940864
34.625,42.375,17.1152728190188
34.625,42.625,17.0686881346781
34.625,42.875,16.9920487742606
34.625,43.125,16.9089340303765
34.625,43.375,16.8136881400979
34.625,43.625,16.7540433341688
34.625,43.875,16.8419121705769
34.625,44.125,17.123223669542
34.625,44.375,17.4281690290065
34.625,44.625,17.5281417122304
34.875,27.125,26.4016114271404
34.875,27.375,26.5501906962994
34.875,27.625,26.6286880149216
34.875,27.875,26.5118846059497
34.875,28.125,26.1835513036759
34.875,28.875,24.9475130696114
34.875,29.125,25.0092343971378
34.875,29.375,25.0404912031413
34.875,32.375,23.8708737534903
34.875,32.625,23.7646715862503
34.875,32.875,23.6938792786312
34.875,33.125,23.6367754024235
34.875,33.375,23.6237973176716
34.875,33.625,23.6465841772778
34.875,33.875,23.6777316807398
34.875,34.125,23.700819156209
34.875,34.375,23.7058191195212
34.875,34.625,23.6832235211232
34.875,34.875,23.6190978607845
34.875,35.125,23.5317480785599
34.875,35.375,23.4691797944366
34.875,35.625,23.4674858343406
34.875,35.875,23.5487152631166
34.875,36.125,23.6696443245059
34.875,36.375,23.7508738106066
34.875,36.625,23.7586607021061
34.875,42.125,17.1958465940965
34.875,42.375,17.1288520182417
34.875,42.625,17.0708466123362
34.875,42.875,17.0018848721447
34.875,43.125,16.9195897722505
34.875,43.375,16.8139613625782
34.875,43.625,16.7280597139577
34.875,43.875,16.7766389898915
34.875,44.125,17.032868494753
34.875,44.375,17.3518028832524
34.875,44.625,17.5010651916754
34.875,45.875,14.3439341066965
34.875,46.125,14.265600778366
35.125,27.125,26.6690157749614
35.125,27.375,26.7736879359178
35.125,27.625,26.8537152243442
35.125,27.875,26.8356552124023
35.125,32.875,23.8312016106694
35.125,33.125,23.7787699621232
35.125,33.375,23.742349254629
35.125,33.625,23.750627872071
35.125,33.875,23.7478409751517
35.125,34.125,23.7360651193421
35.125,34.375,23.7184147600268
35.125,34.625,23.6951361067308
35.125,34.875,23.6486606389447
35.125,35.125,23.5826770959656
35.125,35.375,23.5398355442318
35.125,35.625,23.5471032564757
35.125,35.875,23.6165568190194
35.125,36.125,23.7084421303754
35.125,36.375,23.7561469729481
35.125,36.625,23.7480049445981
35.125,41.875,17.369289236642
35.125,42.125,17.2567208842502
35.125,42.375,17.1493165401813
35.125,42.625,17.075791960857
35.125,42.875,17.0093984864449
35.125,43.125,16.9301089276382
35.125,43.375,16.8139613495498
35.125,43.625,16.7039340832194
35.125,43.875,16.7163111212475
35.125,44.125,16.9584969015069
35.125,44.375,17.3032782742235
35.125,44.625,17.5084422455459
35.125,44.875,17.523770100432
35.125,45.625,14.4484422718241
35.125,45.875,14.3611199214159
35.125,46.125,14.2233603251436
35.125,46.375,14.0740160762938
35.375,27.125,26.8979775840467
35.375,27.375,26.9417206863237
35.375,27.625,26.9662288863802
35.375,27.875,26.9837153231511
35.375,33.625,23.8335786829881
35.375,33.875,23.8124858043233
35.375,34.125,23.7836059976797
35.375,34.375,23.7401907352802
35.375,34.625,23.6994529942997
35.375,34.875,23.6654093903922
35.375,35.125,23.6309557325853
35.375,35.375,23.6096989261648
35.375,35.625,23.6208465034193
35.375,35.875,23.680218024332
35.375,36.125,23.7520759613788
35.375,36.375,23.7908464650639
35.375,41.875,17.3928958262251
35.375,42.125,17.2797810080273
35.375,42.375,17.1609012911229
35.375,42.625,17.0801362079349
35.375,42.875,17.0124039858417
35.375,43.125,16.9350542761589
35.375,43.375,16.8112291325637
35.375,43.625,16.6849995910144
35.375,43.875,16.6743165834354
35.375,44.125,16.9056826627971
35.375,44.375,17.2646170678686
35.375,44.625,17.4769668214308
35.375,44.875,17.4345624668351
35.375,45.375,14.7814204093537
35.375,45.625,14.5480870575201
35.375,45.875,14.3713384596376
35.375,46.125,14.2005734134242
35.375,46.375,14.0543166587913
35.625,27.125,27.0265841145333
35.625,27.375,27.0132234656746
35.625,34.125,23.8083054797897
35.625,34.375,23.7585787278055
35.625,34.625,23.705163403287
35.625,34.875,23.6771306209877
35.625,35.125,23.6594803971671
35.625,35.375,23.6510377112634
35.625,35.625,23.6659011267573
35.625,35.875,23.7353000328189
35.625,36.125,23.7903820152491
35.625,36.375,23.8142890669609
35.625,36.625,23.8145349377491
35.625,41.625,17.5805460325356
35.625,41.875,17.4313930422882
35.625,42.125,17.2863930222767
35.625,42.375,17.1618848394175
35.625,42.625,17.078496873053
35.625,42.875,17.0107099944777
35.625,43.125,16.9342892339321
35.625,43.375,16.8109832409301
35.625,43.625,16.6730050858253
35.625,43.875,16.6482236867394
35.625,44.125,16.8679504342418
35.625,44.375,17.2249176515256
35.625,44.625,17.3997810342924
35.625,44.875,17.1348630000985
35.625,45.125,16.0459559354626
35.625,45.375,15.0155188008084
35.625,45.625,14.6075133489129
35.625,45.875,14.3962291824362
35.625,46.125,14.212513369615
35.625,46.375,14.0606007931011
35.875,27.125,27.054944783612
35.875,34.625,23.6977043777216
35.875,34.875,23.682185256416
35.875,35.125,23.6722672467675
35.875,35.375,23.6603546767938
35.875,35.875,23.785299994255
35.875,36.125,23.8104912335755
35.875,36.375,23.8183874067713
35.875,36.625,23.8003273375047
35.875,36.875,23.7752180516394
35.875,41.875,17.3673220384316
35.875,42.125,17.2549176633032
35.875,42.375,17.1444531477214
35.875,42.625,17.0640433082164
35.875,42.875,16.996393089086
35.875,43.125,16.9201635350295
35.875,43.375,16.8010925048036
35.875,43.625,16.6646171293623
35.875,43.875,16.6322400113924
35.875,44.125,16.847704543442
35.875,44.375,17.2268028988864
35.875,44.625,17.4817755521972
35.875,44.875,17.4932782793306
35.875,45.375,14.7548903878269
35.875,45.625,14.5336882090959
35.875,45.875,14.4250270001224
35.875,46.125,14.255026987993
35.875,46.375,14.0240980484447
35.875,46.625,13.7986062302615
36.125,36.625,23.7895076730864
36.125,36.875,23.7749448317648
36.125,41.625,17.4656826003653
36.125,41.875,17.3576225530906
36.125,42.125,17.2279777031779
36.125,42.375,17.1209285402559
36.125,42.625,17.0387701076237
36.125,42.875,16.965955906227
36.125,43.125,16.8947810449235
36.125,43.375,16.7932236442149
36.125,43.625,16.6681963263965
36.125,43.875,16.6388247521197
36.125,44.125,16.8513111156193
36.125,44.375,17.2517755487578
36.125,44.625,17.578332924452
36.125,44.875,17.7078411149197
36.125,45.625,14.4225133598828
36.125,45.875,14.4539341043905
36.125,46.125,14.3115570385599
36.125,46.375,14.0410925827391
36.125,46.625,13.794453201561
36.375,41.375,17.5836334775706
36.375,41.625,17.4814476576008
36.375,41.875,17.3376771817442
36.375,42.125,17.2019941559255
36.375,42.375,17.1021034287625
36.375,42.625,17.0242619123615
36.375,42.875,16.9513930622997
36.375,43.125,16.8839067057834
36.375,43.375,16.7993985499189
36.375,43.625,16.6977045653296
36.375,43.875,16.6850815770405
36.375,44.125,16.9027318693901
36.375,44.375,17.3122400612128
36.375,44.625,17.6506280351858
36.375,44.875,17.7346717386298
36.375,45.625,14.4989341256397
36.375,45.875,14.4839341044426
36.375,46.125,14.3486882001976
36.375,46.375,14.0737155496748
36.375,46.625,13.822567982589
36.625,41.375,17.5717208893573
36.625,41.625,17.4619941138179
36.625,41.875,17.3098083845253
36.625,42.125,17.1880324238636
36.625,42.375,17.1045078006598
36.625,42.625,17.0375679073438
36.625,42.875,16.9719121807911
36.625,43.125,16.9075679362146
36.625,43.375,16.8348357065128
36.625,43.625,16.7580597009815
36.625,43.875,16.7678957610834
36.625,44.125,16.9947537099077
36.625,44.375,17.4091526146144
36.625,44.625,17.6839067271498
36.625,44.875,17.4674039720838
36.625,45.125,16.5159012593858
36.625,45.375,15.521994193395
36.625,45.625,14.7748630639634
36.625,45.875,14.5338794354533
36.625,46.125,14.3689887476423
36.625,46.375,14.1278685140805
36.625,46.625,13.8969122780477
36.875,41.375,17.5613384038373
36.875,41.625,17.4416936264663
36.875,41.875,17.2945624544321
36.875,42.125,17.195327446109
36.875,42.375,17.1370215181445
36.875,42.625,17.0933875594634
36.875,42.875,17.0359285490109
36.875,43.125,16.971447710131
36.875,43.375,16.9063111133263
36.875,43.625,16.8522673877862
36.875,43.875,16.8806280203856
36.875,44.125,17.1204640722014
36.875,44.375,17.5337974100165
36.875,44.625,17.7736335009174
36.875,44.875,17.524589744422
36.875,45.125,16.4929504277276
36.875,45.375,15.3903821609059
36.875,45.625,14.7631417701805
36.875,45.875,14.5179778177882
36.875,46.125,14.3756007795614
36.875,46.375,14.1773767334516
36.875,46.625,13.9655461454652
37.125,41.125,17.7222946536997
37.125,41.375,17.6003001557022
37.125,41.625,17.4441525870985
37.125,41.875,17.3003274808164
37.125,42.125,17.2182782960068
37.125,42.375,17.1891799025197
37.125,42.625,17.1798083638884
37.125,42.875,17.1367755717919
37.125,43.125,17.0736061771059
37.125,43.375,17.0139614115647
37.125,43.625,16.9751088957969
37.125,43.875,17.0274586260644
37.125,44.125,17.2803821016531
37.125,44.375,17.6706826465377
37.125,44.625,17.9203001449668
37.125,44.875,17.9268575548474
37.125,45.375,14.843961443406
37.125,45.625,14.6072401088444
37.125,45.875,14.4729777890476
37.125,46.125,14.3731143974541
37.125,46.375,14.1990160642426
37.125,46.625,13.944617177945
37.125,46.875,13.7548357326476
37.375,41.125,17.758169036094
37.375,41.375,17.6274859188684
37.375,41.625,17.4570488043822
37.375,41.875,17.3138247526409
37.375,42.125,17.2425406226695
37.375,42.375,17.2407373131299
37.375,42.625,17.2724586028219
37.375,42.875,17.2620214477914
37.375,43.125,17.2157373037495
37.375,43.375,17.16013618636
37.375,43.625,17.1318848797532
37.375,43.875,17.206283764761
37.375,44.125,17.4696171088297
37.375,44.375,17.8043165337193
37.375,44.625,17.9823766484287
37.375,44.875,18.0276225564258
37.375,45.375,14.6198903582787
37.375,45.625,14.5453548333684
37.375,45.875,14.461283819923
37.375,46.125,14.3570215335635
37.375,46.375,14.1813111564175
37.375,46.625,13.9201636376277
37.375,46.875,13.7162838190631
37.625,41.125,17.8039886990532
37.625,41.375,17.6570761060454
37.625,41.625,17.4731690167078
37.625,41.875,17.3393985091663
37.625,42.125,17.2855187426499
37.625,42.375,17.3079777415333
37.625,42.625,17.3703274283904
37.625,42.875,17.4035788129588
37.625,43.125,17.3911198266868
37.625,43.375,17.3524313259646
37.625,43.625,17.3354094510521
37.625,43.875,17.4239886914446
37.625,44.125,17.6749176666385
37.625,44.375,17.9413110701764
37.625,44.625,18.0003001286032
37.625,45.375,14.584917691236
37.625,45.625,14.5468848950224
37.625,45.875,14.4490980404974
37.625,46.125,14.3048084301701
37.625,46.375,14.1157373724088
37.625,46.625,13.8493166065933
37.625,46.875,13.6093712812239
37.875,41.125,17.8493712013536
37.875,41.375,17.6938247524324
37.875,41.625,17.5145077939893
37.875,41.875,17.4053274816503
37.875,42.125,17.3780050877014
37.875,42.375,17.4208465925331
37.875,42.625,17.4963110783061
37.875,42.875,17.5678411233621
37.875,43.125,17.5967482504297
37.875,43.375,17.5937974049094
37.875,43.625,17.5938793713929
37.875,43.875,17.6820488002131
37.875,44.125,17.892185411818
37.875,44.375,18.0878411199226
37.875,44.625,18.0350542485388
37.875,45.875,14.388660850095
37.875,46.125,14.209781120058
37.875,46.375,14.0169942483225
37.875,46.625,13.7738521219603
37.875,46.875,13.5482237255964
38.125,41.125,17.8911744545066
38.125,41.375,17.7413110472465
38.125,41.625,17.5867755426084
38.125,41.875,17.5145624192035
38.125,42.125,17.517868443265
38.125,42.375,17.5710651991797
38.125,42.625,17.6486608291584
38.125,42.875,17.7369668105912
38.125,43.125,17.8004094342716
38.125,43.375,17.8428137810504
38.125,43.625,17.8741252878325
38.125,43.875,17.9550542622967
38.125,44.125,18.1072673380701
38.125,44.375,18.2552728001537
38.125,46.125,14.0798357239838
38.125,46.375,13.9346991456597
38.125,46.625,13.7076772830037
38.125,46.875,13.4778685249653
38.375,41.125,17.9198629660685
38.375,41.375,17.7858192855543
38.375,41.625,17.6677864653165
38.375,41.875,17.6387974264843
38.375,42.125,17.6720761028144
38.375,42.375,17.725245491403
38.375,42.625,17.7951635610862
38.375,42.875,17.8795624639167
38.375,43.125,17.9661744696195
38.375,43.375,18.0529777026567
38.375,43.625,18.123934068315
38.375,43.875,18.195218193075
38.375,44.125,18.2773766361299
38.375,44.375,18.3580596720586
38.375,46.875,13.3543439621737
38.625,41.125,17.9385788062883
38.625,41.375,17.8196717455087
38.625,41.625,17.7357373263667
38.625,41.875,17.7405733671345
38.625,42.125,17.7895897750646
38.625,42.375,17.8399449958176
38.625,42.625,17.8918301967975
38.625,42.875,17.9685241485554
38.625,43.125,18.0792072353467
38.625,43.375,18.2120761063581
38.625,43.625,18.3162291141156
38.625,43.875,18.3729230667073
38.625,44.125,18.3881963250416
38.625,44.375,18.3933875547732
38.625,46.875,13.3419942408291
38.875,41.125,17.9671853982686
38.875,41.375,17.8551361990757
38.875,41.625,17.7849449772652
38.875,41.875,17.8027864414486
38.875,42.125,17.8521854056687
38.875,42.375,17.8960378573892
38.875,42.625,17.9443985073944
38.875,42.875,18.0269395093449
38.875,43.125,18.1652181396067
38.875,43.375,18.3313384290601
38.875,43.625,18.4439066980706
38.875,43.875,18.4834422231372
38.875,44.125,18.4577591666758
38.875,46.875,13.3825680356055
