"species_name_fishbase","eventDate","decimalLatitude","decimalLongitude"
"Ablennes hians","2019-02-01",35.2431,35.9202
"Ablennes hians","2021-04-01",33.2644,35.1974
"Ablennes hians","2021-02-28",32.1607,34.668
"Ablennes hians","2020-12-01",35.8084,14.5375
"Ablennes hians","2018-09-01",32.286,34.785
"Ablennes hians","2018-09-01",35.819,14.56
"Abudefduf hoefleri","2016-03-24",31.992,34.668
"Abudefduf hoefleri","2016-03-27",31.7647,34.5084
"Abudefduf hoefleri","2016-03-24",32.1337,34.7345
"Abudefduf hoefleri","2014-01-01",35.8351,14.563
"Abudefduf hoefleri","2016-04-01",35.919,14.512
"Abudefduf hoefleri","2016-02-22",31.9492,34.6228
"Abudefduf hoefleri","2016-02-23",31.7647,34.4552
"Abudefduf hoefleri","2016-03-26",32.0527,34.6919
"Abudefduf saxatilis","2013-01-01",32.493,34.887
"Abudefduf sexfasciatus","2017-08-01",37.6773,24.0555
"Abudefduf vaigiensis","2015-04-21",32.019,34.676
"Abudefduf vaigiensis","2016-03-25",32.1337,34.66
"Abudefduf vaigiensis","2015-03-25",32.1607,34.668
"Abudefduf vaigiensis","2023-01-01",31.2913,30.0146
"Abudefduf vaigiensis","2019-08-01",32.8539,13.0543
"Abudefduf vaigiensis","2018-04-22",34.9275,33.6487
"Abudefduf vaigiensis","2019-12-22",35.3893,24.4696
"Acanthopagrus bifasciatus","2018-12-01",38.63,26.5242
"Acanthopagrus bifasciatus","2020-11-01",31.3044,30.0235
"Acanthopagrus bifasciatus","2019-11-01",41.3475,2.1706
"Acanthopagrus bifasciatus","2010-09-01",37.141,10.794
"Acanthopagrus bifasciatus","2020-04-20",31.9762,34.66
"Acanthopagrus bifasciatus","2024-02-05",33.45,35.28
"Acanthopagrus bifasciatus","2018-02-12",37.319,26.5671
"Acanthostracion polygonium","2020-08-01",33.3349,35.2134
"Acanthurus chirurgus","2016-08-01",35.904,14.524
"Acanthurus chirurgus","2012-07-01",42.7267,10.4344
"Acanthurus chirurgus","2016-09-01",35.904,14.523
"Acanthurus coeruleus","2011-12-01",34.986,33.965
"Acanthurus coeruleus","2013-09-01",34.984,34.073
"Acanthurus coeruleus","2011-12-01",34.955,33.825
"Acanthurus coeruleus","2014-01-01",34.596,32.932
"Acanthurus coeruleus","2011-12-01",34.697,32.529
"Acanthurus coeruleus","2013-10-01",35.902,14.506
"Acanthurus coeruleus","2014-11-01",32.918,35.065
"Acanthurus coeruleus","2013-12-01",34.568,33.004
"Acanthurus gahhm","2019-10-01",37.961,23.539
"Acanthurus monroviae","2019-06-01",34.25,35.66
"Acanthurus monroviae","2021-06-24",33.91,35.5
"Acanthurus monroviae","2024-06-01",45.2934,14.5037
"Acanthurus monroviae","2013-09-01",35.854,14.594
"Acanthurus monroviae","2002-08-01",36.719,2.812
"Acanthurus monroviae","1994-11-01",32.829,34.955
"Acanthurus monroviae","2016-06-01",35.8894,14.5172
"Acanthurus monroviae","2015-01-01",37.959,23.489
"Acanthurus monroviae","2017-08-01",36.0538,14.1912
"Acanthurus monroviae","2016-06-01",35.818,14.4488
"Acanthurus monroviae","2010-07-01",37.6359,-0.692
"Acanthurus monroviae","2019-06-01",32.6529,14.2753
"Acanthurus monroviae","2016-01-01",35.913,14.508
"Acanthurus monroviae","2016-09-01",35.8193,14.4518
"Acanthurus monroviae","2001-12-01",36.773,2.866
"Acanthurus monroviae","2017-07-01",36.0538,14.1912
"Acanthurus monroviae","1981-03-01",36.481,-4.886
"Acanthurus monroviae","2010-04-01",37.141,10.794
"Acanthurus sohal","2017-08-01",36.935,26.988
"Acanthurus sohal","2021-04-01",33.2719,35.191
"Acanthurus sohal","2018-11-01",31.5264,34.4253
"Acanthurus sohal","2022-03-01",31.2747,29.9908
"Acanthurus xanthopterus","2024-10-31",36.8003,14.4797
"Acanthurus xanthopterus","2021-08-01",31.2367,29.9271
"Alepes djedaba","2013-12-01",35.7885,10.8338
"Alepes djedaba","1997-05-26",37.2568,21.6646
"Alepes djedaba","2009-01-01",37.8115,23.7711
"Alepes djedaba","2005-01-01",32.92,12.13
"Alepes djedaba","2006-06-27",35.9265,14.4904
"Alepes djedaba","2021-04-20",31.9762,34.66
"Alepes djedaba","1960-01-01",36.006,24.627
"Alepes djedaba","2017-05-02",31.9762,34.66
"Alepes djedaba","2014-08-01",37.7037,20.9834
"Alepes djedaba","1994-01-01",36.768,34.687
"Alepes djedaba","2007-01-01",36.725,27.994
"Alepes djedaba","2005-01-01",32.412,15.095
"Alepes djedaba","2012-06-01",34.173,10.711
"Alepes djedaba","1927-01-01",31.633,34.498
"Alepes djedaba","2005-01-01",32.0819,24.0067
"Alepes djedaba","2005-01-01",31.152,29.782
"Alepes djedaba","2007-01-01",36.701,27.726
"Alepes djedaba","2017-05-19",31.92,34.6733
"Alepes djedaba","2014-08-01",37.733,20.922
"Alepes djedaba","2017-04-30",32.1337,34.66
"Alepes djedaba","2017-05-11",32.1337,34.7345
"Aluterus monoceros","2018-05-02",32.019,34.676
"Aluterus monoceros","2018-10-01",33.2644,35.1974
"Aluterus monoceros","2000-01-01",35.184,-2.426
"Aluterus monoceros","2010-12-01",37.141,10.794
"Ambassis dussumieri","2021-10-01",32.1082,34.7758
"Ambassis dussumieri","2021-11-01",32.1082,34.7758
"Anarhichas lupus","1958-01-01",44.32,8.614
"Antigonia capros","2022-04-01",38.706,0.4798
"Apogonichthyoides pharaonis","2018-10-12",32.1922,34.7504
"Apogonichthyoides pharaonis","2018-12-22",32.1922,34.7504
"Apogonichthyoides pharaonis","2018-12-25",32.1922,34.7504
"Apogonichthyoides pharaonis","2010-04-10",39.4745,26.7709
"Apogonichthyoides pharaonis","2018-08-28",32.0527,34.6919
"Apogonichthyoides pharaonis","2015-08-28",32.0257,34.6786
"Apogonichthyoides pharaonis","2016-08-30",32.0257,34.6786
"Apogonichthyoides pharaonis","2016-08-28",32.0257,34.6786
"Apogonichthyoides pharaonis","2015-09-12",32.0257,34.6786
"Apogonichthyoides pharaonis","2019-04-24",32.0257,34.6786
"Apogonichthyoides pharaonis","2017-03-24",32.0257,34.6786
"Apogonichthyoides pharaonis","2018-04-24",32.0257,34.6786
"Apogonichthyoides pharaonis","2017-09-27",31.92,34.6254
"Apogonichthyoides pharaonis","2017-04-16",31.92,34.6254
"Apogonichthyoides pharaonis","2018-01-01",35.00863,25.74217
"Apogonichthyoides pharaonis","2017-01-01",36.44936,28.22917
"Apogonichthyoides pharaonis","2015-11-26",32.1337,34.6361
"Apogonichthyoides pharaonis","2016-09-16",32.1922,34.6813
"Apogonichthyoides pharaonis","2017-05-26",31.992,34.7052
"Apogonichthyoides pharaonis","2014-04-20",31.9492,34.6866
"Apogonichthyoides pharaonis","2017-04-18",31.9492,34.6866
"Apogonichthyoides pharaonis","2020-10-30",32.1607,34.7398
"Apogonichthyoides pharaonis","2017-04-29",32.1607,34.7398
"Apogonichthyoides pharaonis","2017-04-30",32.1607,34.7398
"Apogonichthyoides pharaonis","1994-01-01",36.507,34.281
"Apogonichthyoides pharaonis","2018-09-20",43.987,8.1614
"Apogonichthyoides pharaonis","2015-06-09",32.163,34.7398
"Apogonichthyoides pharaonis","2021-10-30",32.2192,34.7611
"Apogonichthyoides pharaonis","2017-12-18",32.2192,34.7611
"Apogonichthyoides pharaonis","2020-09-01",31.7792,25.0778
"Apogonichthyoides pharaonis","2018-04-28",32.847,34.9074
"Apogonichthyoides pharaonis","2014-04-28",32.847,34.9074
"Apogonichthyoides pharaonis","2018-10-09",31.92,34.5855
"Apogonichthyoides pharaonis","2017-11-28",31.9492,34.6866
"Apogonichthyoides pharaonis","2018-04-17",31.9492,34.6866
"Apogonichthyoides pharaonis","2017-10-10",32.289,34.7185
"Apogonichthyoides pharaonis","2017-01-24",32.1922,34.7504
"Apogonichthyoides pharaonis","2015-12-22",32.1337,34.7664
"Apogonichthyoides pharaonis","2018-06-14",32.289,34.785
"Apogonichthyoides pharaonis","2018-05-19",37.4226,24.866
"Apogonichthyoides pharaonis","2017-01-30",32.1045,34.7185
"Apogonichthyoides pharaonis","2017-03-23",32.1045,34.7185
"Apogonichthyoides pharaonis","1994-01-01",36.768,34.687
"Apogonichthyoides pharaonis","2015-11-27",32.1382,34.6627
"Apogonichthyoides pharaonis","2014-06-12",32.4375,34.7717
"Apogonichthyoides pharaonis","2018-10-29",32.1337,34.7345
"Apogonichthyoides pharaonis","1985-01-01",36.1507,29.59239
"Apogonichthyoides pharaonis","2005-11-01",36.5948,36.1702
"Apogonichthyoides pharaonis","2016-09-06",32.0482,34.6893
"Apogonichthyoides pharaonis","2015-11-27",32.0482,34.6893
"Apogonichthyoides pharaonis","2017-12-04",32.0482,34.6893
"Apogonichthyoides pharaonis","2018-10-10",32.289,34.7185
"Apogonichthyoides pharaonis","2018-09-05",32.0527,34.6919
"Apogonichthyoides pharaonis","2019-09-05",32.0527,34.6919
"Apogonichthyoides pharaonis","2017-12-04",32.0527,34.6919
"Apogonichthyoides pharaonis","2015-02-12",32.0527,34.6919
"Apogonichthyoides pharaonis",NA,32.0527,34.6919
"Apogonichthyoides pharaonis","2017-03-26",32.0527,34.6919
"Apogonichthyoides pharaonis","2015-12-23",31.7647,34.5084
"Apogonichthyoides pharaonis","2015-05-26",32.3407,34.7983
"Apogonichthyoides pharaonis","2016-06-17",31.92,34.6254
"Apogonichthyoides pharaonis","2017-04-24",32.0257,34.6786
"Apogonichthyoides pharaonis","2018-08-31",35.4138,25.0196
"Apogonichthyoides pharaonis","2023-10-01",37.2434,27.5994
"Apogonichthyoides pharaonis","2019-05-26",32.3992,34.8196
"Apogonichthyoides pharaonis","2017-01-23",32.1112,34.7185
"Apogonichthyoides pharaonis","2016-01-01",38.37196,20.74241
"Apogonichthyoides pharaonis","2017-01-01",31.25,29.87
"Apogonichthyoides pharaonis","2015-03-25",31.965,34.6573
"Apogonichthyoides pharaonis","2018-05-12",32.1337,34.66
"Apogonichthyoides pharaonis","2001-04-01",34.474,35.781
"Apogonichthyoides pharaonis","2016-06-14",32.1045,34.7185
"Apogonichthyoides pharaonis","2018-06-16",38.7899,20.8452
"Apogonichthyoides pharaonis","2013-07-01",35.8965,14.516
"Apogonichthyoides pharaonis","2017-02-14",31.92,34.6733
"Apogonichthyoides pharaonis","1997-05-30",35.8913,14.5177
"Apogonichthyoides pharaonis","2019-01-01",36.41294,27.39052
"Apogonichthyoides pharaonis","2020-05-11",32.5432,34.8808
"Apogonichthyoides pharaonis","2017-12-26",31.7647,34.4552
"Apogonichthyoides pharaonis","2018-06-29",31.9762,34.66
"Apogonichthyoides pharaonis","2016-08-28",32.082,34.7079
"Apogonichthyoides pharaonis","2016-10-30",32.2192,34.7611
"Apogonichthyoides pharaonis","2016-06-13",32.3407,34.7398
"Apogonichthyoides pharaonis","2015-11-26",32.2192,34.7611
"Apogonichthyoides pharaonis","2022-09-01",35.189,35.949
"Apogonichthyoides pharaonis","2018-10-10",32.0055,34.6733
"Apogonichthyoides pharaonis","2019-11-01",32.0055,34.6733
"Apogonichthyoides pharaonis","2021-05-26",32.1112,34.7185
"Apogonichthyoides pharaonis","2015-06-29",31.9492,34.6467
"Apogonichthyoides pharaonis","2018-05-11",32.1337,34.66
"Apogonichthyoides pharaonis","2018-10-10",31.9762,34.6201
"Apogonichthyoides pharaonis","2015-11-24",32.1337,34.66
"Apogonichthyoides pharaonis","2017-01-28",32.505,34.8542
"Apogonichthyoides pharaonis","2017-12-18",32.1877,34.7478
"Apogonichthyoides pharaonis","2016-06-12",32.1337,34.7345
"Apogonichthyoides pharaonis","2016-08-28",32.1337,34.7345
"Apogonichthyoides pharaonis","2017-01-31",32.1337,34.7345
"Apogonichthyoides pharaonis","2018-01-01",35.24806,25.73764
"Apogonichthyoides pharaonis","2018-10-29",32.1382,34.6627
"Apogonichthyoides pharaonis","1984-01-01",36.773,34.721
"Apogonichthyoides pharaonis","2014-01-01",38.31712,21.39703
"Apogonichthyoides pharaonis","2016-09-29",32.1337,34.7345
"Apogonichthyoides pharaonis","2015-11-24",32.1337,34.7345
"Apogonichthyoides pharaonis","2017-12-23",32.1337,34.7345
"Apogonichthyoides pharaonis","2011-10-30",32.2192,34.7611
"Apogonichthyoides pharaonis","2017-02-23",31.92,34.6254
"Apogonichthyoides pharaonis","2015-11-26",32.019,34.676
"Apogonichthyoides pharaonis","2018-12-03",32.019,34.676
"Apogonichthyoides pharaonis","2015-12-04",32.019,34.676
"Apogonichthyoides pharaonis","2018-11-29",32.2462,34.777
"Apogonichthyoides pharaonis","1989-01-01",36.773,34.721
"Apogonichthyoides pharaonis","2017-01-29",32.5432,34.8622
"Apogonichthyoides pharaonis","2017-12-22",31.7647,34.5084
"Apogonichthyoides pharaonis","2015-12-22",32.1607,34.668
"Apogonichthyoides pharaonis","2017-08-15",32.262,34.785
"Apogonichthyoides pharaonis","2018-10-04",34.7723,33.5133
"Apogonichthyoides pharaonis","2017-01-22",32.1877,34.7478
"Apogonichthyoides pharaonis","2017-07-04",35.8995,14.5188
"Apogonichthyoides pharaonis","2017-04-27",32.847,34.8861
"Apogonichthyoides pharaonis","2015-12-22",31.7647,34.5084
"Apogonichthyoides pharaonis","2017-02-27",32.289,34.785
"Apogonichthyoides pharaonis","2015-02-28",32.1382,34.7345
"Apogonichthyoides pharaonis","2017-02-11",32.1382,34.7345
"Apogonichthyoides pharaonis","2002-01-01",36.43,28.19
"Apogonichthyoides pharaonis","1947-01-01",32.076,34.732
"Apogonichthyoides pharaonis","2017-05-23",35.8887,14.5175
"Apogonichthyoides pharaonis","2017-12-23",31.8885,34.6041
"Apogonichthyoides pharaonis","2017-04-28",32.9392,34.926
"Apogonichthyoides pharaonis","2017-04-28",31.992,34.668
"Apogonichthyoides pharaonis","2015-12-21",31.7647,34.5084
"Apogonichthyoides pharaonis","2018-08-29",31.9492,34.6467
"Apogonichthyoides pharaonis","2014-10-29",32.1382,34.7345
"Apogonichthyoides pharaonis","2015-11-27",32.1382,34.7345
"Apogonichthyoides pharaonis","2015-09-12",31.9492,34.6467
"Apogonichthyoides pharaonis","2015-02-23",32.0257,34.6786
"Apogonichthyoides pharaonis","2017-04-28",32.847,34.9393
"Apogonichthyoides pharaonis","2019-09-05",32.019,34.676
"Apogonichthyoides pharaonis","2018-04-21",32.019,34.676
"Apogonichthyoides pharaonis","2015-04-27",32.892,34.9366
"Apogonichthyoides pharaonis","2017-03-28",31.992,34.668
"Apogonichthyoides pharaonis","2018-06-08",32.2192,34.7611
"Apogonichthyoides pharaonis","1984-01-01",36.448,35.741
"Apogonichthyoides pharaonis","1983-01-01",36.569,35.992
"Apogonichthyoides pharaonis","2015-05-02",32.019,34.676
"Apogonichthyoides pharaonis","2015-12-23",32.0055,34.6733
"Apogonichthyoides pharaonis","2017-04-20",32.019,34.676
"Apogonichthyoides pharaonis","2015-06-13",32.3182,34.793
"Apogonichthyoides pharaonis","2017-03-23",32.1337,34.7345
"Apogonichthyoides pharaonis","2016-06-08",32.2192,34.7611
"Apogonichthyoides pharaonis","1983-01-01",36.212,34.002
"Apogonichthyoides pharaonis","2015-03-24",32.1045,34.652
"Apogonichthyoides pharaonis","1983-01-01",36.773,34.721
"Apogonichthyoides pharaonis","2019-03-24",31.992,34.668
"Apogonichthyoides pharaonis","2016-08-15",32.289,34.785
"Apogonichthyoides pharaonis","2017-01-24",31.9492,34.6467
"Apogonichthyoides pharaonis","2015-06-12",32.3407,34.7398
"Apogonichthyoides pharaonis","2019-09-05",31.992,34.668
"Apogonichthyoides pharaonis","2018-09-03",34.7723,33.5133
"Apogonichthyoides pharaonis","1984-01-01",36.569,35.992
"Apogonichthyoides pharaonis","1984-01-01",36.212,34.003
"Apogonichthyoides pharaonis","2020-10-01",32.0724,23.9694
"Apogonichthyoides pharaonis","2018-05-26",32.019,34.676
"Apogonichthyoides pharaonis","2005-04-10",32.1205,26.7354
"Apogonichthyoides pharaonis","2002-09-01",36.705,27.831
"Apogonichthyoides pharaonis","2008-02-01",34.997,34.0692
"Apogonichthyoides pharaonis","2015-02-27",32.1877,34.7478
"Apogonichthyoides pharaonis","2015-03-24",32.1877,34.7478
"Apogonichthyoides pharaonis","2015-05-10",31.992,34.668
"Apogonichthyoides pharaonis","2017-02-28",31.9492,34.6467
"Apogonichthyoides pharaonis","2016-06-15",31.92,34.6254
"Apogonichthyoides pharaonis","2015-09-28",31.965,34.6573
"Apogonichthyoides pharaonis","2018-12-28",31.7647,34.5084
"Apogonichthyoides pharaonis","2016-09-16",32.2192,34.7611
"Apogonichthyoides pharaonis","2016-10-20",34.7723,33.5133
"Apogonichthyoides pharaonis","2007-01-01",36.636,27.959
"Apogonichthyoides pharaonis","2017-02-12",31.9492,34.6467
"Apogonichthyoides pharaonis","2018-05-29",34.7723,33.5133
"Apogonichthyoides pharaonis","2015-06-29",32.1382,34.6627
"Apogonichthyoides pharaonis","2015-01-01",38.16036,20.41473
"Apogonichthyoides pharaonis","2017-03-25",31.9492,34.6467
"Apogonichthyoides pharaonis","2015-06-15",31.965,34.6573
"Apogonichthyoides pharaonis","2014-09-01",34.997,34.0692
"Apogonichthyoides pharaonis","2017-02-23",31.9492,34.6467
"Apogonichthyoides pharaonis","2007-01-01",36.808,27.703
"Apogonichthyoides pharaonis","2019-08-28",32.0257,34.6786
"Apogonichthyoides pharaonis","2018-09-16",32.2192,34.7611
"Apogonichthyoides pharaonis","1989-01-01",36.569,35.992
"Ariopsis felis","2022-10-01",31.4317,34.2864
"Arothron hispidus","2018-02-01",34.9697,33.9636
"Arothron hispidus","2020-02-01",34.2268,35.6526
"Atherinomorus forskalii","2019-05-26",32.019,34.7185
"Atherinomorus forskalii","1975-11-01",32.606,34.911
"Atherinomorus forskalii","2020-05-10",31.9492,34.6467
"Atherinomorus forskalii","2014-10-01",34.361,35.729
"Atherinomorus forskalii","2007-01-01",36.701,27.726
"Atherinomorus forskalii","1986-01-01",36.1,27.7
"Atherinomorus forskalii","2005-01-01",32.412,15.095
"Atherinomorus forskalii","1975-11-01",32.617,34.914
"Atherinomorus forskalii","2007-01-01",36.808,27.703
"Atherinomorus forskalii","1902-01-01",31.25,29.91
"Atherinomorus forskalii","1983-10-01",32.617,34.914
"Atherinomorus forskalii","2011-08-03",35.9004,14.5099
"Atherinomorus forskalii","2020-05-02",32.019,34.676
"Atherinomorus forskalii","2015-01-01",32.1563,24.0225
"Atherinomorus forskalii","2007-01-01",36.668,28.314
"Atherinomorus forskalii","2015-01-01",32.184,20.107
"Atherinomorus forskalii","2020-05-11",32.1045,34.7185
"Atherinomorus forskalii","2000-01-01",32.076,34.732
"Atherinomorus forskalii","1976-11-01",32.606,34.911
"Atherinomorus forskalii","2019-01-01",36.90732,25.97488
"Atherinomorus forskalii","2007-01-01",36.636,27.959
"Atherinomorus forskalii","2001-04-01",33.127,35.131
"Atherinomorus forskalii","2015-01-01",32.759,22.661
"Atherinomorus forskalii","2005-01-01",32.0811,24.0073
"Atherinomorus forskalii","2016-01-01",35.40951,25.01931
"Atherinomorus forskalii","1950-01-01",36.5,35.8
"Atherinomorus forskalii","1994-01-01",36.632,29.064
"Atherinomorus forskalii","2014-11-07",35.8857,14.5061
"Atherinomorus forskalii","2005-01-01",33.28,11.32
"Atherinomorus forskalii","1964-01-01",33.6,35.3
"Atherinomorus forskalii","1982-01-01",32.5,23.4
"Atherinomorus forskalii","2011-11-02",35.7736,27.2188
"Atherinomorus forskalii","2012-08-01",36.142,22.999
"Atherinomorus forskalii","1927-01-01",32,34.6
"Atherinomorus forskalii","2006-07-24",35.8923,14.5166
"Atherinomorus forskalii","2014-09-01",35.051,34.023
"Atherinomorus forskalii","2018-07-06",35.9034,14.5196
"Atherinomorus forskalii","2007-01-01",36.725,27.994
"Atherinomorus forskalii","2001-04-01",34.249,35.656
"Atherinomorus forskalii","1927-01-01",36.44,35.67
"Atherinomorus forskalii","2010-09-01",32.54,34.731
"Aulopareia unicolor","2016-08-01",31.3726,32.26
"Aulopareia unicolor","2017-02-01",31.535,31.8836
"Aulopareia unicolor","2016-11-01",31.3726,32.26
"Balistoides conspicillum","2012-07-01",41.846,3.123
"Bodianus speciosus","2018-06-01",38.764,26.925
"Bregmaceros nectabanus","2014-09-01",31.636,30.318
"Bregmaceros nectabanus","2018-08-01",35.6844,35.7838
"Bregmaceros nectabanus","2002-01-01",36.766,30.927
"Bregmaceros nectabanus","2017-01-01",31.25,29.87
"Bregmaceros nectabanus","2021-09-01",39.0716,17.1263
"Bregmaceros nectabanus","2011-12-01",38.471,26.775
"Bregmaceros nectabanus","2020-07-01",42.03,15.946
"Bregmaceros nectabanus","2016-12-01",39.5664,20.0778
"Bregmaceros nectabanus","2021-09-01",39.0775,17.182
"Bregmaceros nectabanus","2005-01-01",37.854,27.085
"Bregmaceros nectabanus","2021-09-01",39.3495,15.1577
"Bregmaceros nectabanus","2021-05-01",41.175,19.274
"Bregmaceros nectabanus","2014-09-01",31.661,30.361
"Bregmaceros nectabanus","2016-12-01",39.4872,19.9897
"Bregmaceros nectabanus","2016-11-01",39.49,20.0533
"Bregmaceros nectabanus","2022-05-15",31.9492,34.6467
"Bregmaceros nectabanus","2017-12-05",35.9011,14.5238
"Bregmaceros nectabanus","2019-10-13",35.5084,27.2149
"Bregmaceros nectabanus","2005-06-28",34.9523,33.669
"Bregmaceros nectabanus","2020-11-01",43.0298,17.3245
"Bregmaceros nectabanus","2020-07-01",42.6247,17.7809
"Bregmaceros nectabanus","2004-01-01",31.824,34.23
"Bregmaceros nectabanus","2018-12-01",35.8506,35.8399
"Bregmaceros nectabanus","2014-08-01",37.5999,23.5332
"Bregmaceros nectabanus","2010-12-01",36.224,35.575
"Bregmaceros nectabanus","2022-01-01",39.1313,23.7765
"Bregmaceros nectabanus","2016-11-01",39.4878,20.0392
"Bregmaceros nectabanus","2014-07-01",37.666,23.5651
"Bregmaceros nectabanus","2016-12-01",39.5025,19.9647
"Bregmaceros nectabanus","2021-09-01",39.5905,16.8686
"Bregmaceros nectabanus","2020-01-01",40.6098,26.0603
"Bregmaceros nectabanus","2006-01-01",31.912,34.614
"Caesio varilineata","2018-07-08",34.9682,33.6911
"Caesio varilineata","2018-02-01",31.1511,29.5031
"Caesio varilineata","2018-07-24",35.8915,14.5175
"Callionymus filamentosus","1983-01-01",36.773,34.721
"Callionymus filamentosus","1989-01-01",36.569,35.992
"Callionymus filamentosus","2015-04-28",31.9492,34.6467
"Callionymus filamentosus","2019-10-01",31.9492,34.6467
"Callionymus filamentosus","2016-02-26",31.8885,34.6041
"Callionymus filamentosus","2015-12-22",32.1922,34.7504
"Callionymus filamentosus","2014-09-28",31.9492,34.6467
"Callionymus filamentosus","2015-02-21",31.9492,34.4685
"Callionymus filamentosus","2014-09-29",31.8885,34.6041
"Callionymus filamentosus","1984-01-01",36.569,35.992
"Callionymus filamentosus","2015-03-31",32.082,34.7079
"Callionymus filamentosus","1962-04-01",36.5948,36.1702
"Callionymus filamentosus","2017-09-27",31.9492,34.6467
"Callionymus filamentosus","2015-10-02",31.9492,34.6866
"Callionymus filamentosus","2015-06-24",32.1337,34.7664
"Callionymus filamentosus","2014-06-23",31.92,34.6254
"Callionymus filamentosus","2016-12-25",32.1922,34.7504
"Callionymus filamentosus","2015-06-12",32.1337,34.7664
"Callionymus filamentosus","2014-05-11",32.5072,34.8542
"Callionymus filamentosus","1984-01-01",36.212,34.005
"Callionymus filamentosus","2015-06-15",31.92,34.6254
"Callionymus filamentosus","2018-09-28",32.1337,34.7345
"Callionymus filamentosus","2014-09-29",31.9492,34.6467
"Callionymus filamentosus","2015-06-10",31.965,34.6573
"Callionymus filamentosus","2015-12-19",31.8975,34.6121
"Callionymus filamentosus","2014-05-17",32.082,34.7079
"Callionymus filamentosus","2019-10-23",32.1922,34.7504
"Callionymus filamentosus","2018-05-02",31.8885,34.6041
"Callionymus filamentosus","2016-11-01",34.6433,33.0977
"Callionymus filamentosus","2014-10-02",31.9492,34.6866
"Callionymus filamentosus","2017-09-16",32.2192,34.7611
"Callionymus filamentosus","2015-06-17",31.92,34.6254
"Callionymus filamentosus","2015-05-03",32.019,34.5403
"Callionymus filamentosus","2014-08-29",31.965,34.6573
"Callionymus filamentosus","2016-12-20",32.2192,34.6946
"Callionymus filamentosus","2015-06-15",31.965,34.6573
"Callionymus filamentosus","2019-08-02",32.8717,34.9287
"Callionymus filamentosus","1997-05-31",35.492,24.1711
"Callionymus filamentosus","2014-10-31",32.082,34.7079
"Callionymus filamentosus","2015-11-01",32.082,34.7079
"Callionymus filamentosus","2016-01-01",35.2471,11.1452
"Callionymus filamentosus","2015-06-11",32.1877,34.7478
"Callionymus filamentosus","1992-01-01",31.356,30.173
"Callionymus filamentosus","2014-01-13",31.9762,34.5642
"Callionymus filamentosus","2015-07-24",35.6927,34.5604
"Callionymus filamentosus","2015-11-28",31.92,34.6733
"Callionymus filamentosus","2014-07-31",35.825,14.4215
"Callionymus filamentosus","2019-04-28",31.7197,34.4765
"Callionymus filamentosus","2015-12-24",32.1337,34.7345
"Callionymus filamentosus","2018-08-28",32.1337,34.7345
"Callionymus filamentosus","2019-06-25",31.92,34.6733
"Callionymus filamentosus","2008-01-01",36.671,35.93
"Callionymus filamentosus","1989-01-01",36.773,34.721
"Callionymus filamentosus","2015-10-10",32.892,34.9366
"Callionymus filamentosus","2015-05-14",32.1112,34.7185
"Callionymus filamentosus","2016-08-29",31.9492,34.6467
"Callionymus filamentosus","2015-10-30",32.2192,34.7611
"Callionymus filamentosus","2017-12-03",32.019,34.676
"Callionymus filamentosus","2016-11-28",32.1922,34.785
"Callionymus filamentosus","2015-03-31",31.965,34.6573
"Callionymus filamentosus","2015-09-29",31.992,34.668
"Callionymus filamentosus","2014-12-23",32.1337,34.7345
"Callionymus filamentosus","2015-09-06",32.0482,34.6893
"Callionymus filamentosus","2019-04-28",31.7647,34.5084
"Callionymus filamentosus","2019-06-10",32.1337,34.7345
"Callionymus filamentosus","1962-04-01",36.5948,36.1702
"Callionymus filamentosus","2016-08-21",31.9492,34.6467
"Callionymus filamentosus","1984-01-01",36.773,34.721
"Callionymus filamentosus","2014-10-27",32.847,34.9393
"Callionymus filamentosus","2015-08-13",32.0257,34.6786
"Callionymus filamentosus","2014-11-29",32.2192,34.7611
"Callionymus filamentosus","1983-01-01",36.569,35.992
"Callionymus filamentosus","2015-06-26",32.1337,34.7664
"Callionymus filamentosus","2016-03-31",31.965,34.6573
"Callionymus filamentosus","2014-05-18",31.992,34.668
"Callionymus filamentosus","2019-08-28",32.0257,34.6786
"Callionymus filamentosus","2015-05-10",31.965,34.6573
"Callionymus filamentosus","2014-05-17",32.1607,34.668
"Callionymus filamentosus","2017-11-02",32.082,34.7079
"Callionymus filamentosus","2015-05-01",32.2462,34.6387
"Callionymus filamentosus","2014-03-30",32.0257,34.6786
"Callionymus filamentosus","2019-06-09",32.1337,34.7345
"Callionymus filamentosus","2015-06-09",31.92,34.6733
"Callionymus filamentosus","2016-01-01",36.556,31.896
"Callionymus filamentosus","2018-07-16",32.1337,34.7664
"Callionymus filamentosus","2018-05-01",31.8975,34.6121
"Callionymus filamentosus","2014-08-29",31.992,34.668
"Callionymus filamentosus","2014-03-18",31.992,34.668
"Callionymus filamentosus","2019-08-11",32.1337,34.7345
"Callionymus filamentosus","2014-12-04",32.0482,34.6893
"Callionymus filamentosus","2014-12-23",31.7647,34.5084
"Callionymus filamentosus","2014-12-23",32.1337,34.7664
"Callionymus filamentosus","2018-06-09",32.1337,34.7345
"Callionymus filamentosus","2015-10-02",31.9492,34.6467
"Callionymus filamentosus","2019-06-24",31.92,34.6733
"Callionymus filamentosus","2014-05-02",31.9762,34.66
"Callionymus filamentosus","2018-10-26",32.847,34.9393
"Callionymus filamentosus","2014-01-12",31.9762,34.5642
"Callionymus filamentosus","2019-06-11",32.1877,34.7478
"Callionymus filamentosus","2015-10-01",31.9492,34.6467
"Callionymus filamentosus","2016-12-21",31.9762,34.5642
"Callionymus filamentosus","1983-01-01",36.212,34.004
"Callionymus filamentosus","2015-11-26",32.1337,34.6361
"Callionymus filamentosus","2015-06-25",32.1337,34.7345
"Callionymus filamentosus","2017-03-31",32.1607,34.668
"Callionymus filamentosus","2016-12-22",32.1337,34.7664
"Callionymus filamentosus","2015-05-17",32.082,34.7079
"Callionymus filamentosus","2015-09-29",31.8885,34.6041
"Callionymus filamentosus","2015-05-03",31.7647,34.3727
"Callionymus filamentosus","2016-06-09",31.92,34.6733
"Callionymus filamentosus","2018-05-22",31.9492,34.6467
"Callionymus filamentosus","2015-06-24",32.082,34.7451
"Callionymus filamentosus","2015-08-04",32.8717,35.0164
"Callionymus filamentosus","2015-12-25",31.7647,34.5882
"Callionymus filamentosus","1953-01-01",32.845,34.968
"Callionymus filamentosus","2014-05-13",32.1337,34.66
"Callionymus filamentosus","2018-12-19",32.1922,34.7504
"Callionymus filamentosus","2003-01-01",36.442,28.193
"Callionymus filamentosus","2014-05-11",32.0257,34.6786
"Callionymus filamentosus","2017-10-30",32.082,34.7079
"Callionymus filamentosus","2019-08-03",32.892,34.9366
"Callionymus filamentosus","2015-06-10",31.965,34.6946
"Callionymus filamentosus","2015-10-28",32.847,34.9393
"Callionymus filamentosus","2014-10-30",32.1607,34.7398
"Callionymus filamentosus","2014-08-10",32.1877,34.7478
"Callionymus filamentosus","2019-12-04",32.019,34.676
"Callionymus filamentosus","2014-05-16",31.992,34.668
"Callionymus filamentosus","2015-06-24",32.1337,34.7345
"Callionymus filamentosus","2005-11-10",36.5948,36.1702
"Callionymus filamentosus","2014-03-23",32.1045,34.7185
"Callionymus filamentosus","1997-08-06",35.8978,14.519
"Callionymus filamentosus","2015-10-29",32.1382,34.7345
"Callionymus filamentosus","2014-09-27",31.92,34.6254
"Callionymus filamentosus","2017-06-10",32.1337,34.7345
"Callionymus filamentosus","2018-11-29",32.2552,34.8063
"Callionymus filamentosus","2017-11-28",31.9492,34.6866
"Callionymus filamentosus","2014-12-18",32.1877,34.7478
"Callionymus filamentosus","2015-09-05",32.019,34.676
"Callionymus filamentosus","2014-05-26",32.1112,34.7185
"Callionymus filamentosus","2019-08-29",31.992,34.668
"Callionymus filamentosus","2018-09-28",31.965,34.6573
"Callionymus filamentosus","2015-05-21",32.1337,34.66
"Callionymus filamentosus","2014-12-26",31.7647,34.5882
"Callionymus filamentosus","2015-11-25",32.1045,34.652
"Callionymus filamentosus","2019-08-30",32.0257,34.6786
"Callionymus filamentosus","2015-07-15",32.1045,34.7185
"Callionymus filamentosus","2019-10-24",31.992,34.668
"Callionymus filamentosus","2014-03-19",31.992,34.668
"Callionymus filamentosus","2017-06-09",32.1045,34.7185
"Callionymus filamentosus","2015-06-10",32.1112,34.7558
"Callionymus filamentosus","2015-01-13",32.2192,34.5775
"Callionymus filamentosus","2014-06-14",32.1045,34.7185
"Callionymus filamentosus","2018-05-10",31.992,34.668
"Carcharhinus altimus","2002-01-01",34.023,10.534
"Carcharhinus altimus","2002-01-01",36.861,3.103
"Carcharhinus altimus","1996-01-01",31.78,34.56
"Carcharhinus altimus","2019-07-01",36.0489,35.9482
"Carcharhinus altimus","2002-01-01",36.964,10.455
"Carcharhinus altimus","2002-01-01",36.571,1.314
"Carcharhinus altimus","1983-01-01",35.18,-2.43
"Carcharhinus altimus","2002-01-01",36.495,0.811
"Carcharhinus altimus","2002-01-01",36.963,7.855
"Carcharhinus falciformis","1987-01-01",35.3,-2.7
"Carlarius parkii","1983-01-01",32,34.7
"Centrolabrus exoletus","1981-01-01",36.715,-4.404
"Cephalopholis argus","2021-05-01",34.9119,11.3956
"Cephalopholis hemistiktos","2009-09-01",35.845,14.381
"Cephalopholis nigri","2016-07-01",35.887,14.515
"Cephalopholis taeniops","2009-07-01",35.4922,12.6194
"Cephalopholis taeniops","2017-07-01",35.8868,14.5077
"Cephalopholis taeniops","2019-09-01",35.8569,12.8881
"Cephalopholis taeniops","2015-12-01",35.841,14.381
"Cephalopholis taeniops","2020-10-10",31.9762,34.6201
"Cephalopholis taeniops","2016-07-01",35.992,14.327
"Cephalopholis taeniops","2002-01-01",33,13.2
"Cephalopholis taeniops","2016-06-01",34.45,35.714
"Cephalopholis taeniops","2016-03-01",35.8181,14.452
"Cephalopholis taeniops","2019-10-01",35.9096,14.5129
"Cephalopholis taeniops","2019-09-01",37.0886,15.3056
"Cephalopholis taeniops","2023-04-01",36.0829,-5.4111
"Cephalopholis taeniops","2019-10-27",32.9662,34.9393
"Cephalopholis taeniops","2015-06-01",38.833,26.867
"Cephalopholis taeniops","2004-01-01",32.433,15.1
"Cephalopholis taeniops","2009-06-01",32.84,35.05
"Cephalopholis taeniops","2009-07-01",35.4923,12.6194
"Cephalopholis taeniops","2009-01-01",35.989,14.327
"Cephalopholis taeniops","2024-10-01",44.3839,8.9928
"Cephalopholis taeniops","2018-01-01",36.6768,-2.7807
"Chaetodipterus faber","2019-10-01",37.9626,23.5477
"Chaetodipterus faber","2019-08-01",37.9603,23.5399
"Chaetodipterus faber","2019-11-01",37.9115,23.0138
"Chaetodon auriga","2015-06-01",40.787,14.074
"Chaetodon austriacus","2011-08-01",31.841,34.643
"Chaetodon larvatus","2016-09-01",34.833,35.85
"Chaetodon larvatus","2011-01-01",32.8242,34.9469
"Champsodon nudivittis","2010-11-01",33.915,35.468
"Champsodon nudivittis","2020-01-01",40.3719,22.8993
"Champsodon nudivittis","2015-05-01",35.3667,35.8667
"Champsodon nudivittis","2010-12-01",36.842,30.682
"Champsodon nudivittis","2018-11-24",32.1337,34.66
"Champsodon nudivittis","2012-09-01",36.812,30.731
"Champsodon nudivittis","2015-04-01",37.865,27.203
"Champsodon nudivittis","2019-05-07",35.0502,34.0387
"Champsodon nudivittis","2010-02-06",36.5948,36.1702
"Champsodon nudivittis","2010-05-01",33.983,35.6
"Champsodon nudivittis","2011-09-01",36.124,35.889
"Champsodon nudivittis","2020-12-23",32.0055,34.6733
"Champsodon nudivittis","2019-01-01",40.2344,25.8
"Champsodon nudivittis","2010-10-31",36.5948,36.1702
"Champsodon nudivittis","2020-01-29",32.1382,34.7345
"Champsodon nudivittis","2021-01-01",39.9946,25.2513
"Champsodon nudivittis","2017-10-01",31.865,34.451
"Champsodon nudivittis","2010-05-01",34.25,35.65
"Champsodon nudivittis","2010-10-31",36.5948,36.1702
"Champsodon nudivittis","2021-04-01",36.7844,34.6414
"Champsodon nudivittis","2017-10-01",37.9393,23.3321
"Champsodon nudivittis","2021-01-01",40.3719,22.8993
"Champsodon nudivittis","2011-01-01",36.252,30.22
"Champsodon nudivittis","2018-12-22",32.1922,34.7504
"Champsodon nudivittis","2018-11-25",32.1045,34.652
"Champsodon nudivittis","2008-01-01",36.358,35.353
"Champsodon nudivittis","2012-05-01",36.396,27.858
"Champsodon nudivittis","2011-09-01",36.73,35.821
"Champsodon nudivittis","2022-01-01",39.9946,25.2513
"Champsodon nudivittis","2010-10-01",36.664,35.957
"Champsodon nudivittis","2022-01-01",39.1313,23.7765
"Champsodon nudivittis","2018-07-27",34.9122,33.6505
"Champsodon nudivittis","2010-11-01",33.904,35.472
"Champsodon nudivittis","2010-10-31",36.5948,36.1702
"Champsodon nudivittis","2011-09-01",36.491,35.425
"Champsodon nudivittis","2019-01-01",40.6098,26.0603
"Champsodon nudivittis","2019-10-10",32.289,34.7185
"Champsodon nudivittis","2014-04-01",36.924,27.896
"Champsodon nudivittis","2022-01-01",40.3719,22.8993
"Champsodon nudivittis","2018-11-24",32.1337,34.7345
"Champsodon nudivittis","2020-01-29",32.1922,34.7504
"Champsodon nudivittis","2018-12-22",32.1337,34.66
"Champsodon nudivittis","2011-01-01",31.902,34.501
"Champsodon nudivittis","2020-01-01",40.6098,26.0603
"Champsodon nudivittis","2014-01-01",36.606,35.866
"Champsodon nudivittis","2021-01-01",40.6098,26.0603
"Champsodon nudivittis","2016-01-01",36.556,31.896
"Champsodon nudivittis","2018-10-29",32.1382,34.6627
"Champsodon nudivittis","2022-01-01",40.6098,26.0603
"Champsodon nudivittis","2010-02-01",36.075,35.635
"Chanos chanos","2011-09-01",36.252,32.271
"Cheilinus lunulatus","2022-05-01",31.556,34.452
"Cheilodipterus novemstriatus","2023-06-01",37.1163,27.3114
"Cheilodipterus novemstriatus","2021-05-26",32.0482,34.6893
"Cheilodipterus novemstriatus","2021-02-12",32.1922,34.7504
"Cheilodipterus novemstriatus","2010-01-01",32.089,34.759
"Cheilodipterus novemstriatus","2021-08-28",32.082,34.7079
"Cheilodipterus novemstriatus","2021-04-18",32.019,34.7185
"Cheilodipterus novemstriatus","2021-05-27",32.1112,34.7558
"Cheilodipterus novemstriatus","2012-08-01",34.084,35.646
"Cheilodipterus novemstriatus","2012-09-01",34.032,35.623
"Cheilodipterus novemstriatus","2021-05-02",31.9762,34.66
"Cheilodipterus novemstriatus","2014-12-01",36.1278,35.9122
"Cheilodipterus novemstriatus","2017-07-01",36.2552,27.6995
"Cheilodipterus novemstriatus","2014-12-01",36.315,33.875
"Cheilodipterus novemstriatus","2018-05-22",34.9122,33.6505
"Cheilodipterus novemstriatus","2020-04-18",31.9492,34.6866
"Cheilodipterus novemstriatus","2020-02-11",32.1337,34.7345
"Cheilodipterus novemstriatus","2014-11-01",36.1231,33.6964
"Cheilodipterus novemstriatus","2021-08-15",32.289,34.785
"Cheilodipterus novemstriatus","2018-08-03",34.9122,33.6505
"Cheilodipterus novemstriatus","2020-08-01",36.3225,28.2106
"Cheilodipterus novemstriatus","2021-06-24",32.1112,34.7558
"Cheilodipterus novemstriatus","2020-04-18",31.9492,34.6866
"Cheilodipterus novemstriatus","2021-05-26",32.3407,34.7983
"Cheilodipterus novemstriatus","2021-06-26",32.1922,34.7504
"Cheilodipterus novemstriatus","2020-04-17",32.019,34.7185
"Cheilodipterus novemstriatus","2021-08-15",32.262,34.785
"Cheilodipterus novemstriatus","2021-08-28",32.0527,34.6919
"Cheilodipterus novemstriatus","2012-08-01",33.072,35.093
"Cheilodipterus novemstriatus","2021-05-26",32.019,34.676
"Cheilodipterus novemstriatus","2020-04-20",31.9492,34.6467
"Cheilodipterus novemstriatus","2021-04-17",31.9492,34.6866
"Cheilodipterus novemstriatus","2015-10-01",35.003,34.074
"Cheilodipterus novemstriatus","2014-10-01",34.361,35.729
"Cheilodipterus novemstriatus","2021-06-29",31.9492,34.6467
"Cheilodipterus novemstriatus","2017-07-01",36.2231,27.613
"Cheilodipterus novemstriatus","2012-07-01",34.084,35.647
"Cheilodipterus novemstriatus","2021-08-28",32.0257,34.6786
"Cheilopogon furcatus","2019-10-01",32.019,34.676
"Cheilopogon furcatus","2016-09-16",32.2192,34.7611
"Cheilopogon furcatus","2019-10-10",32.0055,34.6733
"Cheilopogon furcatus","2021-10-29",32.1337,34.7345
"Cheilopogon furcatus","2020-09-05",32.019,34.676
"Cheilopogon furcatus","2010-10-01",32.019,34.676
"Cheilopogon furcatus","2021-09-16",32.1922,34.6813
"Cheilopogon furcatus","2011-09-05",32.0527,34.6919
"Cheilopogon furcatus","2021-09-06",32.0482,34.6893
"Cheilopogon furcatus","2013-09-05",32.0527,34.6919
"Cheilopogon furcatus","2014-09-06",32.0482,34.6893
"Cheilopogon furcatus","2020-09-06",32.0482,34.6893
"Cheilopogon furcatus","2021-10-30",32.2192,34.7611
"Cheilopogon furcatus","2004-01-01",33.583,11.233
"Cheilopogon furcatus","2014-09-05",31.992,34.668
"Chilomycterus reticulatus","2023-08-01",37.6457,12.5782
"Chilomycterus reticulatus","2023-01-01",42.0337,11.8572
"Chilomycterus reticulatus","2008-03-01",38.9673,8.4502
"Chilomycterus reticulatus","2023-01-01",40.0853,8.489
"Chilomycterus reticulatus","2023-01-01",42.0315,11.8502
"Chilomycterus spinosus","2008-12-01",36.6444,-4.1776
"Chloroscombrus chrysurus","1997-12-01",36.712,-3.694
"Chlorurus rhakoura","2017-02-01",36.637,15.149
"Chrysiptera cyanea","2013-08-01",45.515,13.575
"Chrysiptera hemicyanea","2017-06-06",35.0502,34.0387
"Chrysiptera hemicyanea","2017-06-01",35.901,14.503
"Coryogalops ocheticus","1969-04-01",31.17,33.17
"Coryogalops ocheticus","1924-01-01",31.26,32.33
"Crenidens crenidens","1970-01-01",31.15,33.2
"Crenidens crenidens","2012-07-24",34.9122,33.6505
"Crenidens crenidens","1902-01-01",30.3316,32.3527
"Crenidens crenidens","2005-01-01",32.0816,24.007
"Crenidens crenidens","1999-01-01",32.108,20.009
"Crenidens crenidens","1902-01-01",31.2744,32.3143
"Moolgarda seheli","2020-05-01",31.2521,30.2084
"Cryptocentrus caeruleopunctatus","2024-08-01",33.2747,35.1972
"Cryptocentrus caeruleopunctatus","2014-11-01",33.137,35.149
"Cryptocentrus steinhardti","2016-12-01",31.7598,34.4547
"Cryptocentrus steinhardti","2012-02-01",31.7534,34.4506
"Cryptocentrus steinhardti","2018-01-01",31.7473,34.4131
"Ctenogobius boleosoma","2021-09-01",40.22,16.7393
"Ctenogobius boleosoma","2019-10-01",36.8,30.7
"Ctenogobius boleosoma","2019-08-01",36.6,30.8
"Cyclichthys spilostylus","2011-12-01",36.736,34.667
"Cyclichthys spilostylus","1992-01-01",31.803,34.601
"Cyclichthys spilostylus","2009-01-01",32.855,35.047
"Cyclopterus lumpus","2004-09-01",42.406,18.451
"Cyclopterus lumpus","2017-08-10",34.9122,33.6505
"Cynoglossus sinusarabici","2014-01-28",31.7647,34.5084
"Cynoglossus sinusarabici","2014-01-23",32.1112,34.7185
"Cynoglossus sinusarabici","2014-10-30",32.2192,34.7611
"Cynoglossus sinusarabici","2016-12-18",32.1607,34.7398
"Cynoglossus sinusarabici","2015-01-22",32.1877,34.7478
"Cynoglossus sinusarabici","2016-12-04",32.0482,34.6893
"Cynoglossus sinusarabici","2007-08-07",34.9122,33.6505
"Cynoglossus sinusarabici","2016-11-26",32.2192,34.7611
"Cynoglossus sinusarabici","2015-01-12",31.7647,34.4153
"Cynoglossus sinusarabici","1997-08-21",34.9122,33.6505
"Cynoglossus sinusarabici","2016-06-13",32.3407,34.7983
"Cynoglossus sinusarabici","2017-01-22",32.1337,34.7345
"Cynoglossus sinusarabici","2017-10-02",31.92,34.6254
"Cynoglossus sinusarabici","2017-10-10",31.9762,34.6201
"Cynoglossus sinusarabici","2015-10-02",32.0055,34.6121
"Cynoglossus sinusarabici","2015-10-02",32.082,34.644
"Cynoglossus sinusarabici","2017-12-18",32.2192,34.7611
"Cynoglossus sinusarabici","2016-06-29",32.1382,34.6627
"Cynoglossus sinusarabici","2015-01-22",32.307,34.8223
"Cynoglossus sinusarabici","2016-12-04",32.0527,34.6919
"Cynoglossus sinusarabici","2016-12-03",32.1382,34.7345
"Cynoglossus sinusarabici","2014-10-30",32.1607,34.7398
"Cynoglossus sinusarabici","2015-12-04",32.1607,34.7398
"Cynoglossus sinusarabici","2016-10-10",32.289,34.7185
"Cynoglossus sinusarabici","2016-12-22",31.7647,34.5084
"Cynoglossus sinusarabici","2017-01-23",32.1607,34.7744
"Cynoglossus sinusarabici","2016-05-26",32.019,34.676
"Cynoglossus sinusarabici","2017-01-19",32.9392,34.9553
"Cynoglossus sinusarabici","2015-01-13",31.9762,34.5642
"Cynoglossus sinusarabici","2015-01-23",32.082,34.7079
"Cynoglossus sinusarabici","2004-05-24",35.0502,34.0387
"Cynoglossus sinusarabici","2015-12-23",31.8885,34.6041
"Cynoglossus sinusarabici","2016-06-30",32.028,34.6786
"Cynoglossus sinusarabici","2015-05-26",32.0482,34.6893
"Cynoglossus sinusarabici","2015-01-31",32.1337,34.7345
"Cynoglossus sinusarabici","2017-01-24",32.1922,34.6813
"Cynoglossus sinusarabici","2015-01-20",32.4712,34.785
"Cynoglossus sinusarabici","2015-10-10",32.289,34.7185
"Cynoglossus sinusarabici","1999-01-01",36.294,33.881
"Cynoglossus sinusarabici","1953-01-01",32.844,35.023
"Cynoglossus sinusarabici","2015-01-22",32.307,34.7877
"Cynoglossus sinusarabici","2015-10-01",31.992,34.6068
"Cynoglossus sinusarabici","2015-09-05",32.019,34.676
"Cynoglossus sinusarabici","2017-12-22",31.7647,34.5084
"Cynoglossus sinusarabici","2017-09-05",32.0527,34.6919
"Cynoglossus sinusarabici","2016-09-05",31.992,34.668
"Cynoglossus sinusarabici","2017-01-30",32.1045,34.7185
"Cynoglossus sinusarabici","2016-11-27",32.1382,34.7345
"Cynoglossus sinusarabici","2017-01-28",32.505,34.8542
"Cynoglossus sinusarabici","2008-01-01",36.671,35.93
"Cynoglossus sinusarabici","2015-12-18",32.1877,34.7478
"Cynoglossus sinusarabici","2017-01-23",32.1337,34.7345
"Cynoglossus sinusarabici","2015-12-03",32.1337,34.7345
"Cynoglossus sinusarabici","2005-04-01",36.5948,36.1702
"Cynoglossus sinusarabici","2017-09-06",32.0482,34.6893
"Cynoglossus sinusarabici","1997-07-16",34.9122,33.6505
"Dagetichthys lusitanicus","1960-01-01",40.418,0.586
"Dagetichthys lusitanicus","1978-01-01",41.077,1.27
"Dagetichthys lusitanicus","1982-01-01",41.63,2.751
"Decapterus russelli","2020-03-24",32.0257,34.6786
"Decapterus russelli","2017-02-28",32.1382,34.7345
"Decapterus russelli",NA,32.0527,34.6919
"Decapterus russelli","2017-01-28",32.3992,34.7584
"Decapterus russelli","2019-02-27",32.1045,34.6254
"Decapterus russelli","2017-02-28",32.1607,34.668
"Decapterus russelli","2018-01-24",32.1922,34.6813
"Decapterus russelli","2018-01-14",31.9492,34.6866
"Decapterus russelli","2017-01-27",31.9492,34.6866
"Decapterus russelli","2017-03-23",32.1337,34.7345
"Decapterus russelli","2020-03-23",32.1337,34.7345
"Decapterus russelli","2017-03-19",32.1337,34.7345
"Decapterus russelli","2018-01-28",32.433,34.7717
"Decapterus russelli","2018-01-20",32.4375,34.7717
"Decapterus russelli","2017-02-23",32.1922,34.7504
"Decapterus russelli","2017-03-18",32.1922,34.7504
"Decapterus russelli","2017-02-21",32.1922,34.6547
"Decapterus russelli","2017-03-25",31.965,34.6573
"Decapterus russelli","2017-01-30",32.1337,34.66
"Decapterus russelli","2017-02-27",32.0707,34.7026
"Decapterus russelli","2017-01-28",32.649,34.8435
"Decapterus russelli","2017-02-23",31.7647,34.4552
"Decapterus russelli","2020-02-22",31.7647,34.4552
"Decapterus russelli","2017-02-14",32.1337,34.7664
"Decapterus russelli","2017-02-14",31.92,34.6733
"Decapterus russelli","2017-03-19",32.082,34.7079
"Decapterus russelli","2017-03-31",32.082,34.7079
"Decapterus russelli","2017-01-12",31.7647,34.4153
"Decapterus russelli","2017-02-27",32.3407,34.7132
"Decapterus russelli","2017-02-26",32.1045,34.7185
"Decapterus russelli","2018-02-21",31.992,34.5802
"Decapterus russelli","2017-02-28",32.1337,34.66
"Decapterus russelli","2018-01-14",31.7647,34.5084
"Decapterus russelli","2017-01-14",31.7647,34.5084
"Decapterus russelli","2017-01-13",31.7647,34.5084
"Decapterus russelli","2017-01-27",32.9392,34.918
"Decapterus russelli","2017-02-22",31.9492,34.6228
"Decapterus russelli","2017-03-23",32.1045,34.7185
"Decapterus russelli","2017-03-30",32.1112,34.7185
"Decapterus russelli","2020-02-26",32.1337,34.7345
"Decapterus russelli","2017-02-23",31.7647,34.5084
"Decapterus russelli","2017-02-22",31.7647,34.5084
"Decapterus russelli","2019-03-27",31.7647,34.5084
"Decapterus russelli","2020-03-28",31.992,34.668
"Decapterus russelli","2017-03-25",31.9492,34.6467
"Decapterus russelli","2020-02-24",31.9492,34.6467
"Decapterus russelli","2018-03-24",32.1337,34.7345
"Decapterus russelli","2020-02-24",31.9492,34.6228
"Decapterus russelli","2005-01-01",32.899,35.007
"Decapterus russelli","2018-03-24",32.1877,34.7478
"Decapterus russelli","2017-01-30",32.1045,34.652
"Decapterus russelli","2009-12-01",36.571,36.102
"Decapterus russelli","2017-02-15",32.0055,34.6733
"Decapterus russelli","2017-02-27",32.1877,34.7478
"Decapterus russelli","2018-02-23",31.9492,34.6467
"Decapterus russelli","2020-02-27",32.0055,34.6733
"Decapterus russelli","2017-03-24",31.992,34.668
"Dentex canariensis","2017-03-01",36.71,-3.6764
"Dentex canariensis","2019-07-01",39.6502,0.2015
"Dicologlossa hexophthalma","1977-12-01",42.355,3.201
"Dicologlossa hexophthalma","1980-11-01",42.356,3.202
"Dicologlossa hexophthalma","1977-01-01",41.669,3.382
"Dicologlossa hexophthalma","1988-01-01",43.064,5.399
"Dicologlossa hexophthalma","1985-01-01",45.215,12.32
"Diodon hystrix","2019-12-01",33.2672,35.191
"Diodon hystrix","2017-02-01",34.5599,32.9393
"Diodon hystrix","2016-11-01",39.9103,4.2969
"Diodon hystrix","1963-01-01",40.189,16.892
"Diodon hystrix","2016-11-01",39.91,4.296
"Diplodus bellottii","1983-01-01",36.733,-2.418
"Diplogrammus randalli","2016-01-01",36.701,28.879
"Dipterygonotus balteatus","2017-08-01",34.5218,35.9684
"Dussumieria elopsoides","2018-03-24",32.1045,34.652
"Dussumieria elopsoides","2017-04-16",31.92,34.6254
"Dussumieria elopsoides","1997-07-30",34.9122,33.6505
"Dussumieria elopsoides","2018-03-31",32.082,34.644
"Dussumieria elopsoides","2017-04-18",31.9492,34.6866
"Dussumieria elopsoides","2017-04-27",31.9492,34.6467
"Dussumieria elopsoides","2017-04-20",31.9492,34.6467
"Dussumieria elopsoides","2021-04-01",36.5824,35.8304
"Dussumieria elopsoides","1994-01-01",36.768,34.687
"Dussumieria elopsoides","2008-01-01",36.671,35.93
"Dussumieria elopsoides","2017-04-30",32.1607,34.7398
"Dussumieria elopsoides","2017-04-20",31.9762,34.66
"Dussumieria elopsoides","2017-04-28",32.847,34.9074
"Dussumieria elopsoides","2018-03-25",32.1337,34.66
"Dussumieria elopsoides","2017-03-25",32.1607,34.668
"Dussumieria elopsoides","2018-04-28",31.992,34.668
"Dussumieria elopsoides","2017-04-28",32.847,34.9393
"Dussumieria elopsoides","2019-04-30",32.1607,34.7398
"Dussumieria elopsoides","2018-03-31",32.1607,34.668
"Dussumieria elopsoides","2004-10-14",36.5948,36.1702
"Dussumieria elopsoides","2004-10-15",36.5948,36.1702
"Dussumieria elopsoides","1953-01-01",32.076,34.732
"Dussumieria elopsoides","2017-04-21",32.019,34.676
"Dussumieria elopsoides","2005-11-15",36.5948,36.1702
"Dussumieria elopsoides","2017-04-24",32.0257,34.6786
"Elates ransonnettii","2010-03-01",43.546,16.383
"Elates ransonnettii","2005-10-01",39.346,17.133
"Enchelycore anatina","2007-09-01",42.952,15.997
"Enchelycore anatina","2022-07-01",39.9731,8.3888
"Enchelycore anatina","2022-07-01",39.9731,8.3888
"Enchelycore anatina","2017-07-01",38.6506,26.5228
"Enchelycore anatina","2010-07-01",42.757,16.512
"Enchelycore anatina","2011-07-01",35.9597,35.9244
"Enchelycore anatina","1979-01-01",32.06,34.74
"Enchelycore anatina","2020-07-01",37.9343,15.7129
"Enchelycore anatina","2010-04-01",36.321,28.228
"Enchelycore anatina","2021-04-24",32.0257,34.6786
"Enchelycore anatina","2011-01-01",38.9095,17.0203
"Enchelycore anatina","2022-07-01",40.6784,8.196
"Enchelycore anatina","2021-07-01",40.8511,17.4528
"Enchelycore anatina","2022-07-01",40.6784,8.196
"Enchelycore anatina","2015-08-01",36.7457,21.9094
"Enchelycore anatina","2020-04-19",32.0482,34.6893
"Enchelycore anatina","2012-05-01",37.01,15.306
"Enchelycore anatina","2013-08-01",36.7463,21.9103
"Enchelycore anatina","2008-01-01",35.122,33.964
"Enchelycore anatina","2015-08-01",36.7503,21.9179
"Enchelycore anatina","2011-08-01",39.844,18.387
"Enchelycore anatina","2022-08-01",37.8021,12.4237
"Enchelycore anatina","2014-08-01",36.7503,21.9179
"Enchelycore anatina","2013-06-01",33.904,35.482
"Enchelycore anatina","2012-09-01",37.747,20.961
"Enchelycore anatina","2020-12-01",32.3886,23.141
"Enchelycore anatina","2021-08-01",40.5811,8.2652
"Enchelycore anatina","2022-09-01",36.8184,15.1109
"Enchelycore anatina","2015-07-01",36.6291,22.8762
"Enchelycore anatina","2013-09-01",35.986,14.327
"Enchelycore anatina","2012-08-01",37.701,20.939
"Enchelycore anatina","2021-04-16",31.7647,34.4552
"Enchelycore anatina","2017-06-01",37.6165,15.1772
"Enchelycore anatina","2000-01-01",36.7,30.7
"Enchelycore anatina","2021-04-28",32.9392,34.926
"Enchelycore anatina","2021-08-01",40.5811,8.2652
"Enchelycore anatina","2014-09-01",34.986,34.078
"Enchelycore anatina","2022-07-01",37.8021,12.4237
"Enchelycore anatina","2021-07-01",40.851,17.4528
"Enchelycore anatina","2016-09-01",37.5563,15.1605
"Enchelycore anatina","2022-09-01",36.8184,15.1109
"Enchelycore anatina","2021-04-20",32.019,34.676
"Enchelycore anatina","2015-11-01",42.676,17.962
"Enchelycore anatina","2019-08-01",42.106,15.4867
"Enchelycore anatina","2022-08-01",37.5648,12.6624
"Enchelycore anatina","2022-08-01",37.5648,12.6624
"Enchelycore anatina","2021-04-29",32.1337,34.66
"Enchelycore anatina","2020-04-29",32.1607,34.668
"Enchelycore anatina","2020-04-30",32.1337,34.66
"Encrasicholina gloria","2016-01-01",31.983,34.529
"Epinephelus areolatus","2019-12-01",33.8339,35.4581
"Epinephelus areolatus","2019-05-01",35.541,35.7512
"Epinephelus areolatus","2019-11-01",33.4601,35.2865
"Epinephelus areolatus","2015-08-01",32.763,34.913
"Epinephelus areolatus","2023-05-01",35.1875,35.9397
"Epinephelus areolatus","2023-04-01",36.417,35.882
"Epinephelus areolatus","2021-09-01",34.861,35.856
"Epinephelus coioides","2021-11-14",36.297,35.775
"Epinephelus coioides","1969-01-01",32.076,34.732
"Epinephelus coioides","1998-05-01",45.56,13.57
"Epinephelus coioides","1969-01-01",32.841,35.05
"Epinephelus coioides","2024-05-08",41.534,2.457
"Epinephelus coioides","2014-11-01",36.8346,30.6109
"Epinephelus coioides","1966-01-01",32.841,35.05
"Epinephelus fasciatus","2021-09-01",36.5385,32.0045
"Epinephelus fasciatus","2020-05-26",31.992,34.7052
"Epinephelus fasciatus","2011-01-01",34.493,35.911
"Epinephelus geoffroyi","2015-01-01",32.231,34.812
"Epinephelus malabaricus","2021-01-01",31.2395,29.9411
"Epinephelus malabaricus","2021-01-01",31.597777,30.097222
"Epinephelus malabaricus","1966-01-01",32.841,35.05
"Epinephelus malabaricus","2022-01-01",31.314444,27.970833
"Epinephelus malabaricus","2011-07-01",35.902,14.521
"Epinephelus malabaricus","2025-07-06",35.82,14.55
"Epinephelus malabaricus","2022-01-01",31.3714,27.2777
"Epinephelus merra","2004-09-01",43.066,5.804
"Epinephelus striatus","2021-09-01",40.8256,14.2238
"Equulites klunzingeri","2015-06-08",32.1922,34.7504
"Equulites klunzingeri","2014-02-23",32.1922,34.7504
"Equulites klunzingeri","2017-10-23",32.1922,34.7504
"Equulites klunzingeri","2014-10-12",32.1922,34.7504
"Equulites klunzingeri","2016-01-19",32.9392,34.9553
"Equulites klunzingeri","1934-01-01",32.845,34.968
"Equulites klunzingeri","2015-10-08",32.9662,34.9845
"Equulites klunzingeri","2015-09-05",32.0527,34.6919
"Equulites klunzingeri","2016-08-28",32.0527,34.6919
"Equulites klunzingeri","2014-05-11",32.0257,34.6786
"Equulites klunzingeri","2016-08-30",32.0257,34.6786
"Equulites klunzingeri","2014-08-13",32.0257,34.6786
"Equulites klunzingeri","2015-09-12",32.0257,34.6786
"Equulites klunzingeri","2019-11-30",32.0257,34.6786
"Equulites klunzingeri","2020-11-04",32.0257,34.6786
"Equulites klunzingeri","2015-08-28",32.0257,34.6786
"Equulites klunzingeri","2014-02-23",32.0257,34.6786
"Equulites klunzingeri","2016-09-27",32.0257,34.6786
"Equulites klunzingeri","2019-08-20",36.4831,28.226
"Equulites klunzingeri","2004-10-14",36.5948,36.1702
"Equulites klunzingeri","1981-01-01",36.622,34.424
"Equulites klunzingeri","2018-05-26",32.019,34.7185
"Equulites klunzingeri","2019-12-22",32.1607,34.668
"Equulites klunzingeri","1981-01-01",36.705,34.845
"Equulites klunzingeri","2015-06-10",31.965,34.6573
"Equulites klunzingeri","2016-09-16",32.1922,34.6813
"Equulites klunzingeri","2015-10-18",31.8705,34.5323
"Equulites klunzingeri","2017-10-18",31.8705,34.5323
"Equulites klunzingeri","2018-09-10",36.3786,28.2384
"Equulites klunzingeri","2005-09-08",34.9122,33.6505
"Equulites klunzingeri","2020-05-12",32.082,34.644
"Equulites klunzingeri","2018-10-02",32.082,34.644
"Equulites klunzingeri","2014-10-28",32.082,34.644
"Equulites klunzingeri","2016-10-02",32.082,34.644
"Equulites klunzingeri","2017-11-29",32.3182,34.7052
"Equulites klunzingeri","2014-02-14",32.1337,34.7664
"Equulites klunzingeri","2019-06-26",32.1337,34.7664
"Equulites klunzingeri","2019-06-11",32.1607,34.7398
"Equulites klunzingeri","2015-08-11",32.1607,34.7398
"Equulites klunzingeri","2017-10-30",32.1607,34.7398
"Equulites klunzingeri","2019-11-30",32.1607,34.7398
"Equulites klunzingeri","2016-12-04",32.1607,34.7398
"Equulites klunzingeri","2014-11-30",32.1607,34.7398
"Equulites klunzingeri","2018-06-09",31.92,34.6733
"Equulites klunzingeri","2014-11-12",31.92,34.6733
"Equulites klunzingeri","2017-01-28",31.92,34.6733
"Equulites klunzingeri","2014-12-03",35.3466,25.2788
"Equulites klunzingeri","2019-06-25",31.92,34.6733
"Equulites klunzingeri","2016-01-22",37.5779,23.3926
"Equulites klunzingeri","2019-11-30",32.2192,34.7611
"Equulites klunzingeri","2015-08-28",32.082,34.7079
"Equulites klunzingeri","2015-10-31",32.082,34.7079
"Equulites klunzingeri","2016-10-30",32.082,34.7079
"Equulites klunzingeri","2015-06-13",32.3407,34.7398
"Equulites klunzingeri","2015-10-10",32.0055,34.6733
"Equulites klunzingeri","2019-07-10",34.925,24.7782
"Equulites klunzingeri","2015-08-29",31.9492,34.6467
"Equulites klunzingeri","2019-06-24",32.082,34.7451
"Equulites klunzingeri","2016-06-24",32.082,34.7451
"Equulites klunzingeri","2014-01-02",40.4454,17.0513
"Equulites klunzingeri","2019-09-25",31.9492,34.6467
"Equulites klunzingeri","1982-01-01",36.622,34.424
"Equulites klunzingeri","2017-10-09",31.92,34.5855
"Equulites klunzingeri","2017-11-03",31.92,34.5855
"Equulites klunzingeri","2015-09-06",32.0482,34.6893
"Equulites klunzingeri","2018-05-27",31.9492,34.6866
"Equulites klunzingeri","2019-05-27",31.9492,34.6866
"Equulites klunzingeri","2018-10-02",31.9492,34.6866
"Equulites klunzingeri","2015-11-28",31.9492,34.6866
"Equulites klunzingeri","2014-11-12",31.9492,34.6866
"Equulites klunzingeri","2014-12-19",31.9492,34.6866
"Equulites klunzingeri","2014-04-18",31.9492,34.6866
"Equulites klunzingeri","2015-12-22",32.1337,34.7664
"Equulites klunzingeri","2014-12-23",32.1337,34.7664
"Equulites klunzingeri","2015-05-11",32.1045,34.7185
"Equulites klunzingeri","2017-06-09",32.1045,34.7185
"Equulites klunzingeri","2015-08-10",32.1045,34.7185
"Equulites klunzingeri","2014-09-28",32.1045,34.7185
"Equulites klunzingeri","1981-01-01",36.204,34.028
"Equulites klunzingeri","1982-01-01",36.204,34.028
"Equulites klunzingeri","1994-01-01",36.768,34.687
"Equulites klunzingeri","2015-06-12",32.4375,34.7717
"Equulites klunzingeri","2016-12-03",32.1337,34.7345
"Equulites klunzingeri","2017-01-22",32.1337,34.7345
"Equulites klunzingeri","2017-11-30",32.505,34.7717
"Equulites klunzingeri","1997-05-03",35.0502,34.0387
"Equulites klunzingeri","2018-05-10",31.9492,34.6467
"Equulites klunzingeri","2014-06-29",31.9492,34.6467
"Equulites klunzingeri","2019-09-26",31.9492,34.6467
"Equulites klunzingeri","2015-09-28",31.9492,34.6467
"Equulites klunzingeri","2015-09-27",31.9492,34.6467
"Equulites klunzingeri","2015-09-26",31.9492,34.6467
"Equulites klunzingeri","2016-09-25",31.9492,34.6467
"Equulites klunzingeri","2018-09-29",31.9492,34.6467
"Equulites klunzingeri","2014-12-19",32.2192,34.6946
"Equulites klunzingeri","2014-09-26",31.9492,34.6467
"Equulites klunzingeri","2015-09-12",31.9492,34.6467
"Equulites klunzingeri","2014-10-01",31.9492,34.6467
"Equulites klunzingeri","2014-10-02",31.9492,34.6467
"Equulites klunzingeri","2014-05-26",32.1112,34.7185
"Equulites klunzingeri","2015-09-25",32.1112,34.7185
"Equulites klunzingeri","2014-05-26",32.0482,34.6893
"Equulites klunzingeri","2015-08-12",32.0482,34.6893
"Equulites klunzingeri","2019-09-06",32.0482,34.6893
"Equulites klunzingeri","2015-11-25",31.8412,34.511
"Equulites klunzingeri","2020-11-27",32.0482,34.6893
"Equulites klunzingeri","2014-12-04",32.0482,34.6893
"Equulites klunzingeri","2014-11-27",32.0482,34.6893
"Equulites klunzingeri","2015-10-23",32.1922,34.7504
"Equulites klunzingeri","2016-10-23",32.1922,34.7504
"Equulites klunzingeri","2017-10-31",32.1922,34.7504
"Equulites klunzingeri","2019-10-23",32.1922,34.7504
"Equulites klunzingeri","2017-10-12",32.1922,34.7504
"Equulites klunzingeri","2015-10-12",32.1922,34.7504
"Equulites klunzingeri","2015-12-22",32.1922,34.7504
"Equulites klunzingeri","2017-10-10",32.289,34.7185
"Equulites klunzingeri","2018-10-10",32.289,34.7185
"Equulites klunzingeri","2016-06-03",36.2862,28.1847
"Equulites klunzingeri","2019-06-25",32.1337,34.7664
"Equulites klunzingeri","2017-08-15",32.289,34.785
"Equulites klunzingeri","2014-08-15",32.289,34.785
"Equulites klunzingeri","2020-12-25",31.7647,34.5084
"Equulites klunzingeri","2015-12-26",31.7647,34.5084
"Equulites klunzingeri","2015-12-24",31.7647,34.5084
"Equulites klunzingeri","2016-12-21",31.7647,34.5084
"Equulites klunzingeri","2016-12-25",31.7647,34.5084
"Equulites klunzingeri","2017-12-28",31.7647,34.5084
"Equulites klunzingeri","2017-12-25",31.7647,34.5084
"Equulites klunzingeri","2014-12-25",31.7647,34.5084
"Equulites klunzingeri","2014-12-28",31.7647,34.5084
"Equulites klunzingeri","2017-10-19",32.1112,34.6547
"Equulites klunzingeri","2014-05-26",32.3407,34.7983
"Equulites klunzingeri","2018-06-10",31.965,34.6946
"Equulites klunzingeri","2014-06-24",31.965,34.6946
"Equulites klunzingeri","2004-10-15",36.5948,36.1702
"Equulites klunzingeri","2016-12-23",32.0055,34.6733
"Equulites klunzingeri","2005-11-10",36.5948,36.1702
"Equulites klunzingeri","2015-10-22",35.4167,25.0196
"Equulites klunzingeri","2003-02-01",36.5948,36.1702
"Equulites klunzingeri","2003-01-01",36.5948,36.1702
"Equulites klunzingeri","2014-05-26",32.3992,34.8196
"Equulites klunzingeri","2015-10-31",32.3992,34.8196
"Equulites klunzingeri","2017-10-31",32.3992,34.8196
"Equulites klunzingeri","2014-05-15",32.5072,34.8542
"Equulites klunzingeri","2014-02-21",31.992,34.5802
"Equulites klunzingeri","2016-01-22",32.307,34.8223
"Equulites klunzingeri","2014-05-14",32.1112,34.7185
"Equulites klunzingeri","2019-09-25",32.1112,34.7185
"Equulites klunzingeri","2017-11-25",31.8412,34.511
"Equulites klunzingeri","2016-10-08",32.9662,34.9393
"Equulites klunzingeri","1982-01-01",36.705,34.845
"Equulites klunzingeri","2019-11-29",31.965,34.6573
"Equulites klunzingeri","2017-01-01",31.25,29.87
"Equulites klunzingeri","2018-05-28",31.992,34.7052
"Equulites klunzingeri","2015-10-12",31.8705,34.5323
"Equulites klunzingeri","2016-10-12",31.8705,34.5323
"Equulites klunzingeri","2014-12-26",31.7647,34.4552
"Equulites klunzingeri","1997-08-26",34.9122,33.6505
"Equulites klunzingeri","2005-08-02",34.9122,33.6505
"Equulites klunzingeri","2015-10-28",31.9762,34.66
"Equulites klunzingeri","2014-05-11",32.5072,34.8542
"Equulites klunzingeri","2015-08-15",32.289,34.785
"Equulites klunzingeri","2014-05-17",32.1337,34.7345
"Equulites klunzingeri","2015-11-28",31.92,34.6733
"Equulites klunzingeri","2019-06-24",31.92,34.6733
"Equulites klunzingeri","2014-05-15",32.5072,34.8728
"Equulites klunzingeri","2017-08-11",32.1337,34.7345
"Equulites klunzingeri","2015-09-16",32.2192,34.7611
"Equulites klunzingeri","2016-10-30",32.2192,34.7611
"Equulites klunzingeri","2016-10-23",32.2192,34.7611
"Equulites klunzingeri","2019-11-26",32.2192,34.7611
"Equulites klunzingeri","2015-06-08",32.2192,34.7611
"Equulites klunzingeri","2015-11-29",32.2192,34.7611
"Equulites klunzingeri","2014-11-02",32.082,34.7079
"Equulites klunzingeri","2016-08-28",32.082,34.7079
"Equulites klunzingeri","2015-11-26",32.019,34.676
"Equulites klunzingeri","2014-12-27",31.7647,34.4153
"Equulites klunzingeri","2019-11-29",32.2462,34.777
"Equulites klunzingeri","2015-05-10",32.847,34.9074
"Equulites klunzingeri","2017-10-27",32.847,34.9074
"Equulites klunzingeri","2016-01-01",36.556,31.896
"Equulites klunzingeri","2014-02-22",31.7647,34.4552
"Equulites klunzingeri","2019-10-29",32.1337,34.7345
"Equulites klunzingeri","2019-05-28",31.9492,34.6866
"Equulites klunzingeri","2016-10-29",31.9492,34.6467
"Equulites klunzingeri","2019-12-28",31.9492,34.6467
"Equulites klunzingeri","2017-10-08",32.8717,34.9287
"Equulites klunzingeri","2017-10-09",32.9662,34.9393
"Equulites klunzingeri","2017-10-27",32.9662,34.9393
"Equulites klunzingeri","2020-05-11",32.1337,34.66
"Equulites klunzingeri","2014-12-22",32.1337,34.66
"Equulites klunzingeri","2019-07-15",32.1337,34.66
"Equulites klunzingeri","1983-01-01",36.212,34.008
"Equulites klunzingeri","2019-12-27",31.7647,34.4552
"Equulites klunzingeri","2014-12-28",31.7647,34.4552
"Equulites klunzingeri","2016-10-30",32.1337,34.7345
"Equulites klunzingeri","2017-12-22",31.7647,34.5084
"Equulites klunzingeri","2015-06-12",32.1337,34.7345
"Equulites klunzingeri","2014-09-29",32.1337,34.7345
"Equulites klunzingeri","2016-08-02",32.8717,34.9287
"Equulites klunzingeri","2016-01-23",32.1607,34.7744
"Equulites klunzingeri","2014-08-14",36.3001,28.1865
"Equulites klunzingeri","2018-05-21",32.1337,34.7345
"Equulites klunzingeri","2016-11-12",31.7647,34.5084
"Equulites klunzingeri","2019-12-24",31.7647,34.5084
"Equulites klunzingeri","2017-06-10",32.1337,34.7345
"Equulites klunzingeri","2017-12-04",32.0527,34.6919
"Equulites klunzingeri","1983-01-01",36.773,34.721
"Equulites klunzingeri","2016-09-28",32.1337,34.7345
"Equulites klunzingeri","2017-08-02",32.9797,34.9446
"Equulites klunzingeri","2019-06-09",32.1337,34.7345
"Equulites klunzingeri","2019-09-29",32.1337,34.7345
"Equulites klunzingeri","2019-10-09",32.9662,34.9393
"Equulites klunzingeri","2014-10-28",31.992,34.6068
"Equulites klunzingeri","2014-10-01",31.992,34.6068
"Equulites klunzingeri","2007-01-01",36.671,35.931
"Equulites klunzingeri","2008-01-01",36.671,35.931
"Equulites klunzingeri","1965-07-22",36.5948,36.1702
"Equulites klunzingeri","2014-11-29",32.2462,34.777
"Equulites klunzingeri","2014-05-02",31.9762,34.66
"Equulites klunzingeri","2017-08-03",32.9797,34.9446
"Equulites klunzingeri","2014-12-24",31.7647,34.5084
"Equulites klunzingeri","2016-08-12",32.1382,34.7345
"Equulites klunzingeri","2014-10-29",32.1382,34.7345
"Equulites klunzingeri","2014-08-29",31.9492,34.6467
"Equulites klunzingeri","2017-02-11",32.1382,34.7345
"Equulites klunzingeri","2017-01-27",32.9662,34.9393
"Equulites klunzingeri","2015-05-10",31.965,34.6573
"Equulites klunzingeri","1931-01-01",35.181,35.854
"Equulites klunzingeri","2014-09-27",31.992,34.668
"Equulites klunzingeri","2014-01-27",32.9392,34.918
"Equulites klunzingeri","1984-01-01",36.212,34.009
"Equulites klunzingeri","2018-08-02",32.9797,34.9446
"Equulites klunzingeri","2020-11-12",32.0257,34.5882
"Equulites klunzingeri","2016-12-22",31.7647,34.5084
"Equulites klunzingeri","2015-04-20",31.9762,34.66
"Equulites klunzingeri","2014-11-01",31.9762,34.66
"Equulites klunzingeri","2017-10-02",32.0055,34.6121
"Equulites klunzingeri","1981-01-01",36.526,35.203
"Equulites klunzingeri","2016-04-27",32.847,34.8861
"Equulites klunzingeri","2019-09-27",31.9492,34.6467
"Equulites klunzingeri","2016-11-27",32.1382,34.7345
"Equulites klunzingeri","1980-01-01",40.379,22.812
"Equulites klunzingeri","2015-06-24",32.019,34.676
"Equulites klunzingeri","2014-06-25",32.1337,34.7345
"Equulites klunzingeri","2015-08-12",31.992,34.668
"Equulites klunzingeri","2015-09-13",31.992,34.668
"Equulites klunzingeri","2015-11-12",31.92,34.6733
"Equulites klunzingeri","2017-11-27",32.1382,34.6627
"Equulites klunzingeri","1984-01-01",36.773,34.721
"Equulites klunzingeri","2014-12-19",31.8975,34.6121
"Equulites klunzingeri","2019-08-03",32.9797,34.9446
"Equulites klunzingeri","2014-09-12",31.9492,34.6467
"Equulites klunzingeri","2016-02-23",31.9492,34.6467
"Equulites klunzingeri","2014-12-23",32.1337,34.7345
"Equulites klunzingeri","2016-11-29",32.1382,34.7345
"Equulites klunzingeri","2015-10-02",31.92,34.6254
"Equulites klunzingeri","2015-12-23",31.92,34.6254
"Equulites klunzingeri","2015-06-24",32.1112,34.7558
"Equulites klunzingeri","2018-10-28",32.847,34.9393
"Equulites klunzingeri","2014-10-28",32.847,34.9393
"Equulites klunzingeri","2018-06-12",32.1337,34.7345
"Equulites klunzingeri","2017-10-09",32.847,34.9074
"Equulites klunzingeri","2014-11-27",32.1382,34.6627
"Equulites klunzingeri","2020-05-12",32.1045,34.652
"Equulites klunzingeri","2014-08-10",32.1877,34.7478
"Equulites klunzingeri","2018-08-03",32.9797,34.9446
"Equulites klunzingeri","2015-12-25",31.7647,34.5084
"Equulites klunzingeri","2020-11-01",31.9762,34.66
"Equulites klunzingeri","2017-01-28",31.7647,34.5084
"Equulites klunzingeri","2014-01-27",31.7647,34.5084
"Equulites klunzingeri","2019-06-24",32.1337,34.7664
"Equulites klunzingeri","2015-10-30",32.2192,34.7611
"Equulites klunzingeri","2014-11-30",32.2192,34.7611
"Equulites klunzingeri","2014-11-26",32.2192,34.7611
"Equulites klunzingeri","2015-08-29",31.965,34.6573
"Equulites klunzingeri","2018-12-03",32.019,34.676
"Equulites klunzingeri","2018-10-10",31.9762,34.6201
"Equulites klunzingeri","2016-08-15",32.262,34.785
"Equulites klunzingeri","2017-06-09",32.1337,34.7345
"Equulites klunzingeri","2017-06-11",32.1877,34.7478
"Equulites klunzingeri","2015-05-01",31.8975,34.6121
"Equulites klunzingeri","2019-08-02",32.9797,34.9446
"Equulites klunzingeri","2015-04-27",32.892,34.9366
"Equulites klunzingeri","2014-11-25",32.1045,34.652
"Equulites klunzingeri","2017-01-14",31.7647,34.5084
"Equulites klunzingeri","2014-08-04",32.8717,35.0164
"Equulites klunzingeri","1982-01-01",36.526,35.203
"Equulites klunzingeri","2015-09-25",31.9492,34.6467
"Equulites klunzingeri","2020-12-03",32.1382,34.7345
"Equulites klunzingeri","2020-11-26",32.019,34.676
"Equulites klunzingeri","2018-06-10",32.1112,34.7558
"Equulites klunzingeri","2014-05-18",31.992,34.668
"Equulites klunzingeri","2020-11-01",32.0055,34.6733
"Equulites klunzingeri","2018-06-25",32.1337,34.7345
"Equulites klunzingeri","2015-09-29",31.992,34.668
"Equulites klunzingeri","2016-09-05",31.992,34.668
"Equulites klunzingeri","2017-10-29",32.1382,34.6627
"Equulites klunzingeri","2015-05-02",31.8885,34.6041
"Equulites klunzingeri","2014-11-03",31.8885,34.6041
"Equulites klunzingeri","2015-09-29",32.1337,34.7345
"Equulites klunzingeri","2015-10-10",32.892,34.9366
"Equulites klunzingeri","2015-12-23",31.7647,34.5084
"Equulites klunzingeri","2015-12-04",32.019,34.676
"Equulites klunzingeri","2017-02-22",32.163,34.7398
"Equulites klunzingeri","2000-01-01",42.697,17.737
"Equulites klunzingeri","2015-06-13",32.505,34.7957
"Equulites klunzingeri","2017-11-27",32.1382,34.7345
"Equulites klunzingeri","2018-05-10",31.992,34.668
"Equulites klunzingeri","2015-08-02",33.0067,35.0085
"Equulites klunzingeri","2017-10-10",32.892,34.9366
"Equulites klunzingeri","2017-12-23",31.8885,34.6041
"Equulites klunzingeri","2015-12-22",31.7647,34.5084
"Equulites klunzingeri","2019-10-01",32.019,34.676
"Equulites klunzingeri","2015-10-01",32.019,34.676
"Equulites klunzingeri","2015-02-22",31.7647,34.5084
"Equulites klunzingeri","2018-11-29",32.1382,34.7345
"Equulites klunzingeri","2014-05-02",32.019,34.676
"Equulites klunzingeri","2020-11-26",32.2192,34.7611
"Equulites klunzingeri","2014-08-28",32.1337,34.7345
"Equulites klunzingeri","2015-08-03",32.892,34.9366
"Equulites klunzingeri","2015-10-24",31.992,34.668
"Equulites klunzingeri","2014-06-15",31.92,34.6254
"Equulites klunzingeri","2018-08-10",31.92,34.6254
"Equulites klunzingeri","2014-12-26",31.7647,34.5084
"Equulites klunzingeri","2015-06-13",32.3407,34.7983
"Equulites klunzingeri","2014-05-17",32.082,34.7079
"Equulites klunzingeri","2020-11-03",31.965,34.6573
"Equulites klunzingeri","2015-06-12",32.3407,34.7398
"Equulites klunzingeri","1984-01-01",36.569,35.992
"Equulites klunzingeri","2017-12-23",31.7647,34.5084
"Equulites klunzingeri","2015-08-28",32.1337,34.7345
"Equulites klunzingeri","2019-10-29",31.92,34.6254
"Equulites klunzingeri","2017-11-25",32.1045,34.652
"Equulites klunzingeri","2015-05-17",32.019,34.676
"Equulites klunzingeri","2020-05-12",32.1337,34.66
"Equulites klunzingeri","2018-06-17",31.92,34.6254
"Equulites klunzingeri","1983-01-01",36.569,35.992
"Equulites klunzingeri","2016-09-05",32.019,34.676
"Equulites klunzingeri","2015-06-24",32.1337,34.7345
"Equulites klunzingeri","2017-08-29",32.019,34.676
"Equulites klunzingeri","2019-09-27",31.92,34.6254
"Equulites klunzingeri","2018-05-26",32.019,34.676
"Equulites leuciscus","2021-09-01",36.8312,30.8943
"Equulites popei","2015-04-01",36.116,33.531
"Equulites popei","2015-04-01",36.122,33.561
"Equulites popei","2019-05-01",36.819,30.961
"Equulites popei","2015-04-18",36.774,34.66
"Equulites popei","2016-03-01",34.629,35.975
"Equulites popei","2014-12-01",36.116,33.531
"Equulites popei","2019-05-01",36.76,31.189
"Equulites popei","2019-05-01",36.791,31.174
"Equulites popei","2019-05-01",36.818,30.924
"Equulites popei","2015-06-01",36.7836,34.6649
"Equulites popei","2011-05-01",32.098,34.759
"Equulites popei","2020-12-03",32.1337,34.7345
"Equulites popei","2014-12-06",36.774,34.66
"Etrumeus golanii","2017-06-26",31.9492,34.6866
"Etrumeus golanii","2020-04-18",32.019,34.7185
"Etrumeus golanii","2021-04-18",32.019,34.7185
"Etrumeus golanii","2020-03-27",32.2192,34.6653
"Etrumeus golanii","2021-06-24",32.082,34.7451
"Etrumeus golanii","2022-01-01",40.6098,26.0603
"Etrumeus golanii","2004-10-15",36.5948,36.1702
"Etrumeus golanii","2020-05-10",32.847,34.9074
"Etrumeus golanii","2021-06-19",31.992,34.668
"Etrumeus golanii","1995-01-01",36.671,35.93
"Etrumeus golanii","2018-05-01",35.8394,-5.2763
"Etrumeus golanii","2016-01-01",36.98793,25.56007
"Etrumeus golanii","2018-09-01",35.0087,25.7499
"Etrumeus golanii","2020-04-20",31.9492,34.6866
"Etrumeus golanii","2008-01-01",36.671,35.93
"Etrumeus golanii","2010-01-01",36.15193,29.59194
"Etrumeus golanii","2021-02-22",32.163,34.7398
"Etrumeus golanii","2018-09-01",35.3438,25.1282
"Etrumeus golanii","2021-12-20",32.2192,34.6946
"Etrumeus golanii","2021-08-23",34.1068,10.1017
"Etrumeus golanii","2002-01-01",35.43044,25.2298
"Etrumeus golanii","2020-04-20",32.019,34.676
"Etrumeus golanii","2021-06-09",32.163,34.7398
"Etrumeus golanii","2021-01-01",40.6098,26.0603
"Etrumeus golanii","2002-01-01",35.34876,25.1436
"Etrumeus golanii","1999-01-01",34.5,32.9
"Etrumeus golanii","2021-05-01",31.8975,34.6121
"Etrumeus golanii","2020-05-12",32.1045,34.652
"Etrumeus golanii","2020-03-25",32.1337,34.66
"Etrumeus golanii","2020-07-27",35.7944,10.9766
"Etrumeus golanii",NA,32.0527,34.6919
"Etrumeus golanii","2007-01-01",36.04538,27.76062
"Etrumeus golanii","2020-01-29",32.5432,34.8622
"Etrumeus golanii","2005-01-01",37.331,23.558
"Etrumeus golanii","2016-01-01",35.385,24.259
"Etrumeus golanii","2020-05-26",32.019,34.7185
"Etrumeus golanii","2021-12-19",32.1922,34.7504
"Etrumeus golanii","2018-05-01",35.8333,-5.2731
"Etrumeus golanii","2020-04-21",32.019,34.676
"Etrumeus golanii","2003-01-01",36.5948,36.1702
"Etrumeus golanii","1997-01-01",36.82,30.69
"Etrumeus golanii","2021-06-14",32.1045,34.7185
"Etrumeus golanii","1947-01-01",36.61936,27.84304
"Etrumeus golanii","2004-02-01",36.5948,36.1702
"Etrumeus golanii","1983-01-01",36.54885,27.84582
"Etrumeus golanii","2003-01-01",36.45718,28.22236
"Etrumeus golanii","2020-02-23",32.1922,34.7504
"Etrumeus golanii","2020-01-01",40.6098,26.0603
"Etrumeus golanii","2020-04-18",31.9492,34.6866
"Etrumeus golanii","2021-12-19",31.9492,34.6866
"Etrumeus golanii","2021-04-17",31.9492,34.6866
"Etrumeus golanii","2016-01-01",37.074,25.588
"Etrumeus golanii","2015-01-01",36.34117,28.21001
"Etrumeus golanii","2018-11-01",35.3438,25.1282
"Etrumeus golanii","2016-01-01",35.2624,25.7238
"Etrumeus golanii","2021-06-24",31.92,34.6733
"Etrumeus golanii","2020-04-28",31.992,34.668
"Etrumeus golanii","2019-06-29",31.9762,34.66
"Etrumeus golanii","2020-05-18",31.992,34.668
"Etrumeus golanii","2020-02-27",32.0707,34.7026
"Etrumeus golanii","2021-04-18",31.9492,34.6866
"Etrumeus golanii","2007-01-01",36.725,27.994
"Etrumeus golanii","2020-02-22",31.9492,34.6228
"Etrumeus golanii","2019-10-01",36.5824,35.8304
"Etrumeus golanii","2016-01-01",36.94093,25.58895
"Etrumeus golanii","2019-06-01",35.4999,23.6524
"Etrumeus golanii","2020-03-24",32.2462,34.777
"Etrumeus golanii","2020-12-04",32.0527,34.6919
"Etrumeus golanii","2020-01-28",32.3992,34.7584
"Etrumeus golanii","2020-04-30",32.1337,34.66
"Etrumeus golanii","2020-01-27",32.9392,34.918
"Etrumeus golanii","2016-02-01",35.2624,25.7238
"Etrumeus golanii","2019-12-01",35.3438,25.1282
"Etrumeus golanii","2017-06-25",31.9492,34.6866
"Etrumeus golanii","2017-11-01",31.865,34.451
"Etrumeus golanii","2017-06-26",32.1922,34.7504
"Etrumeus golanii","2021-06-25",32.1922,34.7504
"Etrumeus golanii","2020-04-28",32.847,34.9074
"Etrumeus golanii","2020-04-29",32.1337,34.66
"Etrumeus golanii","2002-01-01",35.12316,25.77501
"Etrumeus golanii","1991-01-01",36.82,30.69
"Etrumeus golanii","2020-01-30",32.1045,34.652
"Etrumeus golanii","2020-03-28",31.992,34.668
"Etrumeus golanii","2002-01-01",36.42359,28.19117
"Etrumeus golanii","2020-03-26",32.0527,34.6919
"Etrumeus golanii","2016-01-01",36.81783,25.459
"Etrumeus golanii","2020-05-15",32.5072,34.8542
"Etrumeus golanii","2018-07-01",35.0087,25.7499
"Etrumeus golanii","1996-01-01",36.671,35.93
"Etrumeus golanii","2019-07-01",35.4999,23.6524
"Etrumeus golanii","2020-05-12",32.082,34.644
"Etrumeus golanii","2018-09-01",35.3438,25.1282
"Etrumeus golanii","2013-12-22",31.7647,34.5084
"Etrumeus golanii","2007-01-01",36.701,27.726
"Etrumeus golanii","2020-01-30",32.1337,34.66
"Etrumeus golanii","1989-01-01",32.076,34.732
"Etrumeus golanii","1995-01-01",36.82,30.69
"Etrumeus golanii","2021-06-09",31.92,34.6733
"Etrumeus golanii","2019-05-01",35.3438,25.1282
"Etrumeus golanii","2020-05-10",31.992,34.668
"Etrumeus golanii","1994-01-01",36.671,35.93
"Etrumeus golanii","2016-01-01",36.6235,25.37083
"Etrumeus golanii","2017-04-01",32.9143,13.2385
"Etrumeus golanii","2009-01-01",36.89067,27.33967
"Etrumeus golanii","2015-01-01",36.09431,28.08867
"Etrumeus golanii","2020-05-11",32.1337,34.66
"Etrumeus golanii","2003-01-01",35.817,27.719
"Etrumeus golanii","2017-06-13",32.3182,34.793
"Etrumeus golanii","1992-01-01",36.82,30.69
"Etrumeus golanii","2008-01-01",33.2745,35.1959
"Etrumeus golanii","2004-01-01",37.296,25.692
"Etrumeus golanii","2020-03-23",32.1045,34.7185
"Etrumeus golanii","2011-09-26",34.9122,33.6505
"Etrumeus golanii","2019-08-06",34.9122,33.6505
"Etrumeus golanii","2018-09-25",34.9122,33.6505
"Etrumeus golanii","2005-01-01",35.317,25.417
"Etrumeus golanii","2020-05-15",32.5522,34.8622
"Etrumeus golanii","2020-04-22",31.7647,34.4552
"Etrumeus golanii","2020-03-31",32.082,34.644
"Etrumeus golanii","2016-04-01",35.3438,25.1282
"Etrumeus golanii","1996-01-01",36.82,30.69
"Etrumeus golanii","2021-06-09",32.1045,34.7185
"Etrumeus golanii","2017-02-01",36.6222,2.2325
"Etrumeus golanii","2007-01-01",32.076,34.732
"Etrumeus golanii","2016-01-01",36.63167,25.37767
"Etrumeus golanii","2020-03-24",32.0527,34.6919
"Etrumeus golanii","2019-04-01",35.3438,25.1282
"Etrumeus golanii","2020-03-24",31.992,34.668
"Etrumeus golanii","2019-02-23",31.7647,34.4552
"Etrumeus golanii","1998-01-01",36.8788,30.7038
"Etrumeus golanii","2019-05-01",35.3438,25.1282
"Etrumeus golanii","2020-03-01",36.7825,11.2978
"Etrumeus golanii","2020-03-25",32.1607,34.668
"Etrumeus golanii","2021-12-28",31.7647,34.4552
"Etrumeus golanii","2019-06-09",31.92,34.6733
"Etrumeus golanii","2017-01-01",36.622,2.232
"Etrumeus golanii","2016-01-01",38.18007,20.3396
"Etrumeus golanii","2020-05-11",32.0257,34.6786
"Etrumeus golanii","2017-06-11",32.1337,34.7345
"Etrumeus golanii","2020-05-11",32.5072,34.8542
"Etrumeus golanii","2020-03-24",32.0257,34.6786
"Etrumeus golanii","2020-05-19",31.992,34.668
"Etrumeus golanii","2020-05-28",31.992,34.7052
"Etrumeus golanii","1997-04-28",34.9122,33.6505
"Etrumeus golanii","1994-01-01",36.82,30.69
"Etrumeus golanii","2020-02-28",32.1337,34.66
"Etrumeus golanii","2019-06-10",35.0502,34.0387
"Etrumeus golanii","2017-05-01",35.3438,25.1282
"Etrumeus golanii","2020-05-11",32.1045,34.7185
"Etrumeus golanii","2020-12-22",31.7647,34.5084
"Etrumeus golanii","2018-01-01",37.12983,26.88183
"Etrumeus golanii","2021-06-14",32.289,34.785
"Etrumeus golanii","2020-05-15",31.9492,34.6467
"Etrumeus golanii","2017-06-10",32.1337,34.7345
"Etrumeus golanii","2018-08-13",34.9122,33.6505
"Etrumeus golanii","2017-06-10",31.965,34.6573
"Etrumeus golanii","2021-06-15",31.965,34.6573
"Etrumeus golanii","2021-02-27",32.1877,34.7478
"Etrumeus golanii","2020-06-11",32.1877,34.7478
"Etrumeus golanii","2020-03-24",32.1922,34.6813
"Etrumeus golanii","1993-01-01",36.82,30.69
"Etrumeus golanii","2003-12-01",36.441,28.157
"Etrumeus golanii","2020-01-28",32.433,34.7717
"Etrumeus golanii","2020-02-15",32.0055,34.6733
"Etrumeus golanii","2019-02-27",32.0055,34.6733
"Etrumeus golanii","2018-09-17",35.0502,34.0387
"Etrumeus golanii","2021-06-26",32.1337,34.7664
"Etrumeus golanii","2021-06-12",32.3182,34.793
"Etrumeus golanii","2020-06-10",31.965,34.6946
"Etrumeus golanii","2017-06-23",32.1337,34.66
"Etrumeus golanii","2020-04-28",32.9392,34.926
"Etrumeus golanii","2020-01-12",31.8885,34.3967
"Etrumeus golanii","2019-03-01",35.4898,24.0663
"Etrumeus golanii","2020-03-24",32.1877,34.7478
"Etrumeus golanii","2020-01-12",31.7647,34.4153
"Etrumeus golanii","2021-05-02",31.8885,34.6041
"Etrumeus golanii","2020-03-23",32.1607,34.668
"Etrumeus golanii","2017-06-25",32.1337,34.7345
"Etrumeus golanii","2020-01-30",32.1045,34.7185
"Etrumeus golanii","2021-06-12",32.1337,34.7664
"Etrumeus golanii","2019-12-04",32.1607,34.7398
"Etrumeus golanii","2020-05-17",32.082,34.7079
"Etrumeus golanii","2020-03-25",31.9492,34.6467
"Etrumeus golanii","2020-01-28",32.505,34.8542
"Etrumeus golanii","2020-03-25",31.965,34.6573
"Etrumeus golanii","2021-12-27",31.7647,34.4153
"Etrumeus golanii","2019-08-12",35.0502,34.0387
"Etrumeus golanii","2021-12-23",31.8885,34.6041
"Etrumeus golanii","2020-02-28",32.1607,34.668
"Etrumeus golanii","2020-04-24",32.0257,34.6786
"Etrumeus golanii","2020-04-29",32.1607,34.7398
"Etrumeus golanii","2020-04-30",32.1607,34.7398
"Etrumeus golanii","2021-06-17",31.92,34.6254
"Etrumeus golanii","2020-01-13",31.7647,34.5084
"Etrumeus golanii","2019-12-22",31.7647,34.5084
"Etrumeus golanii","2020-05-10",31.9492,34.6467
"Etrumeus golanii","1990-01-01",35.40943,25.06229
"Etrumeus golanii","2021-05-11",32.1337,34.66
"Etrumeus golanii","2016-05-01",35.4898,24.0663
"Etrumeus golanii","2020-04-22",31.7647,34.4153
"Etrumeus golanii","2020-02-23",31.7647,34.5084
"Etrumeus golanii","1961-01-01",32.8496,35.002
"Etrumeus golanii","1997-01-01",36.671,35.93
"Etrumeus golanii","2021-06-25",31.92,34.6733
"Etrumeus golanii","2020-01-27",31.7647,34.5084
"Etrumeus golanii","2020-06-25",32.1337,34.7345
"Etrumeus golanii","2018-10-01",35.0087,25.7499
"Etrumeus golanii","2020-12-21",31.7647,34.5084
"Etrumeus golanii","2004-01-01",35.584,23.956
"Etrumeus golanii","1992-01-01",31.2056,29.8925
"Etrumeus golanii","2020-01-22",32.1877,34.7478
"Etrumeus golanii","2020-02-22",31.965,34.6573
"Etrumeus golanii","2020-05-13",32.1337,34.66
"Etrumeus golanii","2017-11-01",35.3438,25.1282
"Etrumeus golanii","2020-05-12",32.1337,34.66
"Etrumeus golanii","2021-05-27",32.1112,34.7558
"Etrumeus golanii","2021-06-24",32.1337,34.7345
"Etrumeus golanii","2005-01-01",35.483,12.65
"Etrumeus golanii","2002-01-01",35.62398,23.59485
"Etrumeus golanii","2018-09-01",35.0087,25.7499
"Etrumeus golanii","2021-12-25",31.7647,34.5084
"Etrumeus golanii","2020-05-17",32.1607,34.668
"Etrumeus golanii","2020-02-11",32.1382,34.7345
"Etrumeus golanii","2021-06-15",31.92,34.6254
"Etrumeus golanii","2020-02-26",32.1045,34.7185
"Etrumeus golanii","2017-06-11",32.1607,34.7398
"Etrumeus golanii","2021-06-24",32.1112,34.7558
"Etrumeus golanii","2020-06-09",32.1337,34.7345
"Etrumeus golanii","2016-02-01",35.4898,24.0663
"Etrumeus golanii","2016-01-01",35.40951,25.01931
"Etrumeus golanii","2012-01-01",35.40951,25.01931
"Etrumeus golanii","2014-09-01",35.058,34.08
"Etrumeus golanii","2017-06-25",32.1112,34.7185
"Etrumeus golanii","2020-05-26",32.3407,34.7983
"Etrumeus golanii","2019-12-23",31.7647,34.5084
"Etrumeus golanii","2020-04-29",32.1607,34.668
"Etrumeus golanii","2017-03-01",37.223,10.372
"Etrumeus golanii","2020-05-26",31.992,34.7052
"Etrumeus golanii","2019-02-01",35.4898,24.0663
"Etrumeus golanii","2020-02-27",32.1382,34.7345
"Etrumeus golanii","2016-02-01",35.4898,24.0663
"Etrumeus golanii","2014-01-01",36.30133,28.18809
"Etrumeus golanii","2020-02-28",31.9492,34.6467
"Etrumeus golanii","2004-01-01",36.42034,28.17563
"Etrumeus golanii","2020-01-28",31.7647,34.5084
"Etrumeus golanii","2020-02-21",32.1922,34.6547
"Etrumeus golanii","2020-03-30",32.1382,34.7345
"Etrumeus golanii","2016-01-01",36.83783,25.4915
"Etrumeus golanii","2020-01-28",32.649,34.8435
"Etrumeus golanii","2020-01-28",31.7647,34.5084
"Etrumeus golanii","2014-06-01",35.489,12.662
"Etrumeus golanii","2020-03-24",32.1337,34.7345
"Etrumeus golanii","2021-06-23",31.92,34.6254
"Etrumeus golanii","2020-01-29",32.1382,34.7345
"Etrumeus golanii","2020-04-28",32.9662,34.9393
"Etrumeus golanii","2021-06-24",31.965,34.6946
"Etrumeus golanii","2021-02-11",32.1382,34.7345
"Etrumeus golanii","2020-03-23",32.1337,34.7345
"Etrumeus golanii","2020-05-11",32.1337,34.7345
"Etrumeus golanii","2020-02-12",31.9492,34.6467
"Etrumeus golanii","1990-01-01",36.82,30.69
"Etrumeus golanii","2020-01-23",32.082,34.7079
"Etrumeus golanii","2018-12-04",32.0482,34.6893
"Etrumeus golanii","2020-02-28",32.1382,34.7345
"Etrumeus golanii","2019-09-23",35.0502,34.0387
"Etrumeus golanii","2019-06-01",35.0087,25.7499
"Etrumeus golanii","2021-12-23",31.7647,34.5084
"Etrumeus golanii","2020-05-14",32.1112,34.7185
"Etrumeus golanii","2021-06-25",32.1112,34.7185
"Etrumeus golanii","2009-01-01",39.233,26.667
"Etrumeus golanii","2003-01-01",36.42034,28.17563
"Etrumeus golanii","2021-12-19",32.1337,34.7345
"Etrumeus golanii","2021-02-22",31.7647,34.5084
"Etrumeus golanii","2020-01-14",31.7647,34.5084
"Etrumeus golanii","2019-04-29",32.1607,34.668
"Etrumeus golanii","2020-05-26",32.1112,34.7185
"Etrumeus golanii","2020-01-31",32.1337,34.7345
"Etrumeus golanii","2013-12-24",32.1337,34.7345
"Favonigobius melanobranchus","1978-05-01",31.179,33.165
"Fistularia commersonii","2010-06-10",34.8917,33.6517
"Fistularia commersonii","2005-10-01",39.938,9.714
"Fistularia commersonii","2007-11-01",42.972,6.201
"Fistularia commersonii","2018-08-17",35.9525,14.4466
"Fistularia commersonii","2021-08-10",32.1877,34.7478
"Fistularia commersonii","2014-11-01",37.986,12.029
"Fistularia commersonii","2010-11-01",44.392,8.925
"Fistularia commersonii","2007-11-01",42.082,11.785
"Fistularia commersonii","2014-06-19",31.992,34.668
"Fistularia commersonii","2008-01-01",36.661,2.686
"Fistularia commersonii","2006-12-01",39.9296,18.3963
"Fistularia commersonii","2014-03-30",34.9562,34.064
"Fistularia commersonii","2020-09-12",31.9492,34.6467
"Fistularia commersonii","2008-01-01",36.426,28.185
"Fistularia commersonii","2018-12-18",32.1877,34.7478
"Fistularia commersonii","2011-02-01",35.795,14.443
"Fistularia commersonii","2005-01-01",32.101,24.031
"Fistularia commersonii","2014-09-14",34.9122,33.6505
"Fistularia commersonii","2022-01-01",35.1465,33.9858
"Fistularia commersonii","2021-06-01",34.9489,34.0728
"Fistularia commersonii","2014-08-01",37.192,26.433
"Fistularia commersonii","2019-07-15",32.1337,34.66
"Fistularia commersonii","2010-12-01",37.989,12.062
"Fistularia commersonii","2017-09-07",34.9122,33.6505
"Fistularia commersonii","2010-10-01",41.921,8.744
"Fistularia commersonii","2011-02-01",35.797,14.433
"Fistularia commersonii","2019-09-01",36.4467,28.1646
"Fistularia commersonii","2008-09-30",36.43889,28.20444
"Fistularia commersonii","2011-01-01",37.092,25.149
"Fistularia commersonii","2018-06-12",36.0165,14.2534
"Fistularia commersonii","2019-04-01",42.1518,11.7301
"Fistularia commersonii","2020-12-04",32.0527,34.6919
"Fistularia commersonii","2016-09-16",34.9122,33.6505
"Fistularia commersonii","2010-02-28",31.9492,34.6467
"Fistularia commersonii","2021-11-30",31.992,34.668
"Fistularia commersonii","2013-08-01",32.717,20.941
"Fistularia commersonii","2015-04-27",34.9122,33.6505
"Fistularia commersonii","2006-01-01",32.102,24.031
"Fistularia commersonii","2012-07-26",34.9122,33.6505
"Fistularia commersonii","2001-01-01",36.967,27.95
"Fistularia commersonii","2020-09-05",32.0527,34.6919
"Fistularia commersonii","2014-08-01",41.064,17.091
"Fistularia commersonii","2022-08-02",32.8717,34.9287
"Fistularia commersonii","2014-11-29",32.3182,34.7052
"Fistularia commersonii","2018-01-01",35.17007,24.41926
"Fistularia commersonii","2000-01-01",32.31,34.83
"Fistularia commersonii","2014-05-16",31.992,34.668
"Fistularia commersonii","2011-10-01",42.461,18.416
"Fistularia commersonii","2010-02-27",32.1877,34.7478
"Fistularia commersonii","2010-10-01",41.841,9.497
"Fistularia commersonii","2019-09-29",31.9492,34.6467
"Fistularia commersonii","2011-02-01",35.961,14.434
"Fistularia commersonii","2014-02-28",32.1337,34.66
"Fistularia commersonii","2015-01-01",38.2332,15.6361
"Fistularia commersonii","2018-01-01",35.01888,25.86803
"Fistularia commersonii","2011-02-01",36.081,14.248
"Fistularia commersonii","2010-09-01",41.655,8.831
"Fistularia commersonii","2014-10-01",32.019,34.676
"Fistularia commersonii","2006-12-01",35.66,10.964
"Fistularia commersonii","2015-12-22",32.1337,34.66
"Fistularia commersonii","2015-06-19",31.992,34.668
"Fistularia commersonii","2010-11-01",43.286,5.334
"Fistularia commersonii","2010-10-01",42.689,9.452
"Fistularia commersonii","2021-11-25",31.8412,34.511
"Fistularia commersonii",NA,32.0527,34.6919
"Fistularia commersonii","2005-01-01",32.1,24.031
"Fistularia commersonii","2010-12-01",41.694,2.843
"Fistularia commersonii","2015-11-30",32.3182,34.7052
"Fistularia commersonii","2009-12-01",35.844,14.57
"Fistularia commersonii","2011-01-01",37.048,25.271
"Fistularia commersonii","2001-01-01",31.088,29.694
"Fistularia commersonii","2016-07-17",34.9122,33.6505
"Fistularia commersonii","2016-01-01",37.80767,23.57367
"Fistularia commersonii","2013-04-03",37.6223,26.3061
"Fistularia commersonii","2020-09-26",31.9492,34.6467
"Fistularia commersonii","2021-09-30",31.9492,34.6467
"Fistularia commersonii","2011-09-01",37.768,23.332
"Fistularia commersonii","2021-09-28",31.9492,34.6467
"Fistularia commersonii","2003-01-01",35,24.667
"Fistularia commersonii","2010-10-01",41.788,8.708
"Fistularia commersonii","2008-08-01",41.837,9.411
"Fistularia commersonii","2009-08-01",43.694,7.314
"Fistularia commersonii","2010-01-01",36.019,14.336
"Fistularia commersonii","2007-11-01",41.264,13.246
"Fistularia commersonii","2016-01-01",36.42903,22.48624
"Fistularia commersonii","2017-02-22",31.965,34.6573
"Fistularia commersonii","2002-12-01",35.483,12.6
"Fistularia commersonii","2019-03-27",31.9492,34.4685
"Fistularia commersonii","2014-07-03",35.4722,24.1498
"Fistularia commersonii","2000-09-28",34.9846,34.0867
"Fistularia commersonii","2014-01-28",31.7647,34.5084
"Fistularia commersonii","2000-01-01",31.85,34.636
"Fistularia commersonii","2005-01-01",32.099,24.031
"Fistularia commersonii","2010-11-01",44.378,8.699
"Fistularia commersonii","2008-01-01",40.604,14.33
"Fistularia commersonii","2011-02-01",35.903,14.511
"Fistularia commersonii","2008-01-01",33.2753,35.1961
"Fistularia commersonii","2014-10-01",34.361,35.729
"Fistularia commersonii","2018-10-30",35.0742,32.3334
"Fistularia commersonii","2021-08-29",31.965,34.6573
"Fistularia commersonii","2017-04-18",32.019,34.7185
"Fistularia commersonii","2007-01-01",36.32217,28.21082
"Fistularia commersonii","2001-01-01",36.833,28
"Fistularia commersonii","2021-08-10",31.992,34.668
"Fistularia commersonii","2005-01-01",32.098,24.031
"Fistularia commersonii","2013-07-01",35.591,24.097
"Fistularia commersonii","2021-08-29",31.992,34.668
"Fistularia commersonii","2008-01-01",35.53371,23.66748
"Fistularia commersonii","2010-11-01",43.798,7.786
"Fistularia commersonii","2002-01-01",32.367,34.783
"Fistularia commersonii","2020-09-16",32.2192,34.7611
"Fistularia commersonii","2017-01-01",36.37874,28.23848
"Fistularia commersonii","2010-10-01",43.993,8.202
"Fistularia commersonii","2014-03-28",31.992,34.668
"Fistularia commersonii","2021-09-12",31.9492,34.6467
"Fistularia commersonii","2010-12-01",36.745,15.116
"Fistularia commersonii","2018-01-01",35.636,34.2385
"Fistularia commersonii","2019-06-22",36.3795,28.2395
"Fistularia commersonii","2010-11-01",41.913,8.734
"Fistularia commersonii","2021-11-24",32.1337,34.66
"Fistularia commersonii","2010-09-01",32.561,34.746
"Fistularia commersonii","2015-02-22",31.7647,34.5084
"Fistularia commersonii","2018-12-23",31.8885,34.6041
"Fistularia commersonii","2017-08-27",34.9122,33.6505
"Fistularia commersonii","2013-12-08",35.0748,32.3341
"Fistularia commersonii","2010-11-01",44.379,8.699
"Fistularia commersonii","2010-10-01",42.264,8.656
"Fistularia commersonii","2013-05-01",31.657,19.947
"Fistularia commersonii","2019-01-01",36.7217,22.5412
"Fistularia commersonii","2010-10-01",42.571,8.757
"Fistularia commersonii","2021-01-01",36.8815,22.2333
"Fistularia commersonii","2021-01-01",37.7813,26.8936
"Fistularia commersonii","2013-08-01",32.775,22.656
"Fistularia commersonii","2020-02-01",36.4467,28.1646
"Fistularia commersonii","2014-04-01",36.45,28.23
"Fistularia commersonii","2010-08-01",36.017,14.238
"Fistularia commersonii","2015-12-20",32.2192,34.6946
"Fistularia commersonii","2016-01-01",35.01777,25.85777
"Fistularia commersonii","2010-12-01",35.852,14.57
"Fistularia commersonii","2019-01-01",31.1411,29.8268
"Fistularia commersonii","2015-05-13",34.9609,33.8287
"Fistularia commersonii","2010-10-01",41.893,8.759
"Fistularia commersonii","2001-06-01",36.833,30.667
"Fistularia commersonii","2014-11-12",31.92,34.6733
"Fistularia commersonii","2014-08-01",37.174,26.45
"Fistularia commersonii","2022-01-01",36.8815,22.2333
"Fistularia commersonii","2011-12-01",42.461,18.416
"Fistularia commersonii","2020-01-01",36.28617,28.18474
"Fistularia commersonii","2018-01-01",37.169,25.91967
"Fistularia commersonii","2021-10-29",32.1382,34.7345
"Fistularia commersonii","2018-12-03",32.019,34.676
"Fistularia commersonii","2011-01-01",35.964,14.426
"Fistularia commersonii","2020-01-01",34.92519,24.77858
"Fistularia commersonii","2010-10-01",42.517,8.664
"Fistularia commersonii","2001-01-01",36.667,34.65
"Fistularia commersonii","2020-10-09",31.92,34.5855
"Fistularia commersonii","2019-01-01",36.7245,22.556
"Fistularia commersonii","2010-11-01",41.961,3.231
"Fistularia commersonii","2020-10-30",32.2192,34.7611
"Fistularia commersonii","2019-01-01",36.973,26.9223
"Fistularia commersonii","2021-10-02",31.9492,34.6467
"Fistularia commersonii","2001-01-01",36.033,28
"Fistularia commersonii","2014-09-01",35.051,34.023
"Fistularia commersonii","2008-11-01",36.942,7.053
"Fistularia commersonii","2020-07-01",36.4467,28.2064
"Fistularia commersonii","2017-01-01",36.32249,28.21057
"Fistularia commersonii","2017-06-18",32.0257,34.6786
"Fistularia commersonii","2019-09-28",34.9855,34.0839
"Fistularia commersonii","2017-01-01",39.18375,20.20448
"Fistularia commersonii","2020-01-01",36.41163,22.49107
"Fistularia commersonii","2021-10-08",32.9662,34.9393
"Fistularia commersonii","2019-07-19",34.9846,34.0867
"Fistularia commersonii","2014-11-25",32.1112,34.6281
"Fistularia commersonii","2021-08-15",32.289,34.785
"Fistularia commersonii","2011-05-09",34.9122,33.6505
"Fistularia commersonii","2004-10-01",42.417,11.083
"Fistularia commersonii","2018-09-26",35.1011,24.5634
"Fistularia commersonii","2010-06-30",34.6863,33.0727
"Fistularia commersonii","2016-10-02",32.082,34.644
"Fistularia commersonii","2015-07-12",34.6863,33.0727
"Fistularia commersonii","2011-08-22",34.9122,33.6505
"Fistularia commersonii","2015-05-11",34.9122,33.6505
"Fistularia commersonii","2010-01-01",38.193,13.344
"Fistularia commersonii","2010-09-20",34.9122,33.6505
"Fistularia commersonii","2018-05-14",32.1112,34.7185
"Fistularia commersonii","2010-09-22",34.9122,33.6505
"Fistularia commersonii","2002-11-01",35.4937,12.5763
"Fistularia commersonii","2012-08-01",39.802,4.282
"Fistularia commersonii","2020-12-22",31.7647,34.5084
"Fistularia commersonii","2019-09-29",32.1337,34.7345
"Fistularia commersonii","2021-11-26",32.019,34.676
"Fistularia commersonii","2021-10-08",32.8717,34.9287
"Fistularia commersonii","2014-06-17",32.1382,34.7345
"Fistularia commersonii","2015-07-01",33.5039,11.1119
"Fistularia commersonii","2019-01-01",35.3374,25.3873
"Fistularia commersonii","2019-01-01",36.70231,21.88406
"Fistularia commersonii","2014-05-24",35.0012,34.0658
"Fistularia commersonii","2014-06-04",34.9122,33.6505
"Fistularia commersonii","2021-08-02",32.9797,34.9446
"Fistularia commersonii","2021-12-23",32.1337,34.7345
"Fistularia commersonii","2013-12-01",35.8891,10.6014
"Fistularia commersonii","2018-01-01",35.51465,27.20927
"Fistularia commersonii","2010-11-01",43.421,6.766
"Fistularia commersonii","2012-11-01",32.356,20.288
"Fistularia commersonii","2010-10-01",43.577,7.131
"Fistularia commersonii","2020-09-01",37.6472,20.8454
"Fistularia commersonii","2010-10-01",43.991,8.202
"Fistularia commersonii","2016-09-19",35.2545,26.2249
"Fistularia commersonii","2003-11-01",38.067,12.917
"Fistularia commersonii","2019-01-01",34.93173,24.95315
"Fistularia commersonii","2020-01-01",36.16712,28.09579
"Fistularia commersonii","2010-01-01",36.43889,28.20445
"Fistularia commersonii","2011-02-01",35.809,14.457
"Fistularia commersonii","2003-06-11",34.9122,33.6505
"Fistularia commersonii","2010-10-01",39.512,26.742
"Fistularia commersonii","2006-01-01",33.916,35.503
"Fistularia commersonii","2020-10-30",32.082,34.7079
"Fistularia commersonii","2021-01-01",36.8508,22.2577
"Fistularia commersonii","2016-01-01",37.18867,25.54867
"Fistularia commersonii","2011-02-01",35.825,14.546
"Fistularia commersonii","2020-10-30",32.1337,34.7345
"Fistularia commersonii","2013-06-01",31.657,19.947
"Fistularia commersonii","2014-08-14",34.9122,33.6505
"Fistularia commersonii","2015-12-24",32.1337,34.7345
"Fistularia commersonii","2016-09-24",34.9122,33.6505
"Fistularia commersonii","2020-09-28",31.965,34.6573
"Fistularia commersonii","2010-10-01",43.024,9.405
"Fistularia commersonii","2009-07-08",35.0502,34.0387
"Fistularia commersonii","2018-12-04",32.019,34.676
"Fistularia commersonii","2010-02-11",32.1382,34.7345
"Fistularia commersonii","2010-11-01",43.842,8.065
"Fistularia commersonii","2021-11-27",32.1382,34.7345
"Fistularia commersonii","2015-10-24",35.0748,32.3341
"Fistularia commersonii","2004-01-01",37.1873,10.2221
"Fistularia commersonii","2018-12-03",32.1337,34.7345
"Fistularia commersonii","2014-12-18",31.9492,34.6866
"Fistularia commersonii","2018-12-23",31.7647,34.5084
"Fistularia commersonii","2016-01-01",36.7606,34.659
"Fistularia commersonii","2021-11-24",32.1337,34.7345
"Fistularia commersonii","2015-04-28",31.992,34.668
"Fistularia commersonii","2016-06-07",36.0565,28.082
"Fistularia commersonii","2014-12-19",32.1337,34.7345
"Fistularia commersonii","2015-01-01",35.00921,25.84383
"Fistularia commersonii","2008-01-01",35.0027,25.735
"Fistularia commersonii","2021-06-29",32.1382,34.6627
"Fistularia commersonii","2007-02-01",34.996,25.736
"Fistularia commersonii","2016-09-12",32.0257,34.6786
"Fistularia commersonii","2010-10-01",42.719,9.253
"Fistularia commersonii","2019-12-22",32.1607,34.668
"Fistularia commersonii","2008-01-01",35.914,27.736
"Fistularia commersonii","2014-11-29",31.965,34.6573
"Fistularia commersonii","2015-06-01",37.0464,11.0844
"Fistularia commersonii","2009-12-01",43.694,7.314
"Fistularia commersonii","2020-08-01",37.6821,20.8755
"Fistularia commersonii","2010-06-08",35.0041,24.7472
"Fistularia commersonii","2004-01-01",36.461,28.164
"Fistularia commersonii","2013-05-01",32.131,20.053
"Fistularia commersonii","2011-01-01",38.81169,23.22565
"Fistularia commersonii","2004-01-01",37.197,10.209
"Fistularia commersonii","2021-01-01",40.6098,26.0603
"Fistularia commersonii","2020-09-05",31.992,34.668
"Fistularia commersonii","2013-12-01",35.7885,10.8338
"Fistularia commersonii","2015-06-17",32.1112,34.6281
"Fistularia commersonii","2014-06-14",34.9577,25.2333
"Fistularia commersonii","2004-01-01",36.4213,28.1826
"Fistularia commersonii","2018-01-01",37.16983,25.922
"Fistularia commersonii","2007-01-01",36.701,27.726
"Fistularia commersonii","2007-11-01",39.148,9.386
"Fistularia commersonii","2018-01-01",37.169,25.92067
"Fistularia commersonii","2016-01-01",37.82383,23.57083
"Fistularia commersonii","2019-02-23",32.0257,34.6786
"Fistularia commersonii","2015-06-19",32.0257,34.6786
"Fistularia commersonii","2019-01-01",34.95122,24.75418
"Fistularia commersonii","2020-11-26",32.2192,34.7611
"Fistularia commersonii","2016-06-08",35.0899,26.2708
"Fistularia commersonii","2022-01-01",37.7813,26.8936
"Fistularia commersonii","2021-06-17",32.1112,34.6281
"Fistularia commersonii","2019-09-01",34.9122,33.6505
"Fistularia commersonii","2019-09-13",31.992,34.668
"Fistularia commersonii","2014-01-01",35.6686,35.6686
"Fistularia commersonii","2008-01-01",36.8,2.883
"Fistularia commersonii","2001-01-01",36.833,30.667
"Fistularia commersonii","2007-01-01",36.808,27.703
"Fistularia commersonii","2010-11-01",43.416,6.829
"Fistularia commersonii","2007-10-01",41.403,12.623
"Fistularia commersonii","2014-11-24",32.1045,34.652
"Fistularia commersonii","2018-06-01",35.0742,32.3334
"Fistularia commersonii","2021-10-10",32.0055,34.6733
"Fistularia commersonii","2013-06-01",32.131,20.053
"Fistularia commersonii","2014-10-02",31.9492,34.6866
"Fistularia commersonii","2002-01-01",32.979,13.168
"Fistularia commersonii","2006-12-01",32.897,13.155
"Fistularia commersonii","2008-01-01",36.016,14.231
"Fistularia commersonii","2005-01-01",32.1,20.05
"Fistularia commersonii","2018-12-05",34.6868,33.0726
"Fistularia commersonii","2012-11-01",32.131,20.053
"Fistularia commersonii","2022-01-01",36.6136,27.1543
"Fistularia commersonii","2020-10-02",32.082,34.644
"Fistularia commersonii","2007-12-01",40.604,14.33
"Fistularia commersonii","2003-10-01",36.817,11.167
"Fistularia commersonii","2019-12-05",34.6868,33.0726
"Fistularia commersonii","2010-11-01",38.257,15.235
"Fistularia commersonii","2016-05-08",34.9122,33.6505
"Fistularia commersonii","2018-06-05",34.6829,33.081
"Fistularia commersonii","2017-01-01",36.92938,22.14021
"Fistularia commersonii","2005-01-01",36.4214,28.1825
"Fistularia commersonii","2013-11-01",42.279,18.855
"Fistularia commersonii","2014-10-01",34.2992,10.0697
"Fistularia commersonii","2014-12-21",31.9762,34.5642
"Fistularia commersonii","2013-08-29",32.019,34.676
"Fistularia commersonii","2021-08-12",32.019,34.676
"Fistularia commersonii","2013-09-01",42.198,18.937
"Fistularia commersonii","2019-08-01",35.0742,32.3334
"Fistularia commersonii","2016-09-22",35.2294,23.9056
"Fistularia commersonii","2013-05-01",32.131,20.053
"Fistularia commersonii","2008-01-01",34.878,35.864
"Fistularia commersonii","2019-05-27",31.9492,34.6866
"Fistularia commersonii","2010-01-01",36.055,14.178
"Fistularia commersonii","2010-10-01",43.992,8.202
"Fistularia commersonii","2002-05-16",36.458,25.3717
"Fistularia commersonii","2006-08-01",36.43889,28.20442
"Fistularia commersonii","2021-07-15",32.1112,34.7185
"Fistularia commersonii","2019-01-01",36.23238,28.15332
"Fistularia commersonii","2005-01-01",37.67638,23.94032
"Fistularia commersonii","2015-05-11",36.3615,25.4046
"Fistularia commersonii","2020-11-25",32.1045,34.652
"Fistularia commersonii","2018-01-01",37.20033,25.05333
"Fistularia commersonii","2021-08-12",32.1382,34.7345
"Fistularia commersonii","2008-05-01",37.59,21.37
"Fistularia commersonii","2012-11-01",32.131,20.053
"Fistularia commersonii","2006-12-19",36.16022,28.0886
"Fistularia commersonii","2015-10-02",31.9492,34.6467
"Fistularia commersonii","2018-08-10",35.2013,24.1198
"Fistularia commersonii","2008-12-15",36.07433,28.01541
"Fistularia commersonii","2009-09-03",36.16022,28.0886
"Fistularia commersonii","2022-01-01",36.8508,22.2577
"Fistularia commersonii","2010-01-01",38.2034,15.6312
"Fistularia commersonii","2007-01-01",42.422,18.536
"Fistularia commersonii","2014-11-25",31.9492,34.5642
"Fistularia commersonii","2018-06-20",36.0184,14.2455
"Fistularia commersonii","2019-01-01",36.9882,26.9207
"Fistularia commersonii","2010-01-01",36.91,15.154
"Fistularia commersonii","2017-08-03",32.9797,34.9446
"Fistularia commersonii","2009-08-01",41.332,9.254
"Fistularia commersonii","2013-06-01",32.131,20.053
"Fistularia commersonii","2016-10-08",34.9695,25.2713
"Fistularia commersonii","2014-01-01",37.81867,23.65183
"Fistularia commersonii","2004-01-01",35.083,35.867
"Fistularia commersonii","2017-06-24",32.019,34.676
"Fistularia commersonii","2017-05-15",32.262,34.5935
"Fistularia commersonii","2018-01-01",37.19117,25.55933
"Fistularia commersonii","2020-09-12",32.0257,34.6786
"Fistularia commersonii","2017-01-01",36.93467,26.98613
"Fistularia commersonii","2010-01-01",38.204,13.234
"Fistularia commersonii","2019-10-31",32.0257,34.6228
"Fistularia commersonii","2015-04-18",31.9492,34.6866
"Fistularia commersonii","2021-08-11",32.1337,34.7345
"Fistularia commersonii","2017-09-29",31.992,34.668
"Fistularia commersonii","2010-12-01",37.554,-0.968
"Fistularia commersonii","2014-01-27",31.9492,34.6866
"Fistularia commersonii","2016-05-13",34.9609,33.8287
"Fistularia commersonii","2018-08-19",36.7862,24.6365
"Fistularia commersonii","2021-01-01",36.9917,26.9138
"Fistularia commersonii","2007-04-19",36.42034,28.17563
"Fistularia commersonii","2004-08-01",35.468,27.071
"Fistularia commersonii","2019-09-01",36.335,28.2424
"Fistularia commersonii","2017-01-01",36.92758,26.96689
"Fistularia commersonii","2002-11-01",33.717,11.15
"Fistularia commersonii","2005-01-01",32.914,13.153
"Fistularia commersonii","2016-01-01",36.74472,22.57027
"Fistularia commersonii","2019-06-13",35.2014,24.1234
"Fistularia commersonii","2017-06-18",34.9122,33.6505
"Fistularia commersonii","2013-06-01",32.356,20.288
"Fistularia commersonii","2007-02-01",36.943,26.992
"Fistularia commersonii","2021-11-27",32.0482,34.6893
"Fistularia commersonii","2021-10-09",32.847,34.9074
"Fistularia commersonii","2011-01-01",37.132,25.268
"Fistularia commersonii","2008-03-03",36.16022,28.0886
"Fistularia commersonii","2008-02-01",36.583,1.733
"Fistularia commersonii","2013-10-01",32.915,13.171
"Fistularia commersonii","2010-10-01",43.779,7.604
"Fistularia commersonii","2015-04-19",32.0482,34.6893
"Fistularia commersonii","2017-03-28",31.7647,34.3142
"Fistularia commersonii","2016-08-11",32.1607,34.7398
"Fistularia commersonii","2011-03-01",35.812,14.462
"Fistularia commersonii","2013-10-01",32.911,13.172
"Fistularia commersonii","2005-01-01",36.4213,28.1826
"Fistularia commersonii","2016-01-01",37.6545,23.9
"Fistularia commersonii","2007-10-04",33.2598,35.1975
"Fistularia commersonii","2018-08-10",36.1257,29.5788
"Fistularia commersonii","2010-10-01",43.009,9.401
"Fistularia commersonii","2015-02-28",32.1382,34.7345
"Fistularia commersonii","2019-07-29",33.2598,35.1975
"Fistularia commersonii","2016-09-13",35.0502,34.0387
"Fistularia commersonii","2020-02-23",32.1922,34.7504
"Fistularia commersonii","2008-01-01",35.377,-1.374
"Fistularia commersonii","2007-12-01",42.067,19.083
"Fistularia commersonii","2019-06-18",32.1922,34.7504
"Fistularia commersonii","2015-04-18",31.9492,34.6866
"Fistularia commersonii","2021-09-29",32.1337,34.7345
"Fistularia commersonii","2012-11-01",32.0055,34.6733
"Fistularia commersonii","2014-01-01",36.45718,28.22236
"Fistularia commersonii","2020-01-01",36.05647,28.08197
"Fistularia commersonii","2008-09-25",36.43889,28.20442
"Fistularia commersonii","2007-11-01",39.938,9.714
"Fistularia commersonii","2014-12-01",41.846,3.121
"Fistularia commersonii","2018-09-29",31.8885,34.6041
"Fistularia commersonii","2013-05-01",32.356,20.288
"Fistularia commersonii","2009-10-01",43.694,7.314
"Fistularia commersonii","2002-05-01",36.719,28.101
"Fistularia commersonii","2006-01-01",32.1,20.05
"Fistularia commersonii","2014-01-01",34.6581,11.0686
"Fistularia commersonii","2010-11-01",42.132,8.578
"Fistularia commersonii","2014-01-01",35.5737,23.77783
"Fistularia commersonii","2014-06-05",34.9122,33.6505
"Fistularia commersonii","2013-10-01",32.922,12.136
"Fistularia commersonii","2008-12-01",37.083,7.331
"Fistularia commersonii","2007-09-01",40.543,9.811
"Fistularia commersonii","2010-11-01",36.725,14.849
"Fistularia commersonii","2014-11-24",31.8705,34.4898
"Fistularia commersonii","2015-12-19",32.2192,34.6946
"Fistularia commersonii","2011-08-05",35.5591,27.2042
"Fistularia commersonii","2018-06-23",34.6868,33.0726
"Fistularia commersonii","2007-10-01",43.801,7.788
"Fistularia commersonii","2021-11-02",32.082,34.7079
"Fistularia commersonii","2019-01-01",36.97153,25.05953
"Fistularia commersonii","2019-06-01",37.4397,24.8871
"Fistularia commersonii","2021-08-10",32.1045,34.7185
"Fistularia commersonii","2020-07-15",32.1045,34.7185
"Fistularia commersonii","2018-09-12",32.0257,34.6786
"Fistularia commersonii","2001-01-01",32.883,22.367
"Fistularia commersonii","2002-01-01",42.2535,18.8916
"Fistularia commersonii","2010-11-01",41.471,9.285
"Fistularia commersonii","1975-01-01",33.914,35.521
"Fistularia commersonii","2013-08-01",31.219,16.6
"Fistularia commersonii","2014-11-30",32.505,34.7717
"Fistularia commersonii","2021-10-02",31.9492,34.6866
"Fistularia commersonii","2010-01-01",38.042,14.019
"Fistularia commersonii","2010-11-01",43.843,8.065
"Fistularia commersonii","2019-01-01",36.54885,27.84582
"Fistularia commersonii","2021-10-01",31.992,34.6068
"Fistularia commersonii","2010-01-01",35.55694,24.07079
"Fistularia commersonii","2021-12-23",32.0055,34.6733
"Fistularia commersonii","2009-01-01",35.92756,27.8536
"Fistularia commersonii","2014-05-14",32.1112,34.7185
"Fistularia commersonii","2016-06-14",34.9577,25.2333
"Fistularia commersonii","2005-10-01",39.9375,9.7142
"Fistularia commersonii","2014-01-01",37.83467,23.68467
"Fistularia commersonii","2013-07-01",35.503,24.174
"Fistularia commersonii","2021-08-03",32.892,34.9366
"Fistularia commersonii","2010-11-01",43.415,6.859
"Fistularia commersonii","2021-08-12",32.0482,34.6893
"Fistularia commersonii","2014-10-01",31.9492,34.6467
"Fistularia commersonii","2020-10-27",32.892,34.9366
"Fistularia commersonii","2019-10-10",32.892,34.9366
"Fistularia commersonii","2010-10-01",43.718,7.407
"Fistularia commersonii","2004-01-01",33.75,35.417
"Fistularia commersonii","2019-12-04",32.0482,34.6893
"Fistularia commersonii","2013-08-01",30.533,18.533
"Fistularia commersonii","2014-06-14",34.9122,33.6505
"Fistularia commersonii","2013-01-01",36.346,25.75812
"Fistularia commersonii","2019-01-01",37.0537,21.5732
"Fistularia commersonii","2014-06-01",35.5094,11.0767
"Fistularia commersonii","2017-09-19",35.256,26.2233
"Fistularia commersonii","2014-11-01",37.9154,12.3034
"Fistularia commersonii","2014-11-01",37.914,12.285
"Fistularia commersonii","2011-01-01",37.058,25.107
"Fistularia commersonii","2013-06-01",32.131,20.053
"Fistularia commersonii","2010-01-01",37.576,12.806
"Fistularia commersonii","2002-12-01",36.5948,36.1702
"Fistularia commersonii","2013-06-01",32.131,20.053
"Fistularia commersonii","2020-10-01",32.019,34.676
"Fistularia commersonii","2010-10-01",43.827,7.861
"Fistularia commersonii","2013-10-01",32.419,15.092
"Fistularia commersonii","2016-01-01",37.68533,23.901
"Fistularia commersonii","2020-01-01",36.45951,25.36957
"Fistularia commersonii","2020-10-23",32.1922,34.7504
"Fistularia commersonii","2018-07-05",35.0502,34.0387
"Fistularia commersonii","2015-08-28",35.0502,34.0387
"Fistularia commersonii","2015-06-18",32.1922,34.7504
"Fistularia commersonii","2016-07-26",35.0502,34.0387
"Fistularia commersonii","2014-04-01",36.353,28.218
"Fistularia commersonii","2019-05-23",35.5517,24.07
"Fistularia commersonii","2016-01-01",36.943,27.165
"Fistularia commersonii","2011-08-29",34.9122,33.6505
"Fistularia commersonii","2007-04-20",36.42034,28.17563
"Fistularia commersonii","2019-06-27",36.3238,28.2131
"Fistularia commersonii","2013-01-01",36.24341,25.20253
"Fistularia commersonii","2021-11-25",32.1045,34.652
"Fistularia commersonii","2014-08-01",37.175,26.453
"Fistularia commersonii","2014-06-01",37.7,20.99
"Fistularia commersonii","2015-09-12",31.9492,34.6467
"Fistularia commersonii","2008-12-01",36.942,7.053
"Fistularia commersonii","2006-12-01",42.685,10.176
"Fistularia commersonii","2010-01-01",38.217,15.569
"Fistularia commersonii","2021-09-06",32.0482,34.6893
"Fistularia commersonii","2005-08-20",34.9122,33.6505
"Fistularia commersonii","2013-05-28",34.9122,33.6505
"Fistularia commersonii","2007-11-19",36.16022,28.0886
"Fistularia commersonii","2011-06-22",35.2076,26.1125
"Fistularia commersonii","2015-10-02",31.92,34.6254
"Fistularia commersonii","2000-01-01",35.467,35.75
"Fistularia commersonii","2021-09-27",31.92,34.6254
"Fistularia commersonii","2018-01-01",35.2593,25.7371
"Fistularia commersonii","2014-04-01",36.385,28.247
"Fistularia commersonii","2016-08-12",32.082,34.7079
"Fistularia commersonii","2013-12-01",42.273,18.831
"Fistularia commersonii","2013-08-01",31.22,16.589
"Fistularia commersonii","2013-05-01",32.131,20.053
"Fistularia commersonii","2018-08-13",32.0257,34.6786
"Fistularia commersonii","2021-10-31",32.082,34.7079
"Fistularia commersonii","2010-08-10",36.1257,29.5788
"Fistularia commersonii","2021-08-30",32.0257,34.6786
"Fistularia commersonii","2019-08-10",36.1257,29.5788
"Fistularia commersonii","2017-07-29",33.2598,35.1975
"Fistularia commersonii","2021-10-12",32.1922,34.7504
"Fistularia commersonii","2007-11-01",36.717,-2.267
"Fistularia commersonii","2020-01-01",36.68048,22.37742
"Fistularia commersonii","2019-12-22",32.1922,34.7504
"Fistularia commersonii","2020-10-19",32.1112,34.6547
"Fistularia commersonii","2010-11-01",43.841,8.065
"Fistularia commersonii","2016-01-01",37.19083,25.55867
"Fistularia commersonii","2016-01-01",37.19167,25.55933
"Fistularia commersonii","2019-05-28",31.9492,34.6866
"Fistularia commersonii","2015-01-01",38.199,-0.473
"Fistularia commersonii","2012-06-14",34.9577,25.2333
"Fistularia commersonii","2015-05-04",34.9122,33.6505
"Fistularia commersonii","2005-01-01",32.94,12.11
"Fistularia commersonii","2009-01-01",36.30133,28.18809
"Fistularia commersonii","2010-10-01",44.186,8.425
"Fistularia commersonii","2014-03-01",37.818,20.875
"Fistularia commersonii","2010-10-01",44.202,8.425
"Fistularia commersonii","2015-06-23",31.9492,34.6467
"Fistularia commersonii","2010-11-01",37.502,13.059
"Fistularia commersonii","2004-03-15",36.16022,28.0886
"Fistularia commersonii","2019-01-01",36.726,22.569
"Fistularia commersonii","2004-01-01",35.26353,26.26529
"Fistularia commersonii","2021-01-01",36.6136,27.1543
"Fistularia commersonii","2011-01-01",35.831,14.538
"Fistularia commersonii","2017-07-14",34.9122,33.6505
"Fistularia commersonii","2014-01-01",33.693,10.375
"Fistularia commersonii","2006-12-01",34.719,10.787
"Fistularia commersonii","2021-06-01",34.9623,34.0806
"Fistularia commersonii","2011-03-01",35.811,14.461
"Fistularia commersonii","2011-03-01",35.809,14.469
"Fistularia commersonii","2021-08-03",32.9797,34.9446
"Fistularia commersonii","2018-01-01",30.9589,29.506
"Fistularia commersonii","2013-08-01",32.086,24.018
"Fistularia commersonii","2008-01-01",36.424,28.136
"Fistularia commersonii","2008-12-15",36.42359,28.19117
"Fistularia commersonii","2006-11-01",42.65,17.95
"Fistularia commersonii","2009-01-01",36.42359,28.19117
"Fistularia commersonii","2013-08-05",35.5373,27.2126
"Fistularia commersonii","2020-10-10",32.289,34.7185
"Fistularia commersonii","2016-06-11",34.8916,33.6519
"Fistularia commersonii","2020-10-18",31.8705,34.5323
"Fistularia commersonii","2002-12-01",36.5948,36.1702
"Fistularia commersonii","2019-08-11",36.1257,29.5788
"Fistularia commersonii","2018-08-09",36.3262,28.2145
"Fistularia commersonii","2014-06-17",32.1112,34.7185
"Fistularia commersonii","2015-12-19",31.9492,34.6866
"Fistularia commersonii","2018-01-24",32.1922,34.7504
"Fistularia commersonii","2020-01-01",37.57698,23.3884
"Fistularia commersonii","2012-06-21",35.0502,34.0387
"Fistularia commersonii","2004-11-01",37.567,12.85
"Fistularia commersonii","2021-09-26",31.9492,34.6467
"Fistularia commersonii","2018-12-23",32.1337,34.7345
"Fistularia commersonii","2010-01-01",35.511,12.628
"Fistularia commersonii","2016-07-01",37.1189,10.7869
"Fistularia commersonii","2016-01-01",37.99267,24.15417
"Fistularia commersonii","2014-02-22",31.7647,34.4552
"Fistularia commersonii","2021-10-12",31.8705,34.5323
"Fistularia commersonii","2019-01-01",30.9589,29.506
"Fistularia commersonii","2024-03-01",36.4393,28.1582
"Fistularia commersonii","2013-04-01",36.183,29.643
"Fistularia commersonii","2013-06-01",32.356,20.288
"Fistularia commersonii","2018-01-01",37.40583,25.37367
"Fistularia commersonii","2020-09-06",32.0482,34.6893
"Fistularia commersonii","2005-02-21",36.16022,28.0886
"Fistularia commersonii","2015-12-23",31.92,34.6254
"Fistularia commersonii","2008-08-15",36.42359,28.19117
"Fistularia commersonii","2012-11-01",39.203,8.374
"Fistularia commersonii","2012-09-19",34.9122,33.6505
"Fistularia commersonii","2007-11-01",39.868,8.394
"Fistularia commersonii","2008-01-01",36.045,27.969
"Fistularia commersonii","2016-01-01",37.87267,23.70133
"Fistularia commersonii","2021-08-11",32.1607,34.7398
"Fistularia commersonii","2016-08-09",36.3262,28.2145
"Fistularia commersonii","2018-01-01",37.7875,23.636
"Fistularia commersonii","2016-08-05",35.5592,27.2045
"Fistularia commersonii","2012-07-01",35.6029,27.1595
"Fistularia commersonii","2003-10-01",34.717,10.787
"Fistularia commersonii","2017-09-17",34.7045,33.2302
"Fistularia commersonii","2020-10-01",31.9492,34.6467
"Fistularia commersonii","2003-02-27",36.16022,28.0886
"Fistularia commersonii","2001-01-01",36.42034,28.17563
"Fistularia commersonii","2020-01-01",35.27247,23.53956
"Fistularia commersonii","2005-01-01",32.417,15.172
"Fistularia commersonii","2020-12-01",31.773,30.408
"Fistularia commersonii","2017-06-18",31.9492,34.6467
"Fistularia commersonii","2016-01-01",37.68467,23.90117
"Fistularia commersonii","2008-01-01",36.671,35.93
"Fistularia commersonii","2019-12-19",32.1922,34.7504
"Fistularia commersonii","2014-12-19",32.1922,34.7504
"Fistularia commersonii","2007-08-01",35.86,12.847
"Fistularia commersonii","2020-12-23",31.92,34.6254
"Fistularia commersonii","2019-06-13",35.2012,24.1195
"Fistularia commersonii","2018-09-22",35.1989,24.061
"Fistularia commersonii","2018-03-01",41.2462,13.0333
"Fistularia commersonii","2003-10-01",33.933,10.121
"Fistularia commersonii","2011-12-01",42.462,18.417
"Fistularia commersonii","2007-12-01",36.715,-2.267
"Fistularia commersonii","2013-06-16",34.9122,33.6505
"Fistularia commersonii","2005-12-06",36.16022,28.0886
"Fistularia commersonii","2004-03-22",36.16022,28.0886
"Fistularia commersonii","2011-02-01",35.781,14.534
"Fistularia commersonii","2015-07-03",34.9122,33.6505
"Fistularia commersonii","2008-08-15",36.07433,28.01541
"Fistularia commersonii","2020-11-01",32.082,34.7079
"Fistularia commersonii","2018-01-01",36.0729,28.03804
"Fistularia commersonii","2018-12-24",32.1337,34.7345
"Fistularia commersonii","2014-01-01",37.80917,23.59217
"Fistularia commersonii","2011-02-01",35.987,14.327
"Fistularia commersonii","2022-10-01",35.8508,35.8413
"Fistularia commersonii","2019-02-22",32.2462,34.777
"Fistularia commersonii","2004-02-03",36.16022,28.0886
"Fistularia commersonii","2014-06-23",31.92,34.6254
"Fistularia commersonii","2014-11-12",32.0257,34.5882
"Fistularia commersonii","2017-09-13",37.7211,23.377
"Fistularia commersonii","2019-02-22",32.163,34.7398
"Fistularia commersonii","2007-12-01",42.265,18.845
"Fistularia commersonii","2020-01-01",36.45082,28.2253
"Fistularia commersonii","2009-01-01",36.07433,28.01541
"Fistularia commersonii","2019-06-29",36.3199,28.2066
"Fistularia commersonii","2017-01-01",36.36918,25.48161
"Fistularia commersonii","2002-07-09",36.16022,28.0886
"Fistularia commersonii","2014-09-13",31.992,34.668
"Fistularia commersonii","2022-01-01",36.4393,28.1582
"Fistularia commersonii","2007-12-01",36.717,-2.268
"Fistularia commersonii","2015-07-15",32.1112,34.7185
"Fistularia commersonii","2016-05-21",34.9122,33.6505
"Fistularia commersonii","2010-06-03",35.0502,34.0387
"Fistularia commersonii","2014-09-09",35.3067,25.4129
"Fistularia commersonii","2018-08-04",32.8717,35.0164
"Fistularia commersonii","2012-01-01",42.385,18.682
"Fistularia commersonii","2016-01-01",37.818,23.58867
"Fistularia commersonii","2014-12-01",35.9164,35.7889
"Fistularia commersonii","2008-11-01",39.938,9.714
"Fistularia commersonii","2018-10-28",32.847,34.9393
"Fistularia commersonii","2022-01-01",36.9917,26.9138
"Fistularia commersonii","2017-06-14",34.9577,25.2333
"Fistularia commersonii","2020-10-10",31.9762,34.6201
"Fistularia commersonii","2010-03-16",36.16022,28.0886
"Fistularia commersonii","2008-01-01",36.134,27.707
"Fistularia commersonii","2014-03-24",32.2462,34.777
"Fistularia commersonii","2003-03-27",36.16022,28.0886
"Fistularia commersonii","2010-11-01",32.143,20.034
"Fistularia commersonii","2018-06-29",34.9306,24.8016
"Fistularia commersonii","2017-01-24",31.9492,34.6467
"Fistularia commersonii","2021-01-01",40.3719,22.8993
"Fistularia commersonii","2018-08-10",35.2004,24.1187
"Fistularia commersonii","2009-01-20",35.8985,14.5303
"Fistularia commersonii","2010-08-01",36.781,21.937
"Fistularia commersonii","2013-04-01",32.131,20.053
"Fistularia commersonii","2017-03-27",31.7647,34.3142
"Fistularia commersonii","2017-01-01",30.9589,29.506
"Fistularia commersonii","2019-05-15",31.9492,34.6467
"Fistularia commersonii","2019-06-07",34.9122,33.6505
"Fistularia commersonii","2004-03-02",36.16022,28.0886
"Fistularia commersonii","2010-07-19",34.9122,33.6505
"Fistularia commersonii","2014-01-01",42.488,18.692
"Fistularia commersonii","2017-01-01",31.25,29.87
"Fistularia commersonii","2021-10-26",32.847,34.9393
"Fistularia commersonii","2013-08-01",30.829,20.037
"Fistularia commersonii","2016-01-01",37.18983,25.56867
"Fistularia commersonii","2003-11-05",36.16022,28.0886
"Fistularia commersonii","2016-06-14",34.9577,25.2333
"Fistularia commersonii","2003-08-01",39.918,23.581
"Fistularia commersonii","2015-12-25",32.1922,34.7504
"Fistularia commersonii","2015-05-01",36.328,28.225
"Fistularia commersonii","2008-09-17",34.9122,33.6505
"Fistularia commersonii","2020-08-01",37.7193,20.9533
"Fistularia commersonii","2004-12-09",36.16022,28.0886
"Fistularia commersonii","2015-01-01",38.2749,-0.4054
"Fistularia commersonii","2019-01-01",36.726,22.5685
"Fistularia commersonii","2019-06-07",36.0568,28.0822
"Fistularia commersonii","2015-08-19",34.9122,33.6505
"Fistularia commersonii","2019-06-18",31.9492,34.6467
"Fistularia commersonii","2021-07-16",32.1337,34.7664
"Fistularia commersonii","2017-06-19",31.992,34.668
"Fistularia commersonii","2020-12-01",31.773,30.408
"Fistularia commersonii","2015-01-01",44.385,8.997
"Fistularia commersonii","2007-06-01",35.233,23.579
"Fistularia commersonii","2007-12-01",41.841,3.114
"Fistularia commersonii","2008-10-01",35.864,14.577
"Fistularia commersonii","2021-06-23",31.9762,34.6201
"Fistularia commersonii","2018-06-14",34.9577,25.2333
"Fistularia commersonii","2019-01-01",36.7247,22.5568
"Fistularia commersonii","2020-10-27",32.847,34.9393
"Fistularia commersonii","2010-10-01",36.964,21.651
"Fistularia commersonii","2006-09-26",36.43889,28.20442
"Fistularia commersonii","2002-12-06",36.16022,28.0886
"Fistularia commersonii","2017-05-14",32.1112,34.7185
"Fistularia petimba","2021-06-01",37.7061,26.7023
"Fistularia petimba","2020-07-01",34.9645,33.7262
"Fistularia petimba","2019-03-01",31.1411,29.8268
"Fistularia petimba","2023-05-01",36.8276,25.8588
"Fistularia petimba","2016-05-01",36.7465,35.9817
"Fistularia petimba","2020-01-01",39.47,24.4527
"Fistularia petimba","2019-08-01",35.11,32.49
"Fistularia petimba","2020-01-14",31.7647,34.5084
"Fistularia petimba","2020-01-19",34.9601,33.9139
"Fistularia petimba","2019-07-01",35.5183,35.7135
"Fistularia petimba","2021-03-01",34.6357,32.6385
"Fistularia petimba","2016-10-01",36.8549,30.6652
"Fistularia petimba","2016-05-01",36.7993,36.0548
"Fistularia petimba","2021-03-01",34.6613,32.4687
"Fistularia petimba","2020-01-01",39.9946,25.2513
"Fistularia petimba","2020-12-19",32.2192,34.6946
"Fistularia petimba","2020-01-01",36.3101,35.7742
"Fistularia petimba","2021-01-01",36.7606,34.659
"Fistularia petimba","2020-07-01",35.0817,32.4587
"Fistularia petimba","2020-12-19",31.8975,34.6121
"Fistularia petimba","2016-11-01",36.831,30.7219
"Fistularia petimba","1996-01-01",36.15,-5.32
"Fistularia petimba","2020-07-01",34.9241,33.9081
"Fistularia petimba","2021-08-01",34.7509,33.4809
"Fistularia petimba","2019-01-01",36.3101,35.7742
"Fistularia petimba","2020-01-12",31.7647,34.4153
"Fistularia petimba","2023-05-01",35.2022,26.116
"Fistularia petimba","2016-10-01",36.7249,31.4415
"Fistularia petimba","2016-11-01",36.7249,31.4415
"Fistularia petimba","2021-09-01",34.6993,33.3118
"Fistularia petimba","2021-08-01",35.0608,34.0544
"Fistularia petimba","2021-08-01",34.694,33.1356
"Fistularia petimba","2016-12-01",31.824,34.574
"Fistularia petimba","2020-01-14",31.9492,34.6866
"Fistularia petimba","2017-05-01",36.6588,36.1746
"Fistularia petimba","2021-08-01",34.6923,33.1668
"Fistularia petimba","2021-04-01",36.5824,35.8304
"Fistularia petimba","2020-01-13",31.9492,34.6866
"Fistularia petimba","2020-07-01",34.7474,33.4634
"Fistularia petimba","2017-11-01",34.41,35.77
"Fistularia petimba","2021-08-01",34.7554,33.4649
"Fistularia petimba","2020-01-28",31.92,34.6733
"Fistularia petimba","2024-03-01",36.4393,28.1582
"Fistularia petimba","2023-10-01",40.33,19.43
"Fistularia petimba","2018-05-01",36.123,33.467
"Fistularia petimba","2020-07-01",34.7596,33.4807
"Gadus morhua","2009-06-01",39.297,2.648
"Galeocerdo cuvier","1987-01-01",36.3,-4.9
"Galeocerdo cuvier","1998-01-01",38.174,15.573
"Glaucostegus halavi","2004-01-01",33.88,11.19
"Glaucostegus halavi","2004-09-01",33.496,11.371
"Gymnammodytes semisquamatus","1983-01-01",41.626,2.729
"Gymnammodytes semisquamatus","1987-01-01",42.027,3.216
"Gymnammodytes semisquamatus","1983-01-01",42.025,3.219
"Gymnammodytes semisquamatus","1987-01-01",41.627,2.725
"Gymnothorax reticularis","2013-01-01",33.105,35.067
"Hazeus ingressus","2015-06-01",36.7333,28.0936
"Hazeus ingressus","2014-11-01",36.7289,28.9694
"Hazeus ingressus","2019-09-01",36.823,30.757
"Hazeus ingressus","2019-07-01",36.743,30.773
"Hazeus ingressus","2015-08-01",36.1586,29.6314
"Hazeus ingressus","2021-08-01",36.744,35.79
"Hazeus ingressus","2016-07-01",36.6997,28.8792
"Hemiramphus far","2020-02-27",32.1382,34.7345
"Hemiramphus far","1980-01-01",32.077,24.038
"Hemiramphus far","2020-04-20",31.9492,34.6467
"Hemiramphus far","1984-01-01",32.077,24.038
"Hemiramphus far","2010-12-01",37.018,6.574
"Hemiramphus far","2018-09-24",34.9857,34.0784
"Hemiramphus far","2009-01-01",36.813,11.148
"Hemiramphus far","2009-01-01",37.346,9.805
"Hemiramphus far","2008-01-01",33.2745,35.1959
"Hemiramphus far","2008-01-01",36.785,11.102
"Hemiramphus far","2010-01-01",33.55,11.141
"Hemiramphus far","2005-01-01",33.9082,10.152
"Hemiramphus far","2006-01-01",32.2817,23.9922
"Hemiramphus far","1988-01-01",32.077,24.038
"Hemiramphus far","2012-01-01",32.915,13.455
"Hemiramphus far","2017-12-05",34.6868,33.0726
"Hemiramphus far","2019-06-01",34.9857,34.0784
"Hemiramphus far","1927-01-01",32.076,34.732
"Hemiramphus far","2018-04-27",35.001,34.0704
"Hemiramphus far","2002-01-01",32.077,24.038
"Hemiramphus far","2004-08-01",37.883,26.994
"Hemiramphus far","2007-01-01",33.932,10.862
"Hemiramphus far","2013-01-01",35.5056,12.6306
"Hemiramphus far","2015-06-23",34.6868,33.0726
"Hemiramphus far","2006-01-01",33.863,10.196
"Hemiramphus far","2003-12-01",37.187,10.228
"Hemiramphus far","2018-09-04",34.9857,34.0784
"Hemiramphus far","2008-01-01",36.8105,11.1402
"Hemiramphus far","1989-01-01",32.077,24.038
"Hemiramphus far","2007-01-01",32.915,13.455
"Hemiramphus far","2010-01-01",33.416,11.161
"Hemiramphus far","1937-01-01",36.494,28.274
"Hemiramphus far","2006-01-01",37.301,9.937
"Hemiramphus far","2018-07-21",35.8271,14.4237
"Hemiramphus far","2003-12-01",37.197,10.209
"Hemiramphus far","2005-01-01",32.0814,24.007
"Hemiramphus far","2014-08-01",35.9164,35.7889
"Hemiramphus far","2018-09-05",34.9857,34.0784
"Hemiramphus far","2009-01-01",36.805,11.148
"Hemiramphus far","2003-02-01",36.5948,36.1702
"Hemiramphus far","2008-01-01",32.915,13.455
"Hemiramphus far","2012-01-01",36.935,10.421
"Hemiramphus far","2021-04-24",32.0257,34.6786
"Hemiramphus far","2018-05-02",34.9857,34.0784
"Hemiramphus far","2019-07-26",35.8997,14.5037
"Hemiramphus far","2021-01-13",31.7647,34.5084
"Hemiramphus far","2006-01-01",33.235,11.317
"Hemiramphus far","2020-04-20",31.9762,34.66
"Hemiramphus far","2002-10-01",36.5948,36.1702
"Hemiramphus far","1986-01-01",32.077,24.038
"Hemiramphus far","1994-01-01",36.991,28.116
"Hemiramphus far","2011-01-01",32.915,13.455
"Hemiramphus far","2003-02-01",36.5948,36.1702
"Hemiramphus far","2009-01-01",35.4937,12.5763
"Hemiramphus far","2007-01-01",36.827,11.115
"Hemiramphus far","1994-01-01",36.581,36.111
"Hemiramphus far","2020-01-13",31.7647,34.5084
"Hemiramphus far","2013-08-01",35.5056,12.6306
"Hemiramphus far","2018-04-26",34.9857,34.0784
"Hemiramphus far","2011-01-01",37.008,8.735
"Hemiramphus far","2004-01-01",33.8987,10.1305
"Hemiramphus far","2008-01-01",37.325,9.932
"Hemiramphus far","2008-01-01",37.197,9.059
"Hemiramphus far","2006-01-01",33.525,11.165
"Hemiramphus far","1931-01-01",35.999,35.188
"Hemiramphus far","2020-02-12",32.0527,34.6919
"Hemiramphus far","2018-05-11",35.001,34.0704
"Hemiramphus far","2009-01-01",36.935,10.421
"Hemiramphus far","1986-01-01",40.422,19.244
"Hemiramphus far","2008-01-01",32.858,12.872
"Hemiramphus far","2008-01-01",33.9306,10.1595
"Hemiramphus far","2007-01-01",37.185,9.115
"Hemiramphus far","2009-01-01",32.858,12.872
"Hemiramphus far","2009-01-01",33.487,11.183
"Hemiramphus far","2023-12-01",36.9151,8.4388
"Hemiramphus far","2005-01-01",33.957,10.177
"Hemiramphus far","2021-04-28",31.992,34.668
"Hemiramphus far","2020-03-30",34.9947,24.7456
"Hemiramphus far","2018-07-15",34.9857,34.0784
"Hemiramphus far","2008-01-01",38.655,26.679
"Hemiramphus far","2010-01-01",32.858,12.872
"Hemiramphus far","2007-01-01",32.858,12.872
"Heniochus intermedius","2014-07-01",33.0558,35.1021
"Heniochus intermedius","2017-11-01",31.0694,28.4721
"Heniochus intermedius","2017-11-01",31.0716,28.4751
"Heniochus intermedius","2011-08-01",33.856,35.458
"Heniochus intermedius","2005-08-01",33.921,35.486
"Heniochus intermedius","2023-02-01",31.545,34.452
"Heniochus intermedius","2014-07-01",32.5386,34.9021
"Heniochus intermedius","2002-01-01",36.747,30.745
"Heniochus intermedius","2014-11-01",35.897,14.524
"Heniochus intermedius","2011-11-01",36.5958,36.1232
"Heniochus intermedius","2022-05-01",35.1214,35.9041
"Heniochus intermedius","2014-05-01",32.4911,34.8857
"Heniochus intermedius","2014-07-01",32.4018,34.8648
"Heniochus intermedius","2011-07-01",34.462,35.797
"Heniochus intermedius","2014-07-01",32.4929,34.8873
"Heniochus intermedius","2018-07-01",33.94,35.58
"Heniochus intermedius","2014-07-01",32.6076,34.9146
"Herklotsichthys punctatus","2005-01-01",32.0818,24.0068
"Herklotsichthys punctatus","2008-01-01",33.2745,35.1959
"Herklotsichthys punctatus","2013-12-01",30.8283,29.007
"Herklotsichthys punctatus","1984-01-01",36.671,35.93
"Herklotsichthys punctatus","1975-01-01",31.192,29.779
"Herklotsichthys punctatus","1943-01-01",32.076,34.732
"Herklotsichthys punctatus","1997-05-23",35.001,34.0704
"Himantura uarnak","1954-01-01",32.076,34.732
"Himantura uarnak","2016-01-01",36.1819,35.8005
"Himantura uarnak","2020-04-28",31.992,34.668
"Himantura uarnak","1983-01-01",31.192,29.779
"Himantura uarnak","1997-07-27",34.9857,34.0784
"Himantura uarnak","2008-05-01",35.373,35.701
"Himantura uarnak","2008-04-01",34.645,35.774
"Hippocampus kuda","2003-01-01",36.82,30.69
"Hippocampus kuda","1994-01-01",32.447,34.876
"Hippocampus kuda","2019-04-01",36.2935,34.0473
"Hippocampus kuda","2014-09-01",34.986,34.078
"Hippocampus kuda","2001-01-01",32.471,34.882
"Hippocampus kuda","2013-06-01",33.906,35.485
"Hippocampus kuda","2007-03-01",36.7922,34.639
"Holacanthus africanus","2017-04-01",35.8902,14.5162
"Holacanthus ciliaris","2011-10-01",43.505,16.233
"Holocentrus adscensionis","2022-08-01",45.7021,13.7114
"Holocentrus adscensionis","2016-08-01",35.8656,14.57
"Hyporhamphus affinis","1964-01-01",33.92,35.43
"Hyporhamphus affinis","2007-01-01",33.91,10.84
"Istiblennius meleagris","2016-09-01",32.4628,34.8831
"Istiblennius meleagris","2018-10-01",32.8262,34.9574
"Istiblennius meleagris","2019-01-01",33.0105,35.0878
"Istiblennius meleagris","2022-03-01",33.2294,35.2112
"Istiblennius meleagris","2023-07-01",35.5896,35.7333
"Istiblennius meleagris","2019-01-01",32.3614,34.8561
"Istiblennius meleagris","2023-06-01",35.5896,35.7333
"Istiompax indica","1986-01-01",44.349,9.148
"Istiompax indica","2021-01-01",34.55,35.8166
"Istiompax indica","1968-01-01",40.012,17.878
"Jaydia queketti","2007-01-01",31.8,34.467
"Jaydia queketti","2009-12-01",36.808,28.569
"Jaydia queketti","2008-01-01",36.671,35.93
"Jaydia queketti","2005-04-01",36.592,35.839
"Jaydia queketti","2010-12-01",36.841,30.682
"Jaydia queketti","2004-10-01",36.592,35.838
"Jaydia queketti","2008-01-01",36.656,35.992
"Jaydia queketti","2019-03-01",35.2431,35.92
"Jaydia queketti","2019-06-01",35.2431,35.92
"Jaydia queketti","2004-10-14",36.5948,36.1702
"Jaydia queketti","2005-04-23",36.5948,36.1702
"Jaydia queketti","2014-03-01",37.015,28.188
"Jaydia smithi","2017-12-22",31.7647,34.5084
"Jaydia smithi","2020-12-23",31.7647,34.5084
"Jaydia smithi","2014-12-22",31.7647,34.5084
"Jaydia smithi","2020-01-14",31.7647,34.5084
"Jaydia smithi","2014-01-28",31.7647,34.5084
"Jaydia smithi","2015-01-13",31.7647,34.5084
"Jaydia smithi","2019-01-27",31.7647,34.5084
"Jaydia smithi","2014-03-27",31.7647,34.5084
"Jaydia smithi","2020-08-28",32.0527,34.6919
"Jaydia smithi","2017-12-04",32.0527,34.6919
"Jaydia smithi","2014-03-24",32.0527,34.6919
"Jaydia smithi","2015-03-20",37.1188,10.7755
"Jaydia smithi","2018-04-24",32.0257,34.6786
"Jaydia smithi","2020-08-28",32.0257,34.6786
"Jaydia smithi","2015-09-12",32.0257,34.6786
"Jaydia smithi","2018-09-27",32.0257,34.6786
"Jaydia smithi","2015-04-24",32.0257,34.6786
"Jaydia smithi","2015-06-19",32.0257,34.6786
"Jaydia smithi","2016-06-18",32.0257,34.6786
"Jaydia smithi","2015-08-28",32.0257,34.6786
"Jaydia smithi","2016-02-23",32.0257,34.6786
"Jaydia smithi","2014-04-24",32.0257,34.6786
"Jaydia smithi","2015-05-25",36.4453,28.23
"Jaydia smithi","2011-09-01",36.491,35.425
"Jaydia smithi","2015-10-31",32.3992,34.8196
"Jaydia smithi","2007-03-01",32.119,34.759
"Jaydia smithi","2016-05-01",35.583,35.717
"Jaydia smithi","2015-12-20",32.2192,34.6946
"Jaydia smithi","2020-06-30",32.028,34.6786
"Jaydia smithi","2018-04-17",32.019,34.7185
"Jaydia smithi","2015-02-22",31.965,34.6573
"Jaydia smithi","2019-01-24",32.1922,34.6813
"Jaydia smithi","2019-09-16",32.1922,34.6813
"Jaydia smithi","2018-01-24",32.1922,34.6813
"Jaydia smithi","2014-03-24",32.1922,34.6813
"Jaydia smithi","2019-06-25",31.9492,34.6866
"Jaydia smithi","2016-10-18",31.8705,34.5323
"Jaydia smithi","2014-11-29",32.262,34.6839
"Jaydia smithi","2017-10-02",32.082,34.644
"Jaydia smithi","2014-11-29",32.3182,34.7052
"Jaydia smithi","2017-10-30",32.1607,34.7398
"Jaydia smithi","2015-12-04",32.1607,34.7398
"Jaydia smithi","2014-12-04",32.1607,34.7398
"Jaydia smithi","2014-12-18",32.1607,34.7398
"Jaydia smithi","2019-09-16",32.2192,34.7611
"Jaydia smithi","2019-10-30",32.2192,34.7611
"Jaydia smithi","2015-10-23",32.2192,34.7611
"Jaydia smithi","2017-11-26",32.2192,34.7611
"Jaydia smithi","2017-03-28",31.7647,34.3142
"Jaydia smithi","2017-03-27",31.7647,34.3142
"Jaydia smithi","2020-10-23",32.2192,34.7611
"Jaydia smithi","2020-10-30",32.2192,34.7611
"Jaydia smithi","2019-11-26",32.2192,34.7611
"Jaydia smithi","2020-02-11",32.2192,34.7611
"Jaydia smithi","2014-03-27",32.2192,34.7611
"Jaydia smithi","2020-06-09",32.163,34.7398
"Jaydia smithi","2018-02-22",32.163,34.7398
"Jaydia smithi","2016-08-28",32.082,34.7079
"Jaydia smithi","2014-03-19",32.082,34.7079
"Jaydia smithi","2014-01-12",31.7647,34.4153
"Jaydia smithi","2014-02-27",32.3407,34.7132
"Jaydia smithi","2010-09-01",32.441,34.766
"Jaydia smithi","2017-09-06",32.0482,34.6893
"Jaydia smithi","2015-04-18",32.019,34.7185
"Jaydia smithi","2019-11-27",32.0482,34.6893
"Jaydia smithi","2014-12-04",32.0482,34.6893
"Jaydia smithi","2014-04-20",31.9492,34.6866
"Jaydia smithi","2014-04-17",31.9492,34.6866
"Jaydia smithi","2018-05-27",31.9492,34.6866
"Jaydia smithi","2018-05-28",31.9492,34.6866
"Jaydia smithi","2015-04-18",31.9492,34.6866
"Jaydia smithi","2015-04-17",31.9492,34.6866
"Jaydia smithi","2015-04-20",31.9492,34.6866
"Jaydia smithi","2015-04-17",31.9492,34.6866
"Jaydia smithi","2015-04-18",31.9492,34.6866
"Jaydia smithi","2014-05-27",31.9492,34.6866
"Jaydia smithi","2014-05-28",31.9492,34.6866
"Jaydia smithi","2019-06-26",31.9492,34.6866
"Jaydia smithi","2016-01-29",32.1922,34.7504
"Jaydia smithi","2014-11-12",31.9492,34.6866
"Jaydia smithi","2015-12-18",31.9492,34.6866
"Jaydia smithi","2015-01-13",31.9492,34.6866
"Jaydia smithi","2016-01-27",31.9492,34.6866
"Jaydia smithi","2014-04-18",31.9492,34.6866
"Jaydia smithi","2019-12-22",31.7647,34.5084
"Jaydia smithi","2015-11-12",31.7647,34.5084
"Jaydia smithi","2015-12-21",31.7647,34.5084
"Jaydia smithi","2014-02-21",31.9492,34.4685
"Jaydia smithi","2014-02-12",32.1045,34.7185
"Jaydia smithi","2015-10-29",32.1382,34.6627
"Jaydia smithi","2015-05-01",37.231,9.865
"Jaydia smithi","2009-11-01",36.816,30.907
"Jaydia smithi","2010-02-01",36.818,30.967
"Jaydia smithi","2014-11-30",32.505,34.7717
"Jaydia smithi","2016-03-27",32.2192,34.6653
"Jaydia smithi","2020-06-23",31.9492,34.6467
"Jaydia smithi","2018-09-26",31.9492,34.6467
"Jaydia smithi","2017-09-12",31.9492,34.6467
"Jaydia smithi","2015-09-26",31.9492,34.6467
"Jaydia smithi","2015-01-24",31.9492,34.6467
"Jaydia smithi","2014-04-20",31.9492,34.6467
"Jaydia smithi","2015-06-29",31.9492,34.6467
"Jaydia smithi","2015-06-18",31.9492,34.6467
"Jaydia smithi","2015-09-12",31.9492,34.6467
"Jaydia smithi","2020-10-01",31.9492,34.6467
"Jaydia smithi","2016-01-24",31.9492,34.6467
"Jaydia smithi","2015-02-23",31.9492,34.6467
"Jaydia smithi","2018-02-12",31.9492,34.6467
"Jaydia smithi","2014-04-27",31.9492,34.6467
"Jaydia smithi","2015-04-28",31.9492,34.6467
"Jaydia smithi","2015-04-19",32.0482,34.6893
"Jaydia smithi","2015-05-26",32.0482,34.6893
"Jaydia smithi","2015-09-06",32.0482,34.6893
"Jaydia smithi","2019-02-12",32.1922,34.7504
"Jaydia smithi","2018-05-26",32.1922,34.7504
"Jaydia smithi","2015-06-18",32.1922,34.7504
"Jaydia smithi","2019-06-18",32.1922,34.7504
"Jaydia smithi","2014-06-26",32.1922,34.7504
"Jaydia smithi","2014-06-25",32.1922,34.7504
"Jaydia smithi","2016-10-12",32.1922,34.7504
"Jaydia smithi","2015-02-12",32.1922,34.7504
"Jaydia smithi","2016-02-23",32.1922,34.7504
"Jaydia smithi","2016-03-18",32.1922,34.7504
"Jaydia smithi","2014-03-18",32.1922,34.7504
"Jaydia smithi","2020-10-10",32.289,34.7185
"Jaydia smithi","2014-02-27",32.289,34.785
"Jaydia smithi","2015-07-29",39.4638,26.3923
"Jaydia smithi","2014-12-23",31.7647,34.5084
"Jaydia smithi","2017-01-28",31.7647,34.5084
"Jaydia smithi","2018-01-14",31.7647,34.5084
"Jaydia smithi","2016-05-16",31.992,34.668
"Jaydia smithi","2015-06-19",31.992,34.668
"Jaydia smithi","2014-01-14",31.7647,34.5084
"Jaydia smithi","2017-09-05",31.992,34.668
"Jaydia smithi","2016-01-13",31.7647,34.5084
"Jaydia smithi","2017-01-27",31.7647,34.5084
"Jaydia smithi","2014-03-19",31.992,34.668
"Jaydia smithi","2016-03-19",31.992,34.668
"Jaydia smithi","2015-04-28",31.7647,34.5084
"Jaydia smithi","2015-02-12",32.0527,34.6919
"Jaydia smithi","2015-08-28",32.0527,34.6919
"Jaydia smithi","2018-09-05",32.0527,34.6919
"Jaydia smithi","2015-10-19",32.1112,34.6547
"Jaydia smithi","2017-10-19",32.1112,34.6547
"Jaydia smithi","2016-03-27",31.965,34.6946
"Jaydia smithi","2019-03-24",31.965,34.6946
"Jaydia smithi","2011-09-01",36.73,35.821
"Jaydia smithi","2015-12-19",32.2192,34.6946
"Jaydia smithi","2014-02-21",31.992,34.5802
"Jaydia smithi","2018-05-14",32.1112,34.7185
"Jaydia smithi","2015-01-29",32.2462,34.676
"Jaydia smithi","2008-04-01",31.843,34.532
"Jaydia smithi","2017-01-01",31.25,29.87
"Jaydia smithi","2015-10-18",31.8705,34.5323
"Jaydia smithi","2008-04-01",31.848,34.545
"Jaydia smithi","2014-11-30",32.3182,34.7052
"Jaydia smithi","2018-06-07",36.2882,28.1832
"Jaydia smithi","2015-06-14",32.289,34.785
"Jaydia smithi","2017-08-15",32.289,34.785
"Jaydia smithi","2018-01-28",31.7647,34.5084
"Jaydia smithi","2015-08-15",32.289,34.785
"Jaydia smithi","2015-10-24",37.6929,26.963
"Jaydia smithi","2020-10-29",32.1337,34.7345
"Jaydia smithi","2014-12-03",32.1337,34.7345
"Jaydia smithi","2017-01-28",31.92,34.6733
"Jaydia smithi","2014-04-28",31.7197,34.4765
"Jaydia smithi","2015-10-31",32.1382,34.6627
"Jaydia smithi","2010-04-01",36.817,30.905
"Jaydia smithi","2018-11-26",32.2192,34.7611
"Jaydia smithi","2017-10-30",32.2192,34.7611
"Jaydia smithi","2014-12-18",32.2192,34.7611
"Jaydia smithi","2015-01-13",31.9762,34.5642
"Jaydia smithi","2015-01-12",31.9762,34.5642
"Jaydia smithi","2015-05-03",31.8885,34.3967
"Jaydia smithi","2014-10-10",32.0055,34.6733
"Jaydia smithi","2013-08-01",31.677,31.682
"Jaydia smithi","2019-10-31",32.2462,34.777
"Jaydia smithi","2017-02-22",32.2462,34.777
"Jaydia smithi","2016-03-24",32.2462,34.777
"Jaydia smithi","2019-06-17",32.1112,34.7185
"Jaydia smithi","2019-09-25",32.1112,34.7185
"Jaydia smithi","2015-03-23",32.1607,34.668
"Jaydia smithi","2015-04-22",31.7647,34.5882
"Jaydia smithi","2019-12-18",32.1877,34.7478
"Jaydia smithi","2019-01-14",31.9492,34.6866
"Jaydia smithi","2019-08-15",32.289,34.785
"Jaydia smithi","2008-05-01",36.6059,36.1527
"Jaydia smithi","2011-09-01",36.124,35.889
"Jaydia smithi","2015-10-24",31.992,34.668
"Jaydia smithi","2018-10-29",32.1337,34.7345
"Jaydia smithi","2019-12-03",32.1337,34.7345
"Jaydia smithi","2016-06-19",31.992,34.668
"Jaydia smithi","2015-12-19",32.1337,34.7345
"Jaydia smithi","2017-03-19",31.992,34.668
"Jaydia smithi","2017-03-19",32.1337,34.7345
"Jaydia smithi","2016-01-28",31.92,34.6733
"Jaydia smithi","2015-03-28",31.992,34.668
"Jaydia smithi","2015-11-27",32.1382,34.6627
"Jaydia smithi","2015-11-24",31.8705,34.4898
"Jaydia smithi","2017-10-29",32.1382,34.7345
"Jaydia smithi","2014-10-02",32.0055,34.6121
"Jaydia smithi","2018-09-25",32.1112,34.7185
"Jaydia smithi","2017-10-01",32.019,34.676
"Jaydia smithi","2015-11-24",32.082,34.6148
"Jaydia smithi","2019-08-09",34.9971,25.3723
"Jaydia smithi","2015-09-17",36.9042,25.9763
"Jaydia smithi","2013-08-01",31.678,31.687
"Jaydia smithi","2015-05-01",31.8975,34.6121
"Jaydia smithi","2015-12-19",31.8975,34.6121
"Jaydia smithi","2020-08-15",32.289,34.785
"Jaydia smithi","2014-11-26",32.2192,34.7611
"Jaydia smithi","2014-12-03",32.1382,34.7345
"Jaydia smithi","2016-01-29",32.1382,34.7345
"Jaydia smithi","2019-02-11",32.1382,34.7345
"Jaydia smithi","2019-10-23",32.1922,34.7504
"Jaydia smithi","2017-10-31",32.1922,34.7504
"Jaydia smithi","2015-12-18",32.1877,34.7478
"Jaydia smithi","2017-06-17",32.1382,34.7345
"Jaydia smithi","2014-10-29",32.1382,34.7345
"Jaydia smithi","2015-02-27",32.289,34.785
"Jaydia smithi","2017-09-13",31.992,34.668
"Jaydia smithi","2017-03-18",31.992,34.668
"Jaydia smithi","2016-11-24",31.8412,34.4711
"Jaydia smithi","2020-02-11",32.1337,34.7345
"Jaydia smithi","2014-04-28",31.7647,34.5084
"Jaydia smithi","2014-05-02",31.9762,34.66
"Jaydia smithi","2016-05-02",32.019,34.676
"Jaydia smithi","2016-05-26",32.019,34.676
"Jaydia smithi","2015-10-23",32.1922,34.7504
"Jaydia smithi","2015-05-05",34.679,33.0566
"Jaydia smithi","2015-02-11",32.1382,34.7345
"Jaydia smithi","2015-10-01",32.019,34.676
"Jaydia smithi","2015-05-26",32.019,34.676
"Jaydia smithi","2014-10-01",32.019,34.676
"Jaydia smithi","2017-11-26",32.019,34.676
"Jaydia smithi","2016-09-25",31.9492,34.6467
"Jaydia smithi","2016-10-23",32.1922,34.7504
"Jaydia smithi","2014-03-27",31.9492,34.4685
"Jaydia smithi","2017-10-12",32.1922,34.7504
"Jaydia smithi","2018-08-21",34.6734,33.0551
"Jaydia smithi","2015-01-29",32.1382,34.7345
"Jaydia smithi","2017-09-16",32.2192,34.7611
"Jaydia smithi","2020-11-27",32.1382,34.7345
"Jaydia smithi","2014-06-12",32.3182,34.793
"Jaydia smithi","2020-09-05",32.019,34.676
"Jaydia smithi","2020-06-12",32.1337,34.7345
"Jaydia smithi","2014-09-25",31.9492,34.6467
"Jaydia smithi","2015-01-13",32.2192,34.5775
"Jaydia smithi","2015-04-28",31.992,34.668
"Jaydia smithi","2018-08-15",32.262,34.785
"Jaydia smithi","2014-04-28",31.9492,34.6467
"Jaydia smithi","2019-02-27",32.1382,34.7345
"Jaydia smithi","2015-02-27",32.1382,34.7345
"Jaydia smithi","2014-12-03",32.019,34.676
"Jaydia smithi","2020-06-23",31.92,34.6254
"Jaydia smithi","2015-04-16",31.92,34.6254
"Jaydia smithi","2015-12-19",32.1922,34.7504
"Jaydia smithi","2014-06-24",32.1112,34.7558
"Jaydia smithi","2014-02-26",32.0257,34.7212
"Jaydia smithi","2014-12-23",31.8885,34.6041
"Jaydia smithi","2014-05-27",32.1112,34.7558
"Jaydia smithi","2018-09-12",31.9492,34.6467
"Jaydia smithi","2014-02-11",32.1382,34.7345
"Jaydia smithi","2014-08-15",32.262,34.785
"Jaydia smithi","2015-01-24",32.1922,34.7504
"Jaydia smithi","2020-10-02",31.92,34.6254
"Jaydia smithi","2016-12-23",31.92,34.6254
"Jaydia smithi","2017-02-23",31.92,34.6254
"Jaydia smithi","2016-12-04",32.019,34.676
"Jaydia smithi","2014-10-01",31.992,34.6068
"Jaydia smithi","2014-04-28",31.992,34.668
"Jaydia smithi","2014-02-21",32.1922,34.6547
"Jaydia smithi","2015-02-12",31.9492,34.6467
"Jaydia smithi","2015-01-29",32.1922,34.7504
"Jaydia smithi","2015-04-20",32.019,34.676
"Jaydia smithi","2017-10-10",31.9762,34.6201
"Jaydia smithi","2019-11-12",31.9492,34.6866
"Jaydia smithi","2017-09-26",31.9492,34.6467
"Kyphosus incisor","2009-01-01",44.34,9.15
"Kyphosus incisor","2013-05-01",36.721,-3.689
"Kyphosus incisor","1998-06-01",36.724,-3.691
"Lagocephalus guentheri","2007-01-01",34.629,33.087
"Lagocephalus guentheri","2019-05-21",31.9762,34.66
"Lagocephalus guentheri","2019-05-27",32.1112,34.7558
"Lagocephalus guentheri","1950-01-01",36.598,36.137
"Lagocephalus guentheri","2019-05-26",32.0482,34.6893
"Lagocephalus guentheri","2004-10-15",36.5948,36.1702
"Lagocephalus guentheri","2005-11-10",36.5948,36.1702
"Lagocephalus guentheri","2014-05-26",32.019,34.7185
"Lagocephalus guentheri","2020-05-16",31.992,34.668
"Lagocephalus guentheri","2017-11-01",37.9563,23.3547
"Lagocephalus guentheri","2019-05-21",32.1337,34.7345
"Lagocephalus guentheri","2014-01-01",36.8969,30.7133
"Lagocephalus guentheri","2019-04-22",31.7647,34.4153
"Lagocephalus guentheri","1967-05-18",36.774,34.66
"Lagocephalus guentheri","2023-12-01",36.5984,36.1853
"Lagocephalus guentheri","1967-05-18",36.774,34.66
"Lagocephalus guentheri","2017-05-20",32.2192,34.7611
"Lagocephalus guentheri","2014-01-01",36.8085,31.2396
"Lagocephalus guentheri","1996-01-01",32.052,34.741
"Lagocephalus guentheri","2019-05-26",32.019,34.676
"Lagocephalus guentheri","1983-01-01",36.569,35.992
"Lagocephalus guentheri","2014-05-02",31.8885,34.6041
"Lagocephalus guentheri","2011-01-01",32.098,24.024
"Lagocephalus guentheri","2012-01-01",31.405,27.132
"Lagocephalus guentheri","2010-01-01",36.662,29.068
"Lagocephalus guentheri","2007-01-01",40.7491,24.1926
"Lagocephalus guentheri","2019-05-28",31.992,34.7052
"Lagocephalus guentheri","2020-05-26",32.3407,34.7983
"Lagocephalus guentheri","2019-05-19",31.992,34.668
"Lagocephalus guentheri","1984-01-01",36.212,34.007
"Lagocephalus guentheri","2012-01-01",30.933,28.868
"Lagocephalus guentheri","2004-10-14",36.5948,36.1702
"Lagocephalus guentheri","2020-05-15",32.5072,34.8542
"Lagocephalus guentheri","2012-01-01",31.096,28.453
"Lagocephalus guentheri","2020-06-24",32.1337,34.7664
"Lagocephalus guentheri","2019-06-25",32.1337,34.7664
"Lagocephalus guentheri","2020-05-02",32.019,34.676
"Lagocephalus guentheri","2019-04-21",32.019,34.676
"Lagocephalus guentheri","2019-04-22",31.7197,34.4233
"Lagocephalus guentheri","2020-05-26",32.1922,34.7504
"Lagocephalus guentheri","2019-05-27",31.9492,34.6866
"Lagocephalus guentheri","1983-01-01",36.212,34.006
"Lagocephalus guentheri","2005-11-09",36.5948,36.1702
"Lagocephalus guentheri","2019-04-28",31.992,34.668
"Lagocephalus guentheri","2012-01-01",31.223,27.588
"Lagocephalus guentheri","2012-01-01",31.217,27.903
"Lagocephalus guentheri","2019-04-01",32.6094,23.1246
"Lagocephalus guentheri","1968-02-21",36.5948,36.1702
"Lagocephalus guentheri","2014-06-25",32.1337,34.7345
"Lagocephalus guentheri","2020-05-28",31.9492,34.6866
"Lagocephalus guentheri","2007-01-01",40.8403,25.6933
"Lagocephalus guentheri","2020-05-15",32.5522,34.8622
"Lagocephalus guentheri","2020-12-01",31.7288,30.2454
"Lagocephalus guentheri","2019-04-24",32.0257,34.6786
"Lagocephalus guentheri","2017-04-18",32.019,34.7185
"Lagocephalus guentheri","1984-01-01",36.773,34.721
"Lagocephalus guentheri","2019-04-16",31.7647,34.4552
"Lagocephalus guentheri","2019-04-17",32.019,34.7185
"Lagocephalus guentheri","2012-01-01",31.504,26.631
"Lagocephalus guentheri","2005-11-09",36.5948,36.1702
"Lagocephalus guentheri","2001-09-01",36.479,35.573
"Lagocephalus guentheri","2006-01-01",34.851,33.627
"Lagocephalus guentheri","2016-05-01",35.09,24.583
"Lagocephalus guentheri","2017-05-20",32.1337,34.7345
"Lagocephalus guentheri","2019-09-13",34.9857,34.0784
"Lagocephalus guentheri","1983-01-01",36.773,34.721
"Lagocephalus guentheri","2019-04-18",31.9492,34.6866
"Lagocephalus guentheri","2001-09-01",36.756,35.791
"Lagocephalus guentheri","2019-06-26",32.1337,34.7664
"Lagocephalus guentheri","2006-09-01",36.514,27.853
"Lagocephalus guentheri","2020-05-26",32.1112,34.7185
"Lagocephalus guentheri","2019-05-03",31.7647,34.3727
"Lagocephalus guentheri","2020-05-14",32.1112,34.7185
"Lagocephalus guentheri","2019-05-14",32.1112,34.7185
"Lagocephalus guentheri","2019-05-11",32.5072,34.8542
"Lagocephalus guentheri","1977-01-01",33.915,35.492
"Lagocephalus guentheri","1952-01-01",37.682,26.723
"Lagocephalus guentheri","2019-05-15",31.9492,34.6467
"Lagocephalus guentheri","2005-11-09",36.5948,36.1702
"Lagocephalus guentheri","2017-06-01",37,27.9667
"Lagocephalus guentheri","2012-01-01",31.693,25.851
"Lagocephalus guentheri","2019-04-20",31.9762,34.66
"Lagocephalus guentheri","2019-04-22",31.7647,34.4552
"Lagocephalus guentheri","2020-04-20",31.9762,34.66
"Lagocephalus guentheri","2019-06-25",31.92,34.6733
"Lagocephalus guentheri","2020-06-23",31.92,34.6254
"Lagocephalus guentheri","2023-10-01",35.8208,14.5309
"Lagocephalus guentheri","2005-11-09",36.5948,36.1702
"Lagocephalus guentheri","1998-03-01",36.605,35.878
"Lagocephalus guentheri","2007-01-01",40.7546,24.793
"Lagocephalus guentheri","2019-06-13",32.3407,34.7983
"Lagocephalus guentheri","1994-01-01",36.562,35.613
"Lagocephalus guentheri","1968-02-21",36.5948,36.1702
"Lagocephalus guentheri","1953-01-01",32.874,35.008
"Lagocephalus guentheri","2017-04-19",32.0482,34.6893
"Lagocephalus guentheri","2019-05-26",31.992,34.7052
"Lagocephalus guentheri","2008-01-01",33.2745,35.1959
"Lagocephalus guentheri","2020-05-01",31.8975,34.6121
"Lagocephalus guentheri","1984-01-01",36.569,35.992
"Lagocephalus guentheri","2012-01-01",31.013,28.714
"Lagocephalus guentheri","2019-04-20",31.9492,34.6467
"Lagocephalus guentheri","2005-11-11",36.5948,36.1702
"Lagocephalus guentheri","2000-01-01",36.957,27.962
"Lagocephalus guentheri","2003-01-01",36.446,28.179
"Lagocephalus guentheri","2019-05-22",31.9492,34.6467
"Lagocephalus guentheri","2008-01-01",36.671,35.93
"Lagocephalus guentheri","2020-12-01",31.7498,30.8731
"Lagocephalus guentheri","2017-05-02",32.019,34.676
"Lagocephalus guentheri","2019-06-10",32.1112,34.7558
"Lagocephalus guentheri","2020-05-02",31.9762,34.66
"Lagocephalus guentheri","2019-04-17",31.9492,34.6866
"Lagocephalus guentheri","2019-06-24",32.082,34.7451
"Lagocephalus guentheri","2019-05-26",32.3992,34.8196
"Lagocephalus guentheri","1996-01-01",32.076,34.732
"Lagocephalus guentheri","2020-04-17",31.9492,34.6866
"Lagocephalus guentheri","2019-06-24",31.965,34.6946
"Lagocephalus guentheri","2020-04-18",31.9492,34.6866
"Lagocephalus guentheri","2003-01-01",36.5948,36.1702
"Lagocephalus guentheri","2017-04-20",31.9492,34.6866
"Lagocephalus guentheri","1967-05-20",36.5948,36.1702
"Lagocephalus guentheri","2004-10-15",36.5948,36.1702
"Lagocephalus sceleratus","2020-06-30",32.028,34.6786
"Lagocephalus sceleratus","2018-01-01",36.33483,28.20951
"Lagocephalus sceleratus","2006-12-01",35.199,25.797
"Lagocephalus sceleratus","2016-05-27",34.9857,34.0784
"Lagocephalus sceleratus","2021-07-15",32.1045,34.7185
"Lagocephalus sceleratus","2013-08-01",36.8238,3.2469
"Lagocephalus sceleratus","2014-01-01",36.968,7.779
"Lagocephalus sceleratus","2017-01-01",40.81952,25.7458
"Lagocephalus sceleratus","2007-02-01",35.337,25.466
"Lagocephalus sceleratus","2018-01-01",36.76756,27.05276
"Lagocephalus sceleratus","2017-05-22",34.9857,34.0784
"Lagocephalus sceleratus","2019-09-14",34.9857,34.0784
"Lagocephalus sceleratus","2016-06-28",34.9857,34.0784
"Lagocephalus sceleratus","2019-10-31",32.3992,34.8196
"Lagocephalus sceleratus","2017-01-01",39.1625,26.25661
"Lagocephalus sceleratus","2014-01-01",31.2169,29.9094
"Lagocephalus sceleratus","2012-01-01",31.503,31.994
"Lagocephalus sceleratus","2013-03-01",43.751,15.746
"Lagocephalus sceleratus","2008-01-01",35.52035,24.03762
"Lagocephalus sceleratus","2021-06-09",32.1337,34.7345
"Lagocephalus sceleratus","2012-01-01",31.291,33.101
"Lagocephalus sceleratus","2018-06-12",37.6483,20.8169
"Lagocephalus sceleratus","2005-01-01",36.85224,25.47359
"Lagocephalus sceleratus","2012-01-01",31.013,28.714
"Lagocephalus sceleratus","2014-05-01",37.3086,26.7522
"Lagocephalus sceleratus","2014-07-01",36.7861,3.2196
"Lagocephalus sceleratus","2019-01-01",35.18736,26.30432
"Lagocephalus sceleratus","2014-12-01",35.491,12.612
"Lagocephalus sceleratus","2019-06-20",34.9857,34.0784
"Lagocephalus sceleratus","2009-01-01",36.613,30.653
"Lagocephalus sceleratus","2009-01-01",36.192,29.958
"Lagocephalus sceleratus","2010-01-01",36.49094,23.06633
"Lagocephalus sceleratus","2018-01-01",38.32324,23.7944
"Lagocephalus sceleratus","2019-10-30",32.2192,34.7611
"Lagocephalus sceleratus","2019-01-01",36.72148,24.45747
"Lagocephalus sceleratus","2008-01-01",35.914,27.736
"Lagocephalus sceleratus","2011-09-01",40.856,25.521
"Lagocephalus sceleratus","2014-01-01",31.2804,32.3167
"Lagocephalus sceleratus","2018-09-01",34.71,11.1375
"Lagocephalus sceleratus","2019-09-06",34.9857,34.0784
"Lagocephalus sceleratus","2007-04-01",36.589,24.864
"Lagocephalus sceleratus","2011-08-10",37.03349,25.09226
"Lagocephalus sceleratus","2012-10-01",42.751,17.804
"Lagocephalus sceleratus","2016-05-01",38.6905,15.8963
"Lagocephalus sceleratus","2013-01-01",37.80437,23.77914
"Lagocephalus sceleratus","2007-01-01",36.16022,28.0886
"Lagocephalus sceleratus","2017-01-01",36.85224,25.47359
"Lagocephalus sceleratus","2013-03-01",43.781,15.657
"Lagocephalus sceleratus","2019-09-01",36.4254,28.1646
"Lagocephalus sceleratus","2016-08-25",34.9857,34.0784
"Lagocephalus sceleratus","2019-05-05",34.9857,34.0784
"Lagocephalus sceleratus","2012-09-01",39.472,20.199
"Lagocephalus sceleratus","2020-07-15",32.1337,34.66
"Lagocephalus sceleratus","2020-10-31",32.1922,34.7504
"Lagocephalus sceleratus","2009-01-01",36.86754,22.17041
"Lagocephalus sceleratus","2013-03-01",36.7829,5.0935
"Lagocephalus sceleratus","2019-01-01",37.0888,25.2678
"Lagocephalus sceleratus","2014-06-01",34.49,10.985
"Lagocephalus sceleratus","2017-01-01",35.34727,25.0463
"Lagocephalus sceleratus","2018-01-01",37.31345,26.74014
"Lagocephalus sceleratus","2016-01-01",35.17224,24.40085
"Lagocephalus sceleratus","2019-01-01",39.4025,20.1037
"Lagocephalus sceleratus","2009-01-01",36.803,30.657
"Lagocephalus sceleratus","2019-09-16",34.9857,34.0784
"Lagocephalus sceleratus","2012-08-01",36.966,26.904
"Lagocephalus sceleratus","2016-06-01",37.9215,15.751
"Lagocephalus sceleratus","2017-01-01",36.03379,27.75785
"Lagocephalus sceleratus","2017-01-01",39.1295,26.1798
"Lagocephalus sceleratus","2018-01-01",36.95197,21.93604
"Lagocephalus sceleratus","2017-01-01",36.54797,26.35439
"Lagocephalus sceleratus","2018-02-09",36.7454,15.1212
"Lagocephalus sceleratus","2018-10-30",32.2192,34.7611
"Lagocephalus sceleratus","2013-08-05",34.9857,34.0784
"Lagocephalus sceleratus","2018-01-01",36.77891,27.14801
"Lagocephalus sceleratus","2012-06-01",35.2659,11.1723
"Lagocephalus sceleratus","2014-01-01",31.274,32.321
"Lagocephalus sceleratus","2019-09-06",32.0482,34.6893
"Lagocephalus sceleratus","2009-01-01",36.80666,21.80732
"Lagocephalus sceleratus","2007-01-01",36.43889,28.20444
"Lagocephalus sceleratus","2010-01-01",36.662,29.068
"Lagocephalus sceleratus","2017-01-01",34.95064,26.15735
"Lagocephalus sceleratus","2014-06-01",34.5,10.97
"Lagocephalus sceleratus","2013-06-01",33.142,35.154
"Lagocephalus sceleratus","2019-01-01",37.8028,23.851
"Lagocephalus sceleratus","2020-06-26",31.9492,34.6866
"Lagocephalus sceleratus","2019-01-01",36.93835,27.09187
"Lagocephalus sceleratus","2013-12-01",36.981,7.668
"Lagocephalus sceleratus","2017-01-01",35.19289,24.38103
"Lagocephalus sceleratus","2019-08-31",34.9857,34.0784
"Lagocephalus sceleratus","2018-09-27",34.9857,34.0784
"Lagocephalus sceleratus","2021-01-01",39.9946,25.2513
"Lagocephalus sceleratus","2020-08-28",32.082,34.7079
"Lagocephalus sceleratus","2008-01-01",36.43889,28.20444
"Lagocephalus sceleratus","2021-01-01",40.6866,24.798
"Lagocephalus sceleratus","2008-01-01",36.426,28.185
"Lagocephalus sceleratus","2018-01-01",36.94897,22.14307
"Lagocephalus sceleratus","2017-10-02",32.0055,34.6121
"Lagocephalus sceleratus","2020-10-30",32.1607,34.7398
"Lagocephalus sceleratus","2012-02-01",36.9144,4.4109
"Lagocephalus sceleratus","2014-11-01",39.8167,18.1222
"Lagocephalus sceleratus","2009-01-01",35.40636,25.01967
"Lagocephalus sceleratus","2013-06-01",33.536,11.454
"Lagocephalus sceleratus","2016-06-13",34.9857,34.0784
"Lagocephalus sceleratus","2012-10-01",33.576,11.613
"Lagocephalus sceleratus","2017-01-01",39.34622,22.94328
"Lagocephalus sceleratus","2012-01-01",31.323,32.244
"Lagocephalus sceleratus","2012-01-01",31.405,27.132
"Lagocephalus sceleratus","2019-08-06",34.9857,34.0784
"Lagocephalus sceleratus","2019-08-12",34.9857,34.0784
"Lagocephalus sceleratus","2005-01-01",36.015,27.998
"Lagocephalus sceleratus","2016-08-18",34.9857,34.0784
"Lagocephalus sceleratus","2017-09-16",32.1922,34.6813
"Lagocephalus sceleratus","2006-01-01",37.68639,23.35482
"Lagocephalus sceleratus","2018-01-01",37.73049,27.03594
"Lagocephalus sceleratus","2014-01-01",36.66296,22.50529
"Lagocephalus sceleratus","2019-09-28",35.001,34.0704
"Lagocephalus sceleratus","2007-01-01",35.53371,23.66748
"Lagocephalus sceleratus","2005-01-01",35.347,25.18
"Lagocephalus sceleratus","2018-01-01",34.88905,24.93886
"Lagocephalus sceleratus","2018-01-01",36.42733,28.19266
"Lagocephalus sceleratus","2019-01-01",36.93519,27.1519
"Lagocephalus sceleratus","2014-07-01",36.7795,3.2251
"Lagocephalus sceleratus","2015-01-01",35.18932,25.72291
"Lagocephalus sceleratus","2019-06-10",34.9857,34.0784
"Lagocephalus sceleratus","2019-01-01",36.9762,25.1043
"Lagocephalus sceleratus","2009-08-01",36.443,28.18
"Lagocephalus sceleratus","2009-05-01",36.426,28.108
"Lagocephalus sceleratus","2020-06-29",31.9762,34.66
"Lagocephalus sceleratus","2017-01-01",36.39608,25.49358
"Lagocephalus sceleratus","2019-06-28",35.001,34.0704
"Lagocephalus sceleratus","2010-12-01",33.459,11.544
"Lagocephalus sceleratus","2013-07-01",34.528,10.989
"Lagocephalus sceleratus","2019-06-09",34.9857,34.0784
"Lagocephalus sceleratus","2019-04-29",34.9857,34.0784
"Lagocephalus sceleratus","2006-01-01",36.427,28.183
"Lagocephalus sceleratus","2011-05-01",33.529,11.741
"Lagocephalus sceleratus","2020-01-01",36.2882,28.18316
"Lagocephalus sceleratus","2019-05-30",34.9857,34.0784
"Lagocephalus sceleratus","2017-01-01",35.8974,-5.2994
"Lagocephalus sceleratus","2015-05-01",42.658,18.083
"Lagocephalus sceleratus","2008-01-01",36.134,27.707
"Lagocephalus sceleratus","2014-11-01",37.3086,26.7521
"Lagocephalus sceleratus","2018-08-01",39.7931,19.9594
"Lagocephalus sceleratus","2009-01-01",36.465,32.013
"Lagocephalus sceleratus","2017-08-10",34.9857,34.0784
"Lagocephalus sceleratus","2018-10-12",32.1922,34.7504
"Lagocephalus sceleratus","2005-07-01",35.369,25.142
"Lagocephalus sceleratus","2007-01-01",37.09047,25.14307
"Lagocephalus sceleratus","2020-06-13",32.3407,34.7398
"Lagocephalus sceleratus","2011-08-16",37.03349,25.09226
"Lagocephalus sceleratus","2009-01-01",34.642,33.159
"Lagocephalus sceleratus","2019-01-01",37.05267,21.55752
"Lagocephalus sceleratus","2019-01-01",39.07708,23.68173
"Lagocephalus sceleratus","2018-09-30",36.3223,28.2106
"Lagocephalus sceleratus","2019-11-28",31.92,34.6733
"Lagocephalus sceleratus","2015-01-01",36.9586,25.53839
"Lagocephalus sceleratus","2017-10-28",31.9762,34.66
"Lagocephalus sceleratus","2019-10-09",31.92,34.5855
"Lagocephalus sceleratus","2019-07-08",35.001,34.0704
"Lagocephalus sceleratus","2015-08-01",35.928,14.337
"Lagocephalus sceleratus","2015-10-01",36.518,1.3142
"Lagocephalus sceleratus","2009-01-01",36.13806,22.99519
"Lagocephalus sceleratus","2018-10-18",31.8705,34.5323
"Lagocephalus sceleratus","2024-10-01",35.4973,11.0711
"Lagocephalus sceleratus","2012-07-01",37.3457,9.8489
"Lagocephalus sceleratus","2018-01-01",35.33605,25.27869
"Lagocephalus sceleratus","2012-07-01",36.5753,1.8003
"Lagocephalus sceleratus","2008-10-01",36.426,28.108
"Lagocephalus sceleratus","2014-01-01",41.446,16.522
"Lagocephalus sceleratus","2008-01-01",31.576,30.083
"Lagocephalus sceleratus","2019-07-16",35.001,34.0704
"Lagocephalus sceleratus","2018-01-01",37.12933,25.23836
"Lagocephalus sceleratus","2017-01-01",39.18373,26.23264
"Lagocephalus sceleratus","2019-09-12",34.9857,34.0784
"Lagocephalus sceleratus","2012-01-01",31.166,29.709
"Lagocephalus sceleratus","2019-07-14",35.001,34.0704
"Lagocephalus sceleratus","2012-01-01",31.217,27.903
"Lagocephalus sceleratus","2019-10-24",31.992,34.668
"Lagocephalus sceleratus","2019-07-19",34.9857,34.0784
"Lagocephalus sceleratus","2019-07-06",34.9857,34.0784
"Lagocephalus sceleratus","2017-01-01",36.34958,25.47096
"Lagocephalus sceleratus","2013-12-01",36.873,14.376
"Lagocephalus sceleratus","2014-10-01",37.3086,26.7521
"Lagocephalus sceleratus","2017-10-31",32.0257,34.6228
"Lagocephalus sceleratus","2017-11-28",31.9492,34.6866
"Lagocephalus sceleratus","2017-01-01",36.69716,22.38179
"Lagocephalus sceleratus","2014-01-01",36.8085,31.2396
"Lagocephalus sceleratus","2018-06-23",32.1607,34.668
"Lagocephalus sceleratus","2009-01-01",35.92756,27.8536
"Lagocephalus sceleratus","2009-01-01",36.301,30.282
"Lagocephalus sceleratus","2018-01-01",36.85224,25.47359
"Lagocephalus sceleratus","2017-01-01",35.34717,25.14963
"Lagocephalus sceleratus","2017-06-24",32.1337,34.7345
"Lagocephalus sceleratus","2012-01-01",37.29525,26.7678
"Lagocephalus sceleratus","2007-03-01",34.982,25.889
"Lagocephalus sceleratus","2018-08-28",32.0257,34.6786
"Lagocephalus sceleratus","2018-09-12",32.0257,34.6786
"Lagocephalus sceleratus","2017-01-01",37.12448,21.50629
"Lagocephalus sceleratus","2014-01-01",31.3213,30.0558
"Lagocephalus sceleratus","2013-12-01",36.9171,8.4394
"Lagocephalus sceleratus","2012-10-01",43.399,16.402
"Lagocephalus sceleratus","2008-01-01",33.2745,35.1959
"Lagocephalus sceleratus","2010-11-01",33.4243,11.1622
"Lagocephalus sceleratus","2012-01-01",30.936,29.325
"Lagocephalus sceleratus","2018-01-01",35.57652,23.9766
"Lagocephalus sceleratus","2013-06-07",34.9857,34.0784
"Lagocephalus sceleratus","2008-10-12",37.806,23.78151
"Lagocephalus sceleratus","2017-10-02",31.9492,34.6866
"Lagocephalus sceleratus","2012-01-01",31.223,27.588
"Lagocephalus sceleratus","2007-03-01",35.0062,26.1551
"Lagocephalus sceleratus","2017-01-01",37.78531,20.90199
"Lagocephalus sceleratus","2018-09-05",35.001,34.0704
"Lagocephalus sceleratus","2019-10-23",32.1922,34.7504
"Lagocephalus sceleratus","2014-03-01",37.719,20.919
"Lagocephalus sceleratus","2022-01-01",40.6098,26.0603
"Lagocephalus sceleratus","2018-09-06",32.0482,34.6893
"Lagocephalus sceleratus","2011-01-01",36.80492,22.62244
"Lagocephalus sceleratus","2019-06-12",35.001,34.0704
"Lagocephalus sceleratus","2017-12-01",35.9008,-5.3037
"Lagocephalus sceleratus","2014-01-01",36.8969,30.7133
"Lagocephalus sceleratus","2014-09-30",36.3223,28.2106
"Lagocephalus sceleratus","2019-09-16",35.001,34.0704
"Lagocephalus sceleratus","2020-01-01",40.8299,24.3239
"Lagocephalus sceleratus","2019-01-01",39.4015,20.1035
"Lagocephalus sceleratus","2018-08-08",34.9857,34.0784
"Lagocephalus sceleratus","2014-01-01",37.93986,21.12032
"Lagocephalus sceleratus","2019-01-01",38.0032,24.3265
"Lagocephalus sceleratus","2017-01-01",38.60083,20.54988
"Lagocephalus sceleratus","2016-03-01",35.3667,-1.2759
"Lagocephalus sceleratus","2018-01-01",35.36093,24.40758
"Lagocephalus sceleratus","2018-01-01",36.04571,27.9552
"Lagocephalus sceleratus","2019-01-01",37.7923,23.8055
"Lagocephalus sceleratus","2018-06-08",32.2192,34.7611
"Lagocephalus sceleratus","2020-01-01",40.8613,24.342
"Lagocephalus sceleratus","2018-10-23",32.2192,34.7611
"Lagocephalus sceleratus","2019-11-11",34.8975,33.6542
"Lagocephalus sceleratus","2009-05-01",36.133,28.099
"Lagocephalus sceleratus","2007-03-01",35.377,25.621
"Lagocephalus sceleratus","2013-06-02",34.9857,34.0784
"Lagocephalus sceleratus","2019-01-01",37.07155,25.12252
"Lagocephalus sceleratus","2017-01-01",40.7325,23.9606
"Lagocephalus sceleratus","2014-01-01",41.308,16.424
"Lagocephalus sceleratus","2004-01-01",32.054,34.745
"Lagocephalus sceleratus","2015-10-01",36.5362,1.3061
"Lagocephalus sceleratus","2011-01-01",36.97211,22.9937
"Lagocephalus sceleratus","2008-10-21",37.806,23.78151
"Lagocephalus sceleratus","2019-09-27",32.0257,34.6786
"Lagocephalus sceleratus","2017-01-01",35.20779,26.11113
"Lagocephalus sceleratus","2008-01-01",40.6268,24.4889
"Lagocephalus sceleratus","2008-01-01",36.045,27.969
"Lagocephalus sceleratus","2017-01-01",38.1175,24.01827
"Lagocephalus sceleratus","2020-06-26",32.1922,34.7504
"Lagocephalus sceleratus","2020-06-25",32.1922,34.7504
"Lagocephalus sceleratus","2014-05-02",35.001,34.0704
"Lagocephalus sceleratus","2017-10-12",32.1922,34.7504
"Lagocephalus sceleratus","2017-01-01",39.99249,22.6274
"Lagocephalus sceleratus","2018-07-26",34.9857,34.0784
"Lagocephalus sceleratus","2019-10-10",32.289,34.7185
"Lagocephalus sceleratus","2020-01-01",37.28261,26.72454
"Lagocephalus sceleratus","2009-01-01",36.43889,28.20444
"Lagocephalus sceleratus","2014-01-01",36.61435,22.49301
"Lagocephalus sceleratus","2017-01-01",36.42421,28.28645
"Lagocephalus sceleratus","2018-01-01",35.58523,23.65429
"Lagocephalus sceleratus","2012-02-01",35.3378,-1.4098
"Lagocephalus sceleratus","2019-01-01",31.4167,34.3333
"Lagocephalus sceleratus","2021-06-13",32.505,34.7957
"Lagocephalus sceleratus","2016-03-01",35.3662,-1.2748
"Lagocephalus sceleratus","2020-08-31",32.1112,34.6547
"Lagocephalus sceleratus","2019-10-01",36.9186,15.1798
"Lagocephalus sceleratus","2016-04-01",38.742,16.033
"Lagocephalus sceleratus","2017-01-01",35.92877,27.85611
"Lagocephalus sceleratus","2021-06-23",32.1337,34.66
"Lagocephalus sceleratus","2014-04-01",43.748,15.754
"Lagocephalus sceleratus","2017-01-01",35.95631,23.35469
"Lagocephalus sceleratus","2015-07-29",34.9857,34.0784
"Lagocephalus sceleratus","2019-09-05",32.0527,34.6919
"Lagocephalus sceleratus","2020-09-05",32.0527,34.6919
"Lagocephalus sceleratus","2020-06-19",32.0257,34.6786
"Lagocephalus sceleratus","2011-01-01",37.05957,21.56051
"Lagocephalus sceleratus","2012-01-01",31.693,25.851
"Lagocephalus sceleratus","2008-11-13",37.80439,23.83759
"Lagocephalus sceleratus","2004-04-25",34.9857,34.0784
"Lagocephalus sceleratus","2005-12-01",35.399,24.308
"Lagocephalus sceleratus","2017-01-01",37.4839,22.99218
"Lagocephalus sceleratus","2019-09-12",32.0257,34.6786
"Lagocephalus sceleratus","2017-10-29",32.1382,34.7345
"Lagocephalus sceleratus","2014-01-01",36.52694,22.48185
"Lagocephalus sceleratus","2009-01-01",36.291,30.526
"Lagocephalus sceleratus","2020-08-21",32.1112,34.7185
"Lagocephalus sceleratus","2013-12-01",35.515,12.646
"Lagocephalus sceleratus","2007-03-01",34.964,24.611
"Lagocephalus sceleratus","2021-01-01",40.0631,22.5806
"Lagocephalus sceleratus","2009-08-01",36.426,28.108
"Lagocephalus sceleratus","2005-01-01",36.294,30.532
"Lagocephalus sceleratus","2017-01-01",35.3446,25.13674
"Lagocephalus sceleratus","2019-10-19",32.1112,34.6547
"Lagocephalus sceleratus","2019-06-13",35.001,34.0704
"Lagocephalus sceleratus","2015-07-01",42.279,18.879
"Lagocephalus sceleratus","2020-10-10",32.289,34.7185
"Lagocephalus sceleratus","2012-05-01",37.152,26.752
"Lagocephalus sceleratus","2006-01-01",38.428,26.752
"Lagocephalus sceleratus","2018-09-05",31.992,34.668
"Lagocephalus sceleratus","2014-10-01",35.2442,-1.5771
"Lagocephalus sceleratus","2012-01-01",30.933,28.868
"Lagocephalus sceleratus","2003-01-01",36.979,27.971
"Lagocephalus sceleratus","2014-01-01",35.46112,24.22172
"Lagocephalus sceleratus","2019-01-01",36.9523,25.0693
"Lagocephalus sceleratus","2007-03-01",35.415,24.507
"Lagocephalus sceleratus","2019-09-26",31.9492,34.6467
"Lagocephalus sceleratus","2013-10-01",35.505,12.629
"Lagocephalus sceleratus","2009-08-01",36.133,28.099
"Lagocephalus sceleratus","2016-11-01",35.958,14.399
"Lagocephalus sceleratus","2020-06-24",32.1112,34.7558
"Lagocephalus sceleratus","2020-01-01",40.8386,24.3307
"Lagocephalus sceleratus","2019-01-01",39.41048,20.22506
"Lagocephalus sceleratus","2020-06-12",32.1337,34.7345
"Lagocephalus sceleratus","2019-09-16",32.2192,34.7611
"Lagocephalus sceleratus","2020-08-21",31.9492,34.6467
"Lagocephalus sceleratus","2017-01-01",36.73488,26.99041
"Lagocephalus sceleratus","2012-03-01",36.9082,6.8936
"Lagocephalus sceleratus","2017-09-10",34.9857,34.0784
"Lagocephalus sceleratus","2020-09-25",32.1112,34.7185
"Lagocephalus sceleratus","2019-10-02",32.082,34.644
"Lagocephalus sceleratus","2013-06-01",36.8178,3.5649
"Lagocephalus sceleratus","2008-01-01",36.45914,22.4432
"Lagocephalus sceleratus","2017-01-01",40.73648,23.97074
"Lagocephalus sceleratus","2009-01-01",37.77232,24.95566
"Lagocephalus sceleratus","2011-09-01",37.3457,9.8489
"Lagocephalus sceleratus","2020-10-29",31.9492,34.6467
"Lagocephalus sceleratus","2021-06-18",32.1922,34.7504
"Lagocephalus sceleratus","2020-06-25",31.9492,34.6866
"Lagocephalus sceleratus","2018-08-27",34.9857,34.0784
"Lagocephalus sceleratus","2020-08-30",32.1112,34.7185
"Lagocephalus sceleratus","2013-12-01",35.515,12.646
"Lagocephalus sceleratus","2014-01-01",36.9194,15.1784
"Lagocephalus sceleratus","2014-10-01",35.2442,-1.5804
"Lagocephalus sceleratus","2015-01-01",35.51499,23.96835
"Lagocephalus sceleratus","2020-07-16",32.1337,34.7664
"Lagocephalus sceleratus","2017-01-01",40.6098,26.0603
"Lagocephalus sceleratus","2014-01-01",36.33355,28.20977
"Lagocephalus sceleratus","2019-09-13",31.992,34.668
"Lagocephalus sceleratus","2020-06-09",32.163,34.7398
"Lagocephalus sceleratus","2020-06-19",31.992,34.668
"Lagocephalus sceleratus","2021-01-01",40.6098,26.0603
"Lagocephalus sceleratus","2019-10-02",31.92,34.6254
"Lagocephalus sceleratus","2019-05-01",36.3674,28.2424
"Lagocephalus sceleratus","2020-06-23",31.92,34.6254
"Lagocephalus sceleratus","2018-09-12",31.9492,34.6467
"Lagocephalus sceleratus","2020-01-01",36.90424,25.97629
"Lagocephalus sceleratus","2020-06-08",32.1922,34.7504
"Lagocephalus sceleratus","2007-01-01",39.61044,19.77674
"Lagocephalus sceleratus","2017-01-01",35.03453,25.97061
"Lagocephalus sceleratus","2014-04-01",36.353,28.218
"Lagocephalus sceleratus","2018-01-01",35.51465,27.20927
"Lagocephalus sceleratus","2010-01-01",37.26694,23.15811
"Lagocephalus sceleratus","2020-06-18",31.9492,34.6467
"Lagocephalus sceleratus","2019-07-18",34.9857,34.0784
"Lagocephalus sceleratus","2016-11-11",34.8975,33.6542
"Lagocephalus sceleratus","2014-01-01",31.3164,30.0784
"Lagocephalus sceleratus","2010-01-01",36.41671,25.42778
"Lagocephalus sceleratus","2020-01-01",37.79159,24.08323
"Lagocephalus sceleratus","2011-01-01",37.09283,21.57635
"Lagocephalus sceleratus","2019-09-05",32.019,34.676
"Lagocephalus sceleratus","2008-01-01",36.80092,22.61934
"Lagocephalus sceleratus","2017-01-01",36.73328,22.57625
"Lagocephalus sceleratus","2017-10-12",31.8705,34.5323
"Lagocephalus sceleratus","2014-06-01",37.758,21.009
"Lagocephalus sceleratus","2014-01-01",31.4853,31.7496
"Lagocephalus sceleratus","2020-06-25",32.1112,34.7185
"Lagocephalus sceleratus","2014-01-01",36.904,15.151
"Lagocephalus sceleratus","2015-03-01",34.3602,10.3942
"Lagocephalus sceleratus","2014-01-01",36.33355,28.20977
"Lagocephalus sceleratus","2008-08-12",36.07433,28.01541
"Lagocephalus sceleratus","2011-01-01",37.21123,21.59185
"Lagocephalus sceleratus","2012-01-01",31.096,28.453
"Lagocephalus sceleratus","2020-06-17",32.1112,34.7185
"Lagocephalus sceleratus","2019-01-01",37.1872,26.7718
"Lagocephalus sceleratus","2018-09-24",35.001,34.0704
"Lagocephalus sceleratus","2018-01-01",34.93717,24.83644
"Lagocephalus sceleratus","2017-09-10",35.001,34.0704
"Lagocephalus sceleratus","2018-08-15",32.289,34.785
"Lagocephalus sceleratus","2016-01-01",42.276,18.881
"Lagocephalus sceleratus","2014-01-01",31.6099,31.0697
"Lagocephalus sceleratus","2020-10-29",31.92,34.6254
"Lagocephalus sceleratus","2021-06-24",32.1337,34.7345
"Lagocephalus sceleratus","2017-01-01",39.9657,23.6848
"Lagocephalus sceleratus","2020-06-18",32.0257,34.6786
"Lagocephalus sceleratus","2012-01-01",31.168,32.518
"Lagocephalus sceleratus","2009-01-01",36.30133,28.18809
"Lagocephalus sceleratus","2017-01-01",35.00301,25.73885
"Lagocephalus sceleratus","2019-01-01",37.6738,23.4868
"Lagocephalus sceleratus","2019-10-31",32.1382,34.6627
"Lagocephalus sceleratus","2019-09-12",31.9492,34.6467
"Lagocephalus sceleratus","2019-07-22",34.9857,34.0784
"Lagocephalus sceleratus","2020-06-12",32.3407,34.7398
"Lagocephalus sceleratus","2007-03-01",34.911,25.152
"Lagocephalus sceleratus","2019-01-01",37.05267,21.55752
"Lagocephalus sceleratus","2012-07-01",38.167,20.352
"Lagocephalus sceleratus","2018-06-25",32.1112,34.7185
"Lagocephalus sceleratus","2020-01-01",37.96673,23.21979
"Lagocephalus sceleratus","2010-09-01",32.247,23.295
"Lagocephalus sceleratus","2023-01-01",30.8,19.9
"Lagocephalus sceleratus","2005-01-01",32.055,34.74
"Lagocephalus sceleratus","2020-06-14",32.289,34.785
"Lagocephalus sceleratus","2020-06-12",32.3182,34.793
"Lagocephalus sceleratus","2020-12-01",31.5715,30.1064
"Lagocephalus sceleratus","2019-01-01",39.642,19.8755
"Lagocephalus sceleratus","2007-03-01",37.246,22.984
"Lagocephalus sceleratus","2019-10-29",32.1382,34.7345
"Lagocephalus sceleratus","2022-01-01",36.4393,28.1582
"Lagocephalus sceleratus","2021-06-19",31.992,34.668
"Lagocephalus sceleratus","2024-05-01",44.79,13.9286
"Lagocephalus sceleratus","2020-08-28",32.0527,34.6919
"Lagocephalus sceleratus","2020-10-01",31.9492,34.6467
"Lagocephalus sceleratus","2008-10-13",37.81321,23.80988
"Lagocephalus sceleratus","2017-10-29",32.1382,34.6627
"Lagocephalus sceleratus","2014-07-01",39.067,0.317
"Lagocephalus sceleratus","2018-01-01",37.68724,26.6527
"Lagocephalus sceleratus","2015-05-01",36.328,28.225
"Lagocephalus sceleratus","2018-07-17",35.001,34.0704
"Lagocephalus sceleratus","2014-01-01",36.9037,7.7969
"Lagocephalus sceleratus","2008-01-01",36.42359,28.19117
"Lagocephalus sceleratus","2020-08-15",32.289,34.785
"Lagocephalus sceleratus","2009-01-01",36.249,30.368
"Lagocephalus sceleratus","2018-01-01",35.636,34.2385
"Lagocephalus sceleratus","2009-01-01",36.07433,28.01541
"Lagocephalus sceleratus","2004-01-01",36.542,30.679
"Lagocephalus sceleratus","2019-09-25",31.9492,34.6467
"Lagocephalus sceleratus","2021-08-21",32.1337,34.7345
"Lagocephalus sceleratus","2011-01-01",37.06036,21.57521
"Lagocephalus sceleratus","2018-11-11",34.8975,33.6542
"Lagocephalus sceleratus","2014-01-01",31.213,29.882
"Lagocephalus sceleratus","2012-01-01",31.636,31.666
"Lagocephalus sceleratus","2012-12-01",37.933,23.457
"Lagocephalus sceleratus","2017-01-01",35.503,24.174
"Lagocephalus sceleratus","2008-01-01",37.40755,23.39584
"Lagocephalus sceleratus","2008-08-15",36.07433,28.01541
"Lagocephalus sceleratus","2017-07-02",34.9857,34.0784
"Lagocephalus sceleratus","2018-01-01",37.28224,26.77204
"Lagocephalus sceleratus","2014-01-01",31.5277,31.8381
"Lagocephalus sceleratus","2008-01-01",37.58309,22.74719
"Lagocephalus sceleratus","2020-10-01",32.019,34.676
"Lagocephalus sceleratus","2019-01-01",37.272,26.7697
"Lagocephalus sceleratus","2010-01-01",40.167,23.541
"Lagocephalus sceleratus","2017-01-01",36.15157,29.59776
"Lagocephalus sceleratus","2007-03-01",34.874,24.842
"Lagocephalus sceleratus","2019-01-01",37.6543,26.5542
"Lagocephalus sceleratus","2021-08-15",32.289,34.785
"Lagocephalus sceleratus","2015-03-01",33.2719,11.3784
"Lagocephalus sceleratus","2014-01-01",36.42359,28.19117
"Lagocephalus sceleratus","2008-01-01",36.424,28.136
"Lagocephalus sceleratus","2020-06-25",32.1337,34.7345
"Lagocephalus sceleratus","2018-01-01",37.28224,26.77204
"Lagocephalus sceleratus","2018-09-26",31.9492,34.6467
"Lagocephalus sceleratus","2020-06-08",32.2192,34.7611
"Lagocephalus sceleratus","2020-06-29",31.9492,34.6467
"Lagocephalus sceleratus","2008-08-01",35.6794,34.578
"Lagocephalus sceleratus","2017-01-01",39.84697,22.78905
"Lagocephalus sceleratus","2017-01-01",37.02358,22.10327
"Lagocephalus sceleratus","2012-01-01",31.157,33.525
"Lagocephalus sceleratus","2020-06-17",32.1382,34.7345
"Lagocephalus sceleratus","2009-01-01",36.707,30.945
"Lagocephalus sceleratus","2017-01-01",36.943,27.165
"Lagocephalus sceleratus","2017-10-28",31.992,34.6068
"Lagocephalus sceleratus","2020-10-02",31.9492,34.6467
"Lagocephalus sceleratus","2011-01-01",40.6183,24.5198
"Lagocephalus sceleratus","2012-05-01",35.8248,-0.5031
"Lagocephalus sceleratus","2013-11-01",35.505,12.628
"Lagocephalus sceleratus","2012-01-01",31.5273,25.3762
"Lagocephalus sceleratus","2020-12-01",31.7498,30.8731
"Lagocephalus sceleratus","2014-01-01",40.3736,26.3198
"Lagocephalus sceleratus","2008-01-01",36.41671,25.42778
"Lagocephalus sceleratus","2019-01-01",36.9902,25.1095
"Lagocephalus sceleratus","2007-04-01",35.299,26.342
"Lagocephalus sceleratus","2018-01-01",36.81124,27.18133
"Lagocephalus sceleratus","2019-01-01",37.6667,24.04208
"Lagocephalus sceleratus","2017-01-01",39.27327,22.82784
"Lagocephalus sceleratus","2012-10-01",39.277,23.124
"Lagocephalus sceleratus","2019-10-31",32.2462,34.777
"Lagocephalus sceleratus","2017-01-01",36.68524,22.83709
"Lagocephalus sceleratus","2008-01-01",39.522,26.809
"Lagocephalus sceleratus","2013-11-01",41.13,16.883
"Lagocephalus sceleratus","2008-01-01",40.8613,24.342
"Lagocephalus sceleratus","2017-01-01",39.1313,23.7765
"Lagocephalus sceleratus","2008-10-01",36.133,28.099
"Lagocephalus sceleratus","2019-01-01",37.168,26.8465
"Lagocephalus sceleratus","2015-06-29",32.1382,34.6627
"Lagocephalus sceleratus","2009-01-01",31.586,30.964
"Lagocephalus sceleratus","2015-01-01",42.282,18.843
"Lagocephalus sceleratus","2013-01-01",37.18162,25.55189
"Lagocephalus sceleratus","2019-02-01",40.4625,19.3412
"Lagocephalus sceleratus","2014-08-01",35.9164,35.7889
"Lagocephalus sceleratus","2020-01-01",37.10536,25.36768
"Lagocephalus sceleratus","2009-01-01",36.28661,22.92238
"Lagocephalus sceleratus","2009-01-01",37.75061,21.30265
"Lagocephalus sceleratus","2017-10-01",31.992,34.6068
"Lagocephalus sceleratus","2009-01-01",36.141,29.879
"Lagocephalus sceleratus","2017-01-01",31.25,29.87
"Lagocephalus sceleratus","2019-08-12",34.9857,34.0784
"Lagocephalus sceleratus","2017-10-29",32.1337,34.7345
"Lagocephalus sceleratus","2011-01-01",37.15662,21.56599
"Lagocephalus sceleratus","2018-01-01",35.20594,25.71885
"Lagocephalus sceleratus","2005-01-01",35.358,24.364
"Lagocephalus sceleratus","2008-01-01",35.19933,24.08025
"Lagocephalus sceleratus","2009-05-01",36.348,28.235
"Lagocephalus sceleratus","2020-08-21",32.1337,34.7345
"Lagocephalus sceleratus","2025-01-01",32.1897,23.394
"Lagocephalus sceleratus","2009-01-01",37.63408,26.10648
"Lagocephalus sceleratus","2018-01-01",36.79436,22.78529
"Lagocephalus sceleratus","2014-01-01",36.956,7.791
"Lagocephalus sceleratus","2018-06-23",31.9492,34.6467
"Lagocephalus sceleratus","2018-01-01",36.44924,28.22582
"Lagocephalus sceleratus","2019-01-01",37.27291,22.85236
"Lagocephalus sceleratus","2008-12-01",42.155,18.833
"Lagocephalus sceleratus","2014-09-01",35.04,34.037
"Lagocephalus sceleratus","2009-01-01",36.024,32.527
"Lagocephalus sceleratus","2018-06-24",32.019,34.676
"Lagocephalus sceleratus","2020-12-01",31.773,30.408
"Lagocephalus sceleratus","2019-06-12",32.4375,34.7717
"Lagocephalus sceleratus","2020-09-25",31.9492,34.6467
"Lagocephalus sceleratus","2010-06-11",37.6985,20.9894
"Lagocephalus sceleratus","2009-08-01",36.348,28.235
"Lagocephalus sceleratus","2014-01-01",36.72267,24.44578
"Lagocephalus sceleratus","2020-08-15",32.262,34.785
"Lagocephalus sceleratus","2014-01-01",31.5604,30.8519
"Lagocephalus sceleratus","2012-11-01",37.229,21.587
"Lagocephalus sceleratus","2017-01-01",34.93086,24.80191
"Lagocephalus sceleratus","2019-10-18",31.8705,34.5323
"Lagocephalus sceleratus","2020-06-13",32.3182,34.793
"Lagocephalus sceleratus","2007-01-01",37.10347,25.37285
"Lagocephalus sceleratus","2017-10-10",32.0055,34.6733
"Lagocephalus sceleratus","2020-06-23",31.9762,34.6201
"Lagocephalus sceleratus","2008-10-01",36.348,28.235
"Lagocephalus sceleratus","2006-01-01",38.425,27.076
"Lagocephalus sceleratus","2009-05-01",36.443,28.18
"Lagocephalus sceleratus","2012-10-01",33.269,11.311
"Lagocephalus sceleratus","2018-01-01",35.1632,25.716
"Lagocephalus sceleratus","2008-10-01",36.443,28.18
"Lagocephalus sceleratus","2021-01-01",39.1313,23.7765
"Lagocephalus sceleratus","2013-01-01",37.007,22.101
"Lagocephalus sceleratus","2013-11-01",41.136,16.856
"Lagocephalus sceleratus","2021-08-30",32.1337,34.7345
"Lagocephalus sceleratus","2012-01-01",31.504,26.631
"Lagocephalus sceleratus","2007-02-01",38.972,26.051
"Lagocephalus sceleratus","2022-02-01",43.8812,15.4045
"Lagocephalus sceleratus","2022-01-01",35.1465,33.9858
"Lagocephalus sceleratus","2012-10-01",37.307,26.617
"Lagocephalus sceleratus","2012-11-01",35.8545,-0.284
"Lagocephalus sceleratus","2019-10-10",31.9762,34.6201
"Lagocephalus sceleratus","2011-06-01",33.269,11.311
"Lagocephalus sceleratus","2019-09-15",34.9857,34.0784
"Lagocephalus sceleratus","2009-01-01",36.19826,22.90827
"Lagocephalus sceleratus","2020-12-01",31.773,30.408
"Lagocephalus sceleratus","2019-01-01",36.7247,22.5568
"Lagocephalus sceleratus","2018-01-01",36.79813,21.95959
"Lagocephalus sceleratus","2011-09-01",33.269,11.311
"Lagocephalus sceleratus","2016-01-01",35.50076,23.57753
"Lagocephalus sceleratus","2012-01-01",31.572,25.235
"Lagocephalus sceleratus","2005-01-01",36.102,29.594
"Lagocephalus sceleratus","2012-11-01",39.322,22.976
"Lagocephalus suezensis","2018-11-03",31.92,34.5855
"Lagocephalus suezensis","2017-01-23",32.1337,34.7345
"Lagocephalus suezensis","2019-12-25",31.7647,34.5084
"Lagocephalus suezensis","2019-04-18",31.9492,34.6866
"Lagocephalus suezensis","2017-05-17",36.2996,35.7816
"Lagocephalus suezensis","2017-08-20",34.8472,11.2727
"Lagocephalus suezensis","2020-05-27",31.9492,34.6866
"Lagocephalus suezensis","2019-11-30",31.992,34.668
"Lagocephalus suezensis","2017-11-30",32.505,34.7717
"Lagocephalus suezensis","2019-01-22",32.1337,34.7345
"Lagocephalus suezensis","2017-10-02",31.9492,34.6866
"Lagocephalus suezensis","2020-05-28",31.9492,34.6866
"Lagocephalus suezensis","2018-11-30",32.3182,34.7052
"Lagocephalus suezensis","2020-06-25",31.9492,34.6866
"Lagocephalus suezensis","2017-12-23",31.92,34.6254
"Lagocephalus suezensis","2019-11-30",32.262,34.6839
"Lagocephalus suezensis","2018-12-21",31.7647,34.5084
"Lagocephalus suezensis","2017-01-22",32.307,34.7877
"Lagocephalus suezensis","2017-08-10",36.4296,27.3523
"Lagocephalus suezensis","2017-05-21",31.9492,34.6467
"Lagocephalus suezensis","2018-01-24",32.1922,34.7504
"Lagocephalus suezensis","2017-06-24",32.019,34.676
"Lagocephalus suezensis","2017-12-04",32.0482,34.6893
"Lagocephalus suezensis","2012-01-01",31.4573,29.8698
"Lagocephalus suezensis","2020-06-25",32.1922,34.7504
"Lagocephalus suezensis","2020-11-28",32.1922,34.785
"Lagocephalus suezensis","2017-12-18",31.9492,34.6866
"Lagocephalus suezensis","2019-11-26",32.2192,34.7611
"Lagocephalus suezensis","2017-12-23",31.7647,34.5084
"Lagocephalus suezensis","2017-04-20",31.9492,34.6467
"Lagocephalus suezensis","2017-03-23",32.1045,34.7185
"Lagocephalus suezensis","2017-04-21",32.019,34.676
"Lagocephalus suezensis","2019-11-12",31.9492,34.6866
"Lagocephalus suezensis","2019-11-27",32.0482,34.6893
"Lagocephalus suezensis","2018-10-12",32.1922,34.7504
"Lagocephalus suezensis","2017-11-29",31.965,34.6573
"Lagocephalus suezensis","2018-11-03",31.965,34.6573
"Lagocephalus suezensis","2018-11-25",31.7647,34.4153
"Lagocephalus suezensis","2019-12-04",32.019,34.676
"Lagocephalus suezensis","2020-12-03",32.019,34.676
"Lagocephalus suezensis","2019-12-19",32.1922,34.7504
"Lagocephalus suezensis","2018-01-23",32.1607,34.7744
"Lagocephalus suezensis","2018-11-30",32.1607,34.7398
"Lagocephalus suezensis","2017-10-01",32.019,34.676
"Lagocephalus suezensis","2017-08-11",36.147,29.604
"Lagocephalus suezensis","2020-05-21",31.9762,34.66
"Lagocephalus suezensis","2019-12-18",31.9492,34.6866
"Lagocephalus suezensis","2020-04-19",32.0482,34.6893
"Lagocephalus suezensis","2019-11-03",31.92,34.5855
"Lagocephalus suezensis","2005-01-01",37.0627,25.0924
"Lagocephalus suezensis","2019-12-19",32.2192,34.6946
"Lagocephalus suezensis","2020-06-26",31.9492,34.6866
"Lagocephalus suezensis","2017-12-18",32.1607,34.7398
"Lagocephalus suezensis","2020-01-22",32.307,34.7877
"Lagocephalus suezensis","2019-01-22",32.1877,34.7478
"Lagocephalus suezensis","2014-01-01",36.8085,31.2396
"Lagocephalus suezensis","2018-10-01",31.992,34.6068
"Lagocephalus suezensis","2020-04-18",32.019,34.7185
"Lagocephalus suezensis","2017-10-02",31.92,34.6254
"Lagocephalus suezensis","2019-11-25",32.1112,34.6281
"Lagocephalus suezensis","2018-11-12",31.92,34.6733
"Lagocephalus suezensis","2019-12-19",32.1337,34.7345
"Lagocephalus suezensis","2018-11-25",31.8412,34.511
"Lagocephalus suezensis","2018-01-29",32.5432,34.8622
"Lagocephalus suezensis","2019-01-01",36.2519,28.1803
"Lagocephalus suezensis","2019-12-19",31.8975,34.6121
"Lagocephalus suezensis","2017-03-24",32.1045,34.652
"Lagocephalus suezensis","2014-01-01",36.8753,30.706
"Lagocephalus suezensis","2017-08-08",36.1644,28.0946
"Lagocephalus suezensis","2020-11-12",31.7647,34.5084
"Lagocephalus suezensis","2017-12-19",31.9492,34.6866
"Lagocephalus suezensis","2017-01-24",31.9492,34.6467
"Lagocephalus suezensis","2017-12-18",32.2192,34.7611
"Lagocephalus suezensis","2017-01-01",39.9657,23.6848
"Lagocephalus suezensis","2019-11-24",31.8412,34.4711
"Lagocephalus suezensis","2017-10-02",32.0055,34.6121
"Lagocephalus suezensis","2018-08-11",36.147,29.604
"Lagocephalus suezensis","2016-01-01",36.556,31.896
"Lagocephalus suezensis","2018-12-21",31.9762,34.5642
"Lagocephalus suezensis","2020-06-26",32.1922,34.7504
"Lagocephalus suezensis","2019-12-04",32.1607,34.7398
"Lagocephalus suezensis","2018-10-29",31.92,34.6254
"Lagocephalus suezensis","2017-10-01",31.9492,34.6467
"Lagocephalus suezensis","2017-12-25",31.7647,34.5084
"Lagocephalus suezensis","2019-01-23",32.1112,34.7185
"Lagocephalus suezensis","2019-12-19",31.9492,34.6866
"Lagocephalus suezensis","2017-01-22",32.1877,34.7478
"Lagocephalus suezensis","2017-01-29",32.1382,34.7345
"Lagocephalus suezensis","2018-12-19",32.2192,34.6946
"Lagocephalus suezensis","2012-01-01",31.636,31.661
"Lagocephalus suezensis","2019-11-24",32.082,34.6148
"Lagocephalus suezensis","1977-01-01",33.914,35.491
"Lagocephalus suezensis","2021-11-29",32.2552,34.8063
"Lagocephalus suezensis","2020-06-24",32.1112,34.7558
"Lagocephalus suezensis","2018-11-26",32.2192,34.7611
"Lagocephalus suezensis","2018-11-29",32.2192,34.7611
"Lagocephalus suezensis","2019-12-22",31.7647,34.5084
"Lagocephalus suezensis","2020-10-19",32.1112,34.6547
"Lagocephalus suezensis","2017-10-18",31.8705,34.5323
"Lagocephalus suezensis","2019-11-29",32.262,34.6839
"Lagocephalus suezensis","2018-11-29",32.3182,34.7052
"Lagocephalus suezensis","2017-01-29",32.1922,34.7504
"Lagocephalus suezensis","2005-01-01",34.9958,25.57
"Lagocephalus suezensis","2017-12-22",31.7647,34.5084
"Lagocephalus suezensis","2017-10-02",32.082,34.644
"Lagocephalus suezensis","2017-12-19",31.8975,34.6121
"Lagocephalus suezensis","2017-10-02",31.9492,34.6467
"Lagocephalus suezensis","2017-02-24",31.9492,34.6228
"Lagocephalus suezensis","2017-07-30",37.2203,10.3416
"Lagocephalus suezensis","2018-11-30",32.2192,34.7611
"Lagocephalus suezensis","2018-12-18",31.9492,34.6866
"Lagocephalus suezensis","2020-11-30",32.0257,34.6786
"Lagocephalus suezensis","2017-12-19",32.1922,34.7504
"Lagocephalus suezensis","2017-12-18",32.1877,34.7478
"Lagocephalus suezensis","2017-11-24",31.8705,34.4898
"Lagocephalus suezensis","2017-12-04",32.0527,34.6919
"Lagocephalus suezensis","2019-11-04",32.0257,34.6786
"Lagocephalus suezensis","2018-01-01",34.9959,25.572
"Lagocephalus suezensis","2017-01-01",31.25,29.87
"Lagocephalus suezensis","2018-01-20",32.577,34.8675
"Lagocephalus suezensis","2020-12-01",31.7498,30.8731
"Lagocephalus suezensis","2018-11-12",32.0257,34.5882
"Lagocephalus suezensis","2017-11-30",32.3182,34.7052
"Lagocephalus suezensis","2019-01-01",35.9052,27.8329
"Lagocephalus suezensis","2017-12-03",32.1382,34.7345
"Lagocephalus suezensis","2020-04-27",31.9492,34.6467
"Lagocephalus suezensis","2017-11-30",32.0257,34.6786
"Lagocephalus suezensis","2018-11-27",32.1382,34.7345
"Lagocephalus suezensis","2017-11-29",32.3182,34.7052
"Lagocephalus suezensis","2017-12-23",31.8885,34.6041
"Lagocephalus suezensis","2020-11-26",32.019,34.676
"Lagocephalus suezensis","2020-04-28",31.9492,34.6467
"Lagocephalus suezensis","2019-01-24",32.1922,34.6813
"Lagocephalus suezensis","2018-11-29",32.2462,34.777
"Lagocephalus suezensis","2019-07-01",34.996,25.572
"Lagocephalus suezensis","2018-11-25",31.9492,34.5642
"Lagocephalus suezensis","2018-11-04",32.0257,34.6786
"Lagocephalus suezensis","2019-11-03",31.8885,34.6041
"Lagocephalus suezensis","2019-12-20",32.2192,34.6946
"Lagocephalus suezensis","2017-12-04",32.1607,34.7398
"Lagocephalus suezensis","2017-12-20",32.2192,34.6946
"Lagocephalus suezensis","2017-10-10",32.892,34.9366
"Lagocephalus suezensis","2020-10-18",31.8705,34.5323
"Lagocephalus suezensis","2018-10-28",31.9762,34.66
"Lagocephalus suezensis","2017-11-27",32.1382,34.6627
"Lagocephalus suezensis","2012-01-01",31.166,29.701
"Lagocephalus suezensis","2019-12-18",32.2192,34.7611
"Lethrinus borbonicus","2021-01-28",32.505,34.8542
"Lutjanus argentimaculatus","2021-01-01",35.912,14.5091
"Lutjanus argentimaculatus","2019-01-01",32.1792,34.7009
"Lutjanus argentimaculatus","2022-11-01",36.35,35.8
"Lutjanus argentimaculatus","2014-01-01",34.504,35.83
"Lutjanus argentimaculatus","2022-01-01",34.6646,33.0405
"Lutjanus argentimaculatus","2018-10-01",38.3667,26.7833
"Lutjanus argentimaculatus","2023-07-15",34.46,35.77
"Lutjanus argentimaculatus","2018-11-01",32.2833,34.6833
"Lutjanus argentimaculatus","2019-07-01",37.9729,23.3526
"Lutjanus argentimaculatus","1977-01-01",33.978,35.48
"Lutjanus argentimaculatus","2019-07-01",37.9412,23.4697
"Lutjanus fulviflamma","2013-12-01",35.895,14.522
"Lutjanus jocu","2005-01-01",44.357,8.578
"Lutjanus sebae","2016-12-01",38.237,13.295
"Lutjanus sebae","2010-12-01",37.931,23.625
"Microchirus boscanion","1998-01-01",36.543,-2.394
"Microchirus boscanion","1999-01-01",36.665,-2.257
"Microchirus boscanion","1999-01-01",36.385,-4.334
"Mobula mobular","2014-08-01",37.232,10.225
"Monotaxis grandoculis","2007-01-01",36.285,30.507
"Morone saxatilis","2019-06-01",33.566,35.3665
"Morone saxatilis","2018-02-01",33.4473,35.2757
"Muraenesox cinereus","1979-01-01",32.001,34.701
"Muraenesox cinereus","2020-10-01",36.375,32.1597
"Mycteroperca fusca","2010-01-01",32.231,34.811
"Naso annulatus","2021-10-01",35.8091,14.5397
"Nemipterus randalli","2020-01-01",36.5487,34.2411
"Nemipterus randalli","2019-06-09",31.92,34.6733
"Nemipterus randalli","2014-04-21",32.019,34.676
"Nemipterus randalli","2017-12-04",32.019,34.676
"Nemipterus randalli","2019-11-30",32.0257,34.6786
"Nemipterus randalli","2019-05-20",31.92,34.6733
"Nemipterus randalli","2016-05-18",31.992,34.668
"Nemipterus randalli","2019-02-12",32.0527,34.6919
"Nemipterus randalli","2019-12-03",32.1337,34.7345
"Nemipterus randalli","2017-12-23",32.1337,34.7345
"Nemipterus randalli","2019-10-28",31.9762,34.66
"Nemipterus randalli","2019-11-04",32.0257,34.6786
"Nemipterus randalli","2017-11-26",32.019,34.676
"Nemipterus randalli","2008-01-01",36.797,30.734
"Nemipterus randalli","2017-05-17",32.019,34.676
"Nemipterus randalli","2016-04-18",31.9492,34.6866
"Nemipterus randalli","2019-06-18",32.0257,34.6786
"Nemipterus randalli","2019-05-19",31.92,34.6733
"Nemipterus randalli","2019-02-14",31.92,34.6733
"Nemipterus randalli","2017-05-27",31.9492,34.6866
"Nemipterus randalli","2017-12-25",32.1922,34.7504
"Nemipterus randalli","2020-11-25",31.8412,34.511
"Nemipterus randalli","2011-07-01",36.814,28.555
"Nemipterus randalli","2014-12-24",32.1337,34.7345
"Nemipterus randalli","2013-01-01",37.871,27.253
"Nemipterus randalli","2017-05-26",32.019,34.676
"Nemipterus randalli","2017-12-25",31.7647,34.5084
"Nemipterus randalli","2016-06-09",31.92,34.6733
"Nemipterus randalli","2017-11-01",31.9762,34.66
"Nemipterus randalli","2016-11-27",32.1382,34.7345
"Nemipterus randalli","2020-02-22",32.2462,34.777
"Nemipterus randalli","2018-04-29",32.1337,34.66
"Nemipterus randalli","2014-05-02",31.8885,34.6041
"Nemipterus randalli","2014-12-26",31.7647,34.5882
"Nemipterus randalli","2014-02-27",31.992,34.7052
"Nemipterus randalli","2018-05-02",32.019,34.676
"Nemipterus randalli","2014-04-17",31.9492,34.6866
"Nemipterus randalli","2007-01-01",33.27,35.18
"Nemipterus randalli","2020-10-29",32.1382,34.7345
"Nemipterus randalli","2018-05-21",31.9762,34.66
"Nemipterus randalli","2008-01-01",36.833,30.667
"Nemipterus randalli","2014-11-24",32.1337,34.7345
"Nemipterus randalli","2020-10-29",32.1337,34.7345
"Nemipterus randalli","2020-12-01",31.7498,30.8731
"Nemipterus randalli","2019-10-31",32.2462,34.777
"Nemipterus randalli","2020-10-09",31.92,34.5855
"Nemipterus randalli","2019-12-18",32.2192,34.7611
"Nemipterus randalli","2020-11-28",32.1922,34.785
"Nemipterus randalli","2019-11-03",31.8885,34.6041
"Nemipterus randalli","2016-12-28",31.9492,34.6467
"Nemipterus randalli","2016-12-23",31.7647,34.5084
"Nemipterus randalli","2014-02-26",31.8705,34.6467
"Nemipterus randalli","2016-06-24",31.92,34.6733
"Nemipterus randalli","2014-09-12",31.9492,34.6467
"Nemipterus randalli","2014-11-30",32.0257,34.6786
"Nemipterus randalli","2008-01-01",31.891,34.473
"Nemipterus randalli","2017-12-04",32.0527,34.6919
"Nemipterus randalli","2017-08-21",32.1112,34.7185
"Nemipterus randalli","2020-10-12",32.1922,34.7504
"Nemipterus randalli","2010-01-01",31.891,34.473
"Nemipterus randalli","2019-10-28",32.847,34.9393
"Nemipterus randalli","2016-04-20",32.019,34.676
"Nemipterus randalli","2014-12-25",31.7647,34.5882
"Nemipterus randalli","2019-01-24",31.9492,34.6467
"Nemipterus randalli","2018-05-16",31.992,34.668
"Nemipterus randalli","2016-11-29",31.965,34.6573
"Nemipterus randalli","2017-05-15",31.9492,34.6467
"Nemipterus randalli","2018-12-25",31.7647,34.5084
"Nemipterus randalli","2018-02-27",32.289,34.785
"Nemipterus randalli","2014-05-15",31.9492,34.6467
"Nemipterus randalli","2017-04-28",32.847,34.9393
"Nemipterus randalli","2014-05-12",32.1337,34.66
"Nemipterus randalli","2020-10-08",32.8717,34.9287
"Nemipterus randalli","2019-03-23",32.1337,34.7345
"Nemipterus randalli","2019-10-27",32.847,34.9393
"Nemipterus randalli","2017-10-08",32.9662,34.9393
"Nemipterus randalli","2016-12-28",31.7647,34.5084
"Nemipterus randalli","2018-03-25",31.9492,34.6467
"Nemipterus randalli","2016-12-26",31.7647,34.5084
"Nemipterus randalli","2016-04-28",31.992,34.668
"Nemipterus randalli","2019-09-16",32.1922,34.6813
"Nemipterus randalli","2020-02-12",32.1045,34.7185
"Nemipterus randalli","2014-11-28",31.92,34.6733
"Nemipterus randalli","2018-11-30",31.992,34.668
"Nemipterus randalli","2019-01-01",36.5459,34.2437
"Nemipterus randalli","2018-01-20",32.721,34.8648
"Nemipterus randalli","2019-01-30",32.1337,34.66
"Nemipterus randalli","2017-04-30",32.1607,34.7398
"Nemipterus randalli","2019-12-27",31.7647,34.4153
"Nemipterus randalli","2018-10-09",32.9662,34.9393
"Nemipterus randalli","2018-04-24",32.0257,34.6786
"Nemipterus randalli","2017-10-30",32.1607,34.7398
"Nemipterus randalli","2019-02-22",32.1382,34.5483
"Nemipterus randalli","2014-02-27",32.289,34.785
"Nemipterus randalli","2019-12-03",32.019,34.676
"Nemipterus randalli","2014-05-10",31.992,34.668
"Nemipterus randalli","2019-04-29",32.1607,34.668
"Nemipterus randalli","2019-06-10",31.965,34.6573
"Nemipterus randalli","2021-04-01",36.5824,35.8304
"Nemipterus randalli","2019-10-26",32.847,34.9393
"Nemipterus randalli","2019-11-01",32.082,34.7079
"Nemipterus randalli","2014-09-01",35.2278,32.8997
"Nemipterus randalli","2014-10-12",32.1922,34.7504
"Nemipterus randalli","2018-09-25",32.1112,34.7185
"Nemipterus randalli","2009-01-01",31.414,30.286
"Nemipterus randalli","2017-03-30",32.0257,34.6786
"Nemipterus randalli","2014-02-22",31.965,34.6573
"Nemipterus randalli","2018-12-21",31.7647,34.5084
"Nemipterus randalli","2020-10-30",32.082,34.7079
"Nemipterus randalli","2017-06-25",32.1922,34.7504
"Nemipterus randalli","2014-10-29",32.1382,34.7345
"Nemipterus randalli","2018-05-02",31.9762,34.66
"Nemipterus randalli","2020-12-01",31.7288,30.2454
"Nemipterus randalli","2018-12-03",32.019,34.676
"Nemipterus randalli","2009-01-01",31.891,34.473
"Nemipterus randalli","2017-12-18",32.2192,34.7611
"Nemipterus randalli","2014-01-28",31.92,34.6733
"Nemipterus randalli","2017-12-18",32.1877,34.7478
"Nemipterus randalli","2009-01-01",36.57,35.817
"Nemipterus randalli","2016-12-25",31.7647,34.5084
"Nemipterus randalli","2018-05-11",32.0257,34.6786
"Nemipterus randalli","2019-01-19",32.892,34.9127
"Nemipterus randalli","2019-05-15",32.5072,34.8728
"Nemipterus randalli","2018-12-23",31.7647,34.5084
"Nemipterus randalli","2014-09-27",31.992,34.668
"Nemipterus randalli","2020-11-29",32.2462,34.777
"Nemipterus randalli","2017-03-23",32.1337,34.7345
"Nemipterus randalli","2018-03-23",32.1337,34.7345
"Nemipterus randalli","2017-05-02",31.8885,34.6041
"Nemipterus randalli","2014-03-24",32.1877,34.7478
"Nemipterus randalli","2020-02-23",31.9492,34.6467
"Nemipterus randalli","2017-12-23",31.92,34.6254
"Nemipterus randalli","2019-10-29",31.92,34.6254
"Nemipterus randalli","2019-05-01",31.8975,34.6121
"Nemipterus randalli","2018-01-31",32.1337,34.7345
"Nemipterus randalli","2019-05-10",31.9492,34.6467
"Nemipterus randalli","2019-09-16",32.2192,34.7611
"Nemipterus randalli","2018-01-01",36.16613,28.09516
"Nemipterus randalli","2017-08-04",32.8717,35.0164
"Nemipterus randalli","2014-05-17",32.1607,34.668
"Nemipterus randalli","2016-05-10",31.965,34.6573
"Nemipterus randalli","2014-01-27",32.9662,34.9393
"Nemipterus randalli","2019-12-23",32.1337,34.7345
"Nemipterus randalli","2017-10-28",31.992,34.6068
"Nemipterus randalli","2019-06-15",31.965,34.6573
"Nemipterus randalli","2017-12-24",32.1337,34.7345
"Nemipterus randalli","2020-06-24",32.019,34.676
"Nemipterus randalli","2019-12-19",32.1337,34.7345
"Nemipterus randalli","2020-02-11",32.1382,34.7345
"Nemipterus randalli","2019-02-28",32.1382,34.7345
"Nemipterus randalli","2019-06-18",32.1922,34.7504
"Nemipterus randalli","2008-01-01",36.671,35.931
"Nemipterus randalli","2019-11-26",32.019,34.676
"Nemipterus randalli","2020-12-01",31.6601,31.4689
"Nemipterus randalli","2014-04-18",31.9492,34.6866
"Nemipterus randalli","2020-11-29",32.2552,34.8063
"Nemipterus randalli","2014-11-27",32.1382,34.7345
"Nemipterus randalli","2008-01-01",36.57,35.817
"Nemipterus randalli","2016-12-22",31.7647,34.5084
"Nemipterus randalli","2019-05-28",31.992,34.7052
"Nemipterus randalli","2019-03-19",31.992,34.668
"Nemipterus randalli","2014-12-19",31.9492,34.6866
"Nemipterus randalli","2020-02-23",32.1922,34.7504
"Nemipterus randalli","2014-08-03",32.892,34.9366
"Nemipterus randalli","2014-11-12",32.0257,34.5882
"Nemipterus randalli","2017-06-19",31.992,34.668
"Nemipterus randalli","2014-04-29",32.1607,34.7398
"Nemipterus randalli","2018-02-27",32.1337,34.7664
"Nemipterus randalli","2017-05-26",32.0482,34.6893
"Nemipterus randalli","2018-01-01",36.09137,28.094
"Nemipterus randalli","2018-02-12",31.9492,34.6467
"Nemipterus randalli","2019-10-10",32.289,34.7185
"Nemipterus randalli","2020-02-28",31.9492,34.6467
"Nemipterus randalli","2019-06-09",32.1337,34.7345
"Nemipterus randalli","2020-10-30",32.2192,34.7611
"Nemipterus randalli","2017-08-28",32.1337,34.7345
"Nemipterus randalli","2020-10-31",32.082,34.7079
"Nemipterus randalli","2020-09-29",32.1337,34.7345
"Nemipterus randalli","2014-03-31",31.965,34.6573
"Nemipterus randalli","2019-10-30",32.2192,34.7611
"Nemipterus randalli","2014-05-10",31.9492,34.6467
"Nemipterus randalli","2016-04-21",32.019,34.676
"Nemipterus randalli","2017-09-27",31.9492,34.6467
"Nemipterus randalli","2017-03-25",32.1337,34.66
"Nemipterus randalli","2019-05-02",32.019,34.676
"Nemipterus randalli","2018-11-26",32.2192,34.7611
"Nemipterus randalli","2019-11-03",31.965,34.6573
"Nemipterus randalli","2016-04-01",32.0257,34.6786
"Nemipterus randalli","2014-01-24",32.1922,34.6813
"Nemipterus randalli","2019-11-26",32.2192,34.7611
"Nemipterus randalli","2019-01-24",32.1922,34.6813
"Nemipterus randalli","2014-10-01",31.9492,34.6467
"Nemipterus randalli",NA,32.0527,34.6919
"Nemipterus randalli","2014-04-24",32.0257,34.6786
"Nemipterus randalli","2017-10-29",32.1382,34.6627
"Nemipterus randalli","2019-01-29",32.1382,34.7345
"Nemipterus randalli","2020-10-31",32.1922,34.7504
"Nemipterus randalli","2016-12-24",31.7647,34.5084
"Nemipterus randalli","2011-01-01",31.891,34.473
"Nemipterus randalli","2020-10-08",32.9662,34.9845
"Nemipterus randalli","2014-03-18",31.992,34.668
"Nemipterus randalli","2017-12-22",32.1922,34.7504
"Nemipterus randalli","2017-04-28",31.992,34.668
"Nemipterus randalli","2014-10-02",31.9492,34.6866
"Nemipterus randalli","2019-12-28",31.7647,34.4552
"Nemipterus randalli","2019-02-14",32.1337,34.7664
"Nemipterus randalli","2016-01-01",36.556,31.896
"Nemipterus randalli","2020-10-09",32.847,34.9074
"Nemipterus randalli","2017-10-02",32.082,34.644
"Nemipterus randalli","2014-12-23",32.1337,34.7664
"Nemipterus randalli","2020-12-01",31.5715,30.1064
"Nemipterus randalli","2019-05-11",32.5432,34.8808
"Nemipterus randalli","2017-08-10",31.92,34.6254
"Nemipterus randalli","2014-12-22",32.1337,34.7664
"Nemipterus randalli","2018-03-23",32.1045,34.7185
"Nemipterus randalli","2016-12-04",32.1607,34.7398
"Nemipterus randalli","2018-03-31",31.965,34.6573
"Nemipterus randalli","2017-04-28",31.9492,34.6467
"Nemipterus randalli","2019-02-26",32.1045,34.7185
"Nemipterus randalli","2017-05-03",31.7647,34.3727
"Nemipterus randalli","2017-10-19",32.1112,34.6547
"Nemipterus randalli","2018-08-04",32.8717,35.0164
"Nemipterus randalli","2019-11-02",32.082,34.7079
"Nemipterus randalli","2018-10-02",31.9492,34.6467
"Nemipterus randalli","2020-10-01",31.992,34.6068
"Nemipterus randalli","2018-05-27",32.1112,34.7558
"Nemipterus randalli","2018-09-28",31.965,34.6573
"Nemipterus randalli","2014-06-24",32.1112,34.7558
"Nemipterus randalli","2014-11-26",32.2192,34.7611
"Nemipterus randalli","2018-08-11",32.1337,34.7345
"Nemipterus randalli","2017-04-20",31.9762,34.66
"Nemipterus randalli","2019-11-01",32.0055,34.6733
"Nemipterus randalli","2014-12-23",32.0055,34.6733
"Nemipterus randalli","2019-10-23",32.1922,34.7504
"Nemipterus randalli","2019-05-10",32.847,34.9393
"Nemipterus randalli","2019-05-14",32.847,34.9393
"Nemipterus randalli","2018-02-26",31.8885,34.6041
"Nemipterus randalli","2014-11-27",32.1382,34.6627
"Nemipterus randalli","2018-05-14",32.1112,34.7185
"Nemipterus randalli","2019-06-17",32.1112,34.7185
"Nemipterus randalli","2019-10-30",32.1607,34.7398
"Nemipterus randalli","2014-03-19",31.992,34.668
"Nemipterus randalli","2019-01-29",32.1922,34.7504
"Nemipterus randalli","2020-10-27",32.892,34.9366
"Nemipterus randalli","2014-04-28",32.847,34.9074
"Nemipterus randalli","2017-05-19",31.992,34.668
"Nemipterus randalli","2008-01-01",36.995,25.1354
"Nemipterus randalli","2019-06-13",32.3182,34.793
"Nemipterus randalli","2017-12-04",32.0482,34.6893
"Nemipterus randalli","2013-09-01",35.87,35.823
"Nemipterus randalli","2017-10-10",32.289,34.7185
"Nemipterus randalli","2017-05-17",32.1337,34.7345
"Nemipterus randalli","2019-06-11",32.1337,34.7345
"Nemipterus randalli","2019-10-29",31.9492,34.6467
"Nemipterus randalli","2017-12-04",32.1607,34.7398
"Nemipterus randalli","2013-11-01",36.7711,35.8727
"Nemipterus randalli","2018-12-18",32.1607,34.7398
"Nemipterus randalli","2014-02-26",32.0257,34.7212
"Nemipterus randalli","2018-04-17",32.019,34.7185
"Nemipterus randalli","2019-01-30",32.1045,34.7185
"Nemipterus randalli","2020-10-30",32.1337,34.7345
"Nemipterus randalli","2019-03-25",32.1607,34.668
"Nemipterus randalli","2018-03-25",31.965,34.6573
"Nemipterus randalli","2017-11-29",32.2192,34.7611
"Nemipterus randalli","2017-10-09",32.9662,34.9393
"Nemipterus randalli","2014-02-27",32.1922,34.785
"Nemipterus randalli","2019-03-24",31.992,34.668
"Nemipterus randalli","2014-05-13",32.1337,34.66
"Nemipterus randalli","2008-01-01",33.2745,35.1959
"Nemipterus randalli","2020-02-12",31.9492,34.6467
"Nemipterus randalli","2017-02-21",31.9492,34.4685
"Nemipterus randalli","2009-01-01",36.797,30.734
"Nemipterus randalli","2017-01-01",31.25,29.87
"Nemipterus randalli","2018-12-24",31.7647,34.5084
"Nemipterus randalli","2017-10-10",31.9762,34.6201
"Nemipterus randalli","2020-10-18",31.8705,34.5323
"Nemipterus randalli","2014-11-28",31.9492,34.6866
"Nemipterus randalli","2018-01-01",36.7391,35.6916
"Nemipterus randalli","2020-02-27",32.1877,34.7478
"Nemipterus randalli","2014-04-30",32.1607,34.7398
"Nemipterus randalli","2014-11-27",32.0482,34.6893
"Nemipterus randalli","2017-12-22",31.7647,34.5084
"Nemipterus randalli","2019-04-27",32.892,34.9366
"Nemipterus randalli","2018-06-25",31.9492,34.6866
"Nemipterus randalli","2020-10-10",32.892,34.9366
"Nemipterus randalli","2020-02-11",32.1337,34.7345
"Nemipterus randalli","2014-12-21",31.9762,34.5642
"Nemipterus randalli","2020-10-27",32.847,34.9074
"Nemipterus randalli","2017-11-27",32.0482,34.6893
"Nemipterus randalli","2014-06-24",32.082,34.7451
"Nemipterus randalli","2019-05-19",32.1337,34.7664
"Nemipterus randalli","2014-10-28",32.082,34.644
"Nemipterus randalli","2017-11-26",32.2192,34.7611
"Nemipterus randalli","2017-10-29",32.1382,34.7345
"Nemipterus randalli","2020-02-23",32.0257,34.6786
"Nemipterus randalli","2019-06-10",32.1337,34.7345
"Nemipterus randalli","2017-08-11",32.1337,34.7345
"Nemipterus randalli","2018-02-28",32.1607,34.668
"Nemipterus randalli","2018-09-16",32.2192,34.7611
"Nemipterus randalli","2017-06-24",31.965,34.6946
"Nemipterus randalli","2019-05-17",32.082,34.7079
"Nemipterus randalli","2007-11-08",36.5948,36.1702
"Nemipterus randalli","2014-06-18",31.9492,34.6467
"Nemipterus randalli","2020-10-23",32.2192,34.7611
"Nemipterus randalli","2016-11-30",32.2192,34.7611
"Nemipterus randalli","2008-01-01",34.9959,25.572
"Nemipterus randalli","2019-08-12",32.0482,34.6893
"Nemipterus randalli","2016-06-12",32.1337,34.7664
"Nemipterus randalli","2017-07-16",32.1337,34.7664
"Nemipterus randalli","2020-12-01",31.7409,31.2564
"Nemipterus randalli","2018-02-27",32.0055,34.6733
"Nemipterus randalli","2018-02-12",32.1922,34.7504
"Nemipterus randalli","2017-12-24",31.7647,34.5084
"Nemipterus randalli","2018-02-26",32.1337,34.7345
"Nemipterus randalli","2019-12-27",31.7647,34.4552
"Nemipterus randalli","2017-11-29",32.1382,34.7345
"Nemipterus randalli","2007-01-01",34.9959,25.572
"Nemipterus randalli","2017-10-18",31.8705,34.5323
"Nemipterus randalli","2019-06-23",31.92,34.6254
"Nemipterus randalli","2018-01-01",36.8768,25.9265
"Nemipterus randalli","2016-12-03",32.1382,34.7345
"Nemipterus randalli","2018-02-23",31.92,34.6254
"Nemipterus randalli","2017-12-23",31.8885,34.6041
"Nemipterus randalli","2018-03-24",32.1045,34.652
"Nemipterus randalli","2019-11-25",32.1045,34.652
"Nemipterus randalli","2020-02-22",32.163,34.7398
"Nemipterus randalli","2020-02-22",31.965,34.6573
"Nemipterus randalli","2019-01-23",32.082,34.7079
"Nemipterus randalli","2019-04-28",32.847,34.9074
"Nemipterus randalli","2005-01-01",32.801,34.801
"Nemipterus randalli","2018-02-27",32.1382,34.7345
"Nemipterus randalli","2016-05-11",32.1045,34.7185
"Nemipterus randalli","2019-11-27",32.1382,34.6627
"Nemipterus randalli","2016-06-24",32.1337,34.7664
"Nemipterus randalli","2018-06-26",32.1922,34.7504
"Nemipterus randalli","2020-12-22",31.7647,34.5084
"Nemipterus randalli","2019-04-28",31.9492,34.6467
"Nemipterus randalli","2018-01-01",36.9957,25.1152
"Nemipterus randalli","2019-01-14",31.9492,34.6866
"Nemipterus randalli","2014-10-10",32.0055,34.6733
"Nemipterus randalli","2014-01-28",32.433,34.7717
"Nemipterus randalli","2007-11-08",36.5948,36.1702
"Nemipterus randalli","2019-04-24",32.0257,34.6786
"Nemipterus randalli","2019-04-27",32.847,34.8861
"Nemipterus randalli","2020-01-01",36.5459,34.2437
"Nemipterus randalli","2020-10-23",32.1922,34.7504
"Nemipterus randalli","2014-11-25",31.9492,34.5642
"Nemipterus randalli","2017-10-02",32.0055,34.6121
"Nemipterus randalli","2019-12-25",31.7647,34.5084
"Nemipterus randalli","2016-04-27",31.9492,34.6467
"Nemipterus randalli","2020-11-25",32.1045,34.652
"Nemipterus randalli","2019-06-26",32.1922,34.7504
"Nemipterus randalli","2007-01-01",36.017,35.95
"Nemipterus randalli","2019-09-28",32.1337,34.7345
"Nemipterus randalli","2017-08-30",32.1337,34.7345
"Nemipterus randalli","2019-11-30",32.1607,34.7398
"Nemipterus randalli","2009-01-01",31.287,30.133
"Nemipterus randalli","2018-11-01",36.7711,35.8727
"Nemipterus randalli","2020-02-11",32.2192,34.7611
"Nemipterus randalli","2019-05-20",32.2192,34.7611
"Neoniphon sammara","2020-04-01",31.3333,27.2167
"Odonus niger","2024-09-01",35.1911,35.938
"Omobranchus punctatus","2003-01-01",31.841,34.638
"Oncorhynchus kisutch","2021-01-01",40.6654,24.7655
"Ophioblennius atlanticus","2017-06-01",35.496,12.6037
"Ophioblennius atlanticus","2020-07-01",37.5435,15.143
"Ophioblennius atlanticus","2014-09-01",35.8225,14.5622
"Oplegnathus fasciatus","2015-09-01",45.611,13.786
"Oplegnathus fasciatus","2009-11-01",35.901,14.528
"Oplegnathus fasciatus","2009-11-01",35.908,14.513
"Orthopristis chrysoptera","2020-09-01",37.0679,15.2935
"Ostorhinchus fasciatus","2019-01-01",36.3533,25.3647
"Ostorhinchus fasciatus","2017-01-01",34.941,25.05
"Ostorhinchus fasciatus","2017-08-06",36.095,28.0863
"Ostorhinchus fasciatus","2020-01-01",34.8711,11.3314
"Ostorhinchus fasciatus","2014-08-01",31.6283,31.0695
"Ostorhinchus fasciatus","2020-03-09",37.2452,27.2586
"Ostorhinchus fasciatus","2010-03-01",36.022,35.943
"Ostorhinchus fasciatus","2014-09-01",31.731,31.09
"Ostorhinchus fasciatus","2018-08-20",34.9285,26.1348
"Ostorhinchus fasciatus","2014-01-04",37.6401,21.2917
"Ostorhinchus fasciatus","2012-01-01",36.826,30.799
"Ostorhinchus fasciatus","2020-01-01",34.9532,25.2111
"Ostorhinchus fasciatus","2020-01-01",34.941,25.05
"Ostorhinchus fasciatus","2020-01-01",36.944,11.3845
"Ostorhinchus fasciatus","2020-01-01",35.2609,25.7349
"Ostorhinchus fasciatus","2014-08-11",36.147,29.604
"Ostorhinchus fasciatus","2014-09-01",35.231,32.8963
"Ostorhinchus fasciatus","2020-04-25",37.0356,11.1119
"Ostorhinchus fasciatus","2020-01-01",35.1981,25.7129
"Ostorhinchus fasciatus","2018-08-26",37.7009,20.9885
"Ostorhinchus fasciatus","2014-01-01",36.1485,29.5985
"Ostorhinchus fasciatus","2011-09-01",36.124,35.889
"Ostorhinchus fasciatus","2017-03-01",38.8913,27.0352
"Ostorhinchus fasciatus","2017-08-08",35.4175,26.9317
"Ostorhinchus fasciatus","2020-01-01",37.1505,11.3696
"Ostorhinchus fasciatus","2020-01-01",35.137,24.5299
"Ostorhinchus fasciatus","2012-01-01",36.662,29.067
"Ostorhinchus fasciatus","2020-11-10",37.1667,9.1167
"Ostorhinchus fasciatus","2017-01-04",37.2657,27.5104
"Ostorhinchus fasciatus","2014-02-21",36.7948,28.6158
"Ostorhinchus fasciatus","2009-12-01",36.312,35.747
"Ostorhinchus fasciatus","2014-01-19",34.9623,33.9077
"Ostorhinchus fasciatus","2017-06-10",35.4093,27.1528
"Ostorhinchus fasciatus","2011-09-01",36.73,35.821
"Ostorhinchus fasciatus","2012-01-01",36.725,36.101
"Ostorhinchus fasciatus","2009-12-01",36.571,36.101
"Ostorhinchus fasciatus","2017-08-22",37.7387,20.7008
"Ostorhinchus fasciatus","2018-01-01",35.3351,25.2818
"Ostorhinchus fasciatus","2010-08-26",36.5948,36.1702
"Ostorhinchus fasciatus","2020-01-01",33.6826,10.9256
"Ostorhinchus fasciatus","2020-01-01",35.0108,26.0099
"Ostorhinchus fasciatus","2011-09-01",36.491,35.425
"Ostorhinchus fasciatus","2017-05-15",37.6817,20.8376
"Ostorhinchus fasciatus","2008-01-01",31.814,34.59
"Ostorhinchus fasciatus","2017-07-15",36.0696,28.0514
"Ostorhinchus fasciatus","2013-01-01",36.833,28.266
"Ostorhinchus fasciatus","2020-01-01",39.014,26.5488
"Ostorhinchus fasciatus","2011-12-01",36.746,30.701
"Ostracion cubicum","2016-01-01",37.1339,25.2544
"Ostracion cubicum","2017-04-01",36.457,30.548
"Ostracion cubicum","2015-01-01",36.9782,25.1682
"Ostracion cubicum","2021-08-01",34.0316,35.6254
"Ostracion cubicum","2017-01-01",36.9681,25.1218
"Ostracion cubicum","2011-01-01",34.505,35.771
"Ostracion cubicum","2015-03-01",33.284,35.185
"Ostracion cubicum","2019-01-01",36.6582,24.4683
"Ostracion cubicum","2020-12-01",33.7852,35.4738
"Ostracion cubicum","2015-11-01",33.893,35.466
"Oxyurichthys keiensis","2018-11-01",36.6533,29.1153
"Oxyurichthys petersii","2020-10-01",35.4895,24.1514
"Oxyurichthys petersii","2020-12-01",35.0589,34.0189
"Oxyurichthys petersii","2014-07-01",34.9909,25.5597
"Oxyurichthys petersii","1992-01-01",36.771,34.636
"Oxyurichthys petersii","1994-01-01",36.507,34.281
"Oxyurichthys petersii","2015-07-01",34.9909,25.5597
"Oxyurichthys petersii","1982-01-01",31.843,34.646
"Oxyurichthys petersii","2014-01-01",36.9946,10.304
"Oxyurichthys petersii","2014-01-01",35.4767,11.2412
"Oxyurichthys petersii","2005-01-01",36.7436,24.4604
"Oxyurichthys petersii","2014-01-29",41.1101,17.2944
"Oxyurichthys petersii","2008-01-01",36.671,35.931
"Oxyurichthys petersii","1997-01-01",36.6602,25.0745
"Oxyurichthys petersii","2020-11-01",38.9365,20.785
"Oxyurichthys petersii","2015-04-22",36.1006,11.5486
"Oxyurichthys petersii","2005-01-01",36.901,27.681
"Oxyurichthys petersii","2005-01-01",36.7851,25.3127
"Oxyurichthys petersii","2019-06-15",35.4974,11.066
"Oxyurichthys petersii","2018-01-01",40.3719,22.8993
"Oxyurichthys petersii","2010-09-01",36.15,29.5892
"Oxyurichthys petersii","2021-09-01",38.9342,20.7911
"Oxyurichthys petersii","2014-01-01",37.0706,10.2507
"Pagellus bellottii","2010-01-01",32.85,35.011
"Pagellus bellottii","1960-01-01",35.181,-2.667
"Pagellus bellottii","1960-01-01",35.716,-5.211
"Pagellus bellottii","1982-01-01",36.7758,-2.4342
"Pagellus bellottii","1992-01-01",34.885,35.867
"Pagellus bellottii","1960-01-01",35.291,-3.826
"Pagrus major","2019-09-01",34.8857,35.8447
"Pagrus major","2004-09-01",44.201,14.601
"Pagrus major","2007-05-01",44.085,15.251
"Pampus argenteus","2007-03-01",36.316,11.398
"Pampus argenteus","1896-01-01",45.266,14.391
"Pampus argenteus","2018-07-19",34.9855,34.0839
"Papilloculiceps longiceps","1986-12-01",32.859,35.052
"Parablennius thysanius","2013-11-01",36.884,30.701
"Paracanthurus hepatus","2024-07-01",43.4111,6.8567
"Paracanthurus hepatus","2015-09-01",32.023,34.738
"Paracanthurus hepatus","2024-09-01",43.4111,6.8461
"Paracanthurus hepatus","2024-07-01",43.4094,6.8461
"Paralichthys lethostigma","2009-12-01",32.2877,34.8022
"Paranthias furcifer","2011-06-01",43.511,16.139
"Paranthias furcifer","2016-07-01",36.8269,-2.466
"Paranthias furcifer","2007-01-01",34.036,35.566
"Paranthias furcifer","2019-10-01",38.8669,26.9022
"Parascorpaena mcadamsi","2023-04-04",35.188889,35.945
"Parexocoetus mento","1935-01-01",32.076,34.732
"Parexocoetus mento","1999-01-01",34.859,11.643
"Parexocoetus mento","1997-01-01",36.8847,25.6057
"Parexocoetus mento","2005-01-01",37.0754,25.5871
"Parexocoetus mento","1938-01-01",36.417,28.355
"Parexocoetus mento","1998-01-01",36.7591,34.7354
"Parexocoetus mento","2005-11-15",36.5948,36.1702
"Parexocoetus mento","1999-01-01",34.7,11.4
"Parupeneus forsskali","2020-02-01",36.3559,28.2309
"Parupeneus forsskali","2017-07-01",36.8734,30.6586
"Parupeneus forsskali","2020-07-05",34.5688,33.0354
"Parupeneus forsskali","2019-01-01",37.1339,25.2544
"Parupeneus forsskali","2017-02-08",35.8287,14.5679
"Parupeneus forsskali","2021-11-26",37.8443,23.039
"Parupeneus forsskali","2020-07-01",36.4467,28.2064
"Parupeneus forsskali","2019-05-31",36.8289,11.1357
"Parupeneus forsskali","2021-08-03",37.8395,23.063
"Parupeneus forsskali","2021-01-01",36.9917,26.9138
"Parupeneus forsskali","2016-01-01",36.8835,30.6787
"Parupeneus forsskali","2019-02-01",36.4467,28.2064
"Parupeneus forsskali","2021-09-29",34.9837,34.0719
"Parupeneus forsskali","2019-01-01",36.6582,24.4683
"Parupeneus forsskali","2021-05-18",36.7328,28.9221
"Parupeneus forsskali","2020-01-01",33.2641,11.2297
"Parupeneus forsskali","2020-09-10",36.5123,35.6137
"Parupeneus forsskali","2019-01-01",36.21356,28.14296
"Parupeneus forsskali","2021-11-18",35.8676,14.5751
"Parupeneus forsskali","2020-07-25",37.878,27.2649
"Parupeneus forsskali","2020-08-01",36.4036,28.2333
"Parupeneus forsskali","2018-01-01",36.8861,15.1435
"Parupeneus forsskali","2021-11-22",37.8395,23.063
"Parupeneus forsskali","2021-06-01",34.9489,34.0728
"Parupeneus forsskali","2014-01-01",34.5202,10.563
"Parupeneus forsskali","2019-01-01",36.9681,25.1218
"Parupeneus forsskali","2021-07-21",35.0465,32.3717
"Parupeneus forsskali","2016-03-01",36.8838,30.679
"Parupeneus forsskali","2021-10-14",37.2988,27.4719
"Parupeneus forsskali","2020-05-18",36.7328,28.9221
"Parupeneus forsskali","2019-01-01",35.88686,27.23459
"Parupeneus forsskali","2021-12-21",37.581,24.7503
"Parupeneus forsskali","2018-06-14",38.2885,23.9366
"Parupeneus forsskali","2020-01-01",36.87655,27.35011
"Parupeneus forsskali","2008-09-15",37.81321,23.80988
"Parupeneus forsskali","2018-02-04",36.8976,15.1485
"Parupeneus forsskali","2018-01-01",35.636,34.2385
"Parupeneus forsskali","2020-11-11",34.826,32.3872
"Parupeneus forsskali","2019-01-01",36.8847,25.6057
"Parupeneus forsskali","2016-09-01",36.4617,28.1539
"Parupeneus forsskali","2012-12-01",33.925,35.546
"Parupeneus forsskali","2009-01-01",37.91069,23.51215
"Parupeneus forsskali","2021-01-01",34.711,11.2596
"Parupeneus forsskali","2019-01-01",33.2291,11.2123
"Parupeneus forsskali","2021-11-06",37.8362,23.127
"Parupeneus forsskali","2020-06-02",39.6737,19.7191
"Parupeneus forsskali","2020-08-01",35.5428,27.2193
"Parupeneus forsskali","2020-01-01",33.4902,11.1204
"Parupeneus forsskali","2020-01-11",37.723,26.5632
"Parupeneus forsskali","2016-01-01",33.7597,11.0533
"Parupeneus forsskali","2019-01-21",36.8932,15.1441
"Parupeneus forsskali","2022-01-01",36.3614,25.4053
"Parupeneus forsskali","2021-10-28",34.8975,33.6542
"Parupeneus forsskali","2020-09-21",34.93,33.67
"Parupeneus forsskali","2018-01-01",36.8742,25.9246
"Parupeneus forsskali","2022-03-01",31.532,34.43
"Parupeneus forsskali","2020-02-01",36.8239,11.9898
"Parupeneus forsskali","2013-01-01",32.85,34.937
"Parupeneus forsskali","2020-06-15",36.0189,14.2724
"Parupeneus forsskali","2021-04-01",36.7844,34.6414
"Parupeneus forsskali","2018-01-10",37.8895,24.0162
"Parupeneus forsskali","2018-01-01",36.0941,28.08738
"Parupeneus forsskali","2020-01-01",33.5992,10.8885
"Parupeneus forsskali","2021-09-06",36.732,28.9366
"Parupeneus forsskali","2020-06-29",36.1787,29.641
"Parupeneus forsskali","2021-09-12",37.1852,27.2565
"Parupeneus forsskali","2018-01-01",34.9548,34.0857
"Parupeneus forsskali","2021-02-08",38.3368,21.1273
"Parupeneus forsskali","2022-01-01",36.6136,27.1543
"Parupeneus forsskali","2018-01-01",36.7851,25.3127
"Parupeneus forsskali","2021-10-17",36.2232,27.6134
"Parupeneus forsskali","2000-01-01",36.781,34.641
"Parupeneus forsskali","2018-06-22",32.8541,13.0546
"Parupeneus forsskali","2018-12-01",32.3765,23.1753
"Parupeneus forsskali","2015-01-01",33.9564,10.0748
"Parupeneus forsskali","2022-01-01",36.4393,28.1582
"Parupeneus forsskali","2021-06-01",34.9623,34.0806
"Parupeneus forsskali","2021-11-01",34.2481,35.652
"Parupeneus forsskali","2004-01-01",36.299,33.881
"Parupeneus forsskali","2021-03-22",36.7401,23.0473
"Parupeneus forsskali","2021-07-13",36.7971,24.5951
"Parupeneus forsskali","2019-12-25",35.9008,14.5039
"Parupeneus forsskali","2021-09-08",36.6061,36.0833
"Parupeneus forsskali","2009-01-01",37.90351,23.51418
"Parupeneus forsskali","2014-10-27",35.1464,33.9521
"Parupeneus forsskali","2016-01-01",31.2744,30.1664
"Parupeneus forsskali","2021-08-12",35.0315,25.9474
"Parupeneus forsskali","2021-10-18",36.8738,14.4105
"Parupeneus forsskali","2020-05-06",38.6601,26.7334
"Parupeneus forsskali","2019-01-01",35.54284,27.21933
"Parupeneus forsskali","2021-06-27",36.4503,28.187
"Parupeneus forsskali","2019-01-01",37.0754,25.5871
"Parupeneus forsskali","2021-10-07",36.8817,14.4178
"Parupeneus forsskali","2020-02-11",37.9533,23.4666
"Parupeneus forsskali","2019-01-11",37.6795,26.581
"Parupeneus forsskali","2019-01-01",35.3546,25.0438
"Parupeneus forsskali","2021-01-30",37.8319,23.1352
"Parupeneus forsskali","2021-09-20",35.4077,25.0205
"Parupeneus forsskali","2020-07-12",37.2847,26.7831
"Parupeneus forsskali","2021-07-10",36.6617,28.8513
"Parupeneus forsskali","2021-08-18",37.9655,24.0156
"Parupeneus forsskali","2020-01-11",37.7729,26.6092
"Parupeneus forsskali","2021-07-17",32.06,20.03
"Parupeneus forsskali","2017-11-01",36.0738,28.0171
"Parupeneus forsskali","2021-02-06",35.0068,25.7419
"Parupeneus forsskali","2020-06-09",31.363,27.2092
"Parupeneus forsskali","2020-01-01",34.2183,10.114
"Parupeneus forsskali","2018-01-01",36.6602,25.0745
"Parupeneus forsskali","2020-06-07",35.2185,11.1645
"Parupeneus forsskali","2018-07-14",36.1622,29.6294
"Parupeneus forsskali","2020-01-01",33.2683,11.195
"Parupeneus forsskali","2021-02-02",34.4628,35.7849
"Parupeneus forsskali","2020-10-31",36.8835,30.6783
"Parupeneus forsskali","2020-12-14",34.67,33.3
"Parupeneus forsskali","2014-01-02",33.7112,10.3449
"Parupeneus forsskali","2021-07-08",36.8205,28.6228
"Parupeneus forsskali","2020-10-27",33.8745,10.1607
"Parupeneus forsskali","2008-01-01",37.81895,23.75816
"Parupeneus forsskali","2021-07-01",36.718,28.2429
"Parupeneus forsskali","2019-07-02",36.1614,29.6287
"Parupeneus forsskali","2019-01-01",36.7436,24.4604
"Parupeneus forsskali","2018-01-01",35.0019,34.0712
"Parupeneus forsskali","2021-04-01",36.5824,35.8304
"Parupeneus forsskali","2018-06-21",35.9599,14.3406
"Parupeneus forsskali","2021-01-01",36.9929,26.9162
"Parupeneus forsskali","2021-11-16",35.9237,14.3395
"Parupeneus forsskali","2020-09-10",35.2013,24.1198
"Parupeneus forsskali","2016-06-01",36.624,29.11
"Parupeneus forsskali","2021-08-01",35.4048,25.0194
"Parupeneus forsskali","2008-01-01",37.88474,23.72326
"Parupeneus forsskali","2018-12-15",37.3226,27.2963
"Parupeneus forsskali","2021-01-01",36.5888,27.2113
"Parupeneus forsskali","2019-01-01",36.8742,25.9246
"Parupeneus forsskali","2022-11-28",30.96,20.03
"Parupeneus forsskali","2020-08-01",36.1476,29.6027
"Parupeneus forsskali","2020-12-01",35.5061,11.0706
"Parupeneus forsskali","2020-01-01",36.7682,11.9623
"Parupeneus forsskali","2021-12-20",36.5371,35.4607
"Parupeneus forsskali","2021-10-08",35.9237,14.3392
"Parupeneus forsskali","2022-01-01",36.9385,26.9876
"Parupeneus forsskali","2021-01-01",36.6136,27.1543
"Parupeneus forsskali","2021-09-18",34.6248,33.0084
"Parupeneus forsskali","2018-01-01",34.9554,33.9462
"Parupeneus forsskali","2019-02-07",35.9826,14.3316
"Parupeneus forsskali","2014-09-01",35.051,34.023
"Parupeneus forsskali","2019-01-01",37.817,23.8022
"Parupeneus forsskali","2020-01-11",37.8006,26.6744
"Parupeneus forsskali","2020-12-18",36.5293,35.5626
"Parupeneus forsskali","2020-01-01",36.3818,25.3484
"Parupeneus forsskali","2022-01-01",36.9929,26.9162
"Parupeneus forsskali","2021-01-01",36.3614,25.4053
"Parupeneus forsskali","2020-05-01",36.9777,28.2154
"Parupeneus forsskali","2019-01-01",36.9782,25.1682
"Parupeneus forsskali","2020-07-17",34.9607,32.3079
"Parupeneus forsskali","2021-01-01",36.2685,33.8292
"Parupeneus forsskali","2020-10-04",35.8566,12.8725
"Parupeneus forsskali","2015-12-01",36.187,33.647
"Parupeneus forsskali","2017-07-01",35.24,34.0347
"Parupeneus forsskali","2020-05-20",36.8119,28.5405
"Parupeneus forsskali","2021-12-18",36.5293,35.5626
"Parupeneus forsskali","2020-09-01",35.1009,24.5634
"Parupeneus forsskali","2016-12-01",36.127,33.328
"Parupeneus forsskali","2015-03-01",36.3661,35.8158
"Parupeneus forsskali","2021-09-17",36.6955,34.7146
"Parupeneus forsskali","2019-02-06",35.9589,14.4267
"Parupeneus forsskali","2018-01-01",36.0729,28.03804
"Parupeneus forsskali","2019-09-01",36.4254,28.1646
"Parupeneus forsskali","2022-01-01",36.5888,27.2113
"Parupeneus forsskali","2022-01-01",36.9917,26.9138
"Parupeneus forsskali","2020-01-11",37.7976,26.6922
"Parupeneus forsskali","2021-01-01",36.9385,26.9876
"Parupeneus forsskali","2020-06-10",35.9891,14.3297
"Parupeneus forsskali","2020-09-17",36.6955,34.7146
"Parupeneus forsskali","2021-02-19",37.5971,24.6581
"Parupeneus forsskali","2021-10-05",35.5103,11.079
"Parupeneus forsskali","2023-01-01",30.8,19.9
"Parupeneus forsskali","2018-07-29",33.2524,35.1834
"Parupeneus rubescens","2020-05-21",35.833333,35.833333
"Pelates quadrilineatus","1987-01-01",36.448,35.742
"Pelates quadrilineatus","1989-01-01",36.569,35.992
"Pelates quadrilineatus","1997-03-29",35.8938,14.5274
"Pelates quadrilineatus","1984-01-01",36.569,35.992
"Pelates quadrilineatus","1983-01-01",36.569,35.992
"Pelates quadrilineatus","2015-04-09",37.8702,23.5764
"Pelates quadrilineatus","1984-01-01",36.773,34.721
"Pelates quadrilineatus","1994-01-01",36.581,36.111
"Pelates quadrilineatus","2016-04-07",35.05,12.9667
"Pelates quadrilineatus","2016-04-09",37.9403,23.4349
"Pelates quadrilineatus","2015-04-09",37.8682,23.5202
"Pelates quadrilineatus","2016-04-09",37.8827,23.558
"Pelates quadrilineatus","1977-01-01",31.17,33.17
"Pelates quadrilineatus","2016-04-09",37.849,23.4551
"Pelates quadrilineatus","1983-01-01",36.773,34.721
"Pelates quadrilineatus","2016-01-11",37.6567,26.5281
"Pelates quadrilineatus","2016-04-09",37.95,23.4768
"Pempheris rhomboidea","2021-09-01",36.7591,24.5688
"Pempheris rhomboidea","1986-01-01",32.926,35.066
"Pempheris rhomboidea","1979-08-01",32.934,35.068
"Pempheris rhomboidea","2021-09-16",37.0736,25.1149
"Pempheris rhomboidea","2001-04-01",34.301,35.646
"Pempheris rhomboidea","2019-01-01",36.8578,23.0399
"Pempheris rhomboidea","2013-05-19",35.1026,24.564
"Pempheris rhomboidea","1985-01-01",32.926,35.066
"Pempheris rhomboidea","2019-06-05",35.2999,26.3114
"Pempheris rhomboidea","2018-09-03",34.9407,25.0513
"Pempheris rhomboidea","2021-06-01",34.9489,34.0728
"Pempheris rhomboidea","2020-06-09",35.5195,23.6218
"Pempheris rhomboidea","1987-01-01",32.926,35.066
"Pempheris rhomboidea","2021-09-17",37.0272,25.0405
"Pempheris rhomboidea","2007-01-01",36.701,27.726
"Pempheris rhomboidea","2020-06-05",34.9988,26.1399
"Pempheris rhomboidea","2020-09-19",36.9696,25.0309
"Pempheris rhomboidea","1986-01-01",32.057,34.751
"Pempheris rhomboidea","1995-09-08",35.2561,25.7411
"Pempheris rhomboidea","1985-01-01",32.054,34.745
"Pempheris rhomboidea","1979-08-01",32.058,34.751
"Pempheris rhomboidea","2010-09-10",34.9834,25.3058
"Pempheris rhomboidea","2008-01-01",38.13359,24.02083
"Pempheris rhomboidea","2004-03-05",36.7538,15.1205
"Pempheris rhomboidea","1988-01-01",32.057,34.751
"Pempheris rhomboidea","2010-09-01",32.826,34.957
"Pempheris rhomboidea","1983-01-01",32.057,34.751
"Pempheris rhomboidea","2011-08-21",34.9245,24.7796
"Pempheris rhomboidea","2020-09-17",37.0251,25.253
"Pempheris rhomboidea","2001-04-01",34.474,35.781
"Pempheris rhomboidea","2014-09-17",36.9619,25.0385
"Pempheris rhomboidea","2002-01-01",36.2519,28.1803
"Pempheris rhomboidea","2020-04-09",37.8339,23.4446
"Pempheris rhomboidea","2021-01-01",40.6098,26.0603
"Pempheris rhomboidea","2018-12-18",36.9009,15.1549
"Pempheris rhomboidea","2021-06-04",35.2798,25.7634
"Pempheris rhomboidea","2012-11-01",36.113,29.547
"Pempheris rhomboidea","2021-09-16",37.133,25.2399
"Pempheris rhomboidea","2014-01-01",35.2014,24.1257
"Pempheris rhomboidea","2008-01-01",38.14277,24.061
"Pempheris rhomboidea","2019-07-03",36.0255,14.2142
"Pempheris rhomboidea","1985-01-01",32.057,34.751
"Pempheris rhomboidea","2021-09-16",37.0544,25.2787
"Pempheris rhomboidea","2013-06-01",33.142,35.154
"Pempheris rhomboidea","2013-09-01",32.148,20.021
"Pempheris rhomboidea","1997-01-01",36.563,36.076
"Pempheris rhomboidea","2008-01-01",37.9131,23.51243
"Pempheris rhomboidea","2020-06-05",35.1695,26.3076
"Pempheris rhomboidea","2001-04-01",34.321,35.713
"Pempheris rhomboidea","2008-01-01",38.13359,24.02083
"Pempheris rhomboidea","2018-01-01",32.854,13.0547
"Pempheris rhomboidea","2016-05-17",35.4014,25.0349
"Pempheris rhomboidea","2018-08-01",37.0156,26.9662
"Pempheris rhomboidea","2020-09-19",36.9534,24.9818
"Pempheris rhomboidea","2016-04-02",36.0195,14.2722
"Pempheris rhomboidea","2006-01-01",32.135,20.063
"Pempheris rhomboidea","2018-08-10",32.9275,13.1814
"Pempheris rhomboidea","2014-06-05",35.2636,26.3303
"Pempheris rhomboidea","2007-01-01",36.725,27.994
"Pempheris rhomboidea","1994-01-01",36.852,30.721
"Pempheris rhomboidea","2016-01-01",38.15385,23.22411
"Pempheris rhomboidea","2020-09-19",36.9425,24.9491
"Pempheris rhomboidea","1988-01-01",32.926,35.066
"Pempheris rhomboidea","2020-06-06",35.0483,24.7099
"Pempheris rhomboidea","2020-06-05",35.0332,26.2251
"Pempheris rhomboidea","2015-06-01",33.2301,11.2852
"Pempheris rhomboidea","2007-01-01",36.668,28.314
"Pempheris rhomboidea","2020-06-05",35.2207,26.2838
"Pempheris rhomboidea","2009-01-01",37.93323,23.5376
"Pempheris rhomboidea","2001-04-01",33.127,35.131
"Pempheris rhomboidea","2022-01-01",40.6098,26.0603
"Pempheris rhomboidea","2013-01-01",39.37593,23.20457
"Pempheris rhomboidea","1997-01-01",36.775,34.62
"Pempheris rhomboidea","2025-06-18",36.983689,21.649007
"Pempheris rhomboidea","2005-01-01",33.2745,35.1959
"Pempheris rhomboidea","2020-06-06",35.0161,24.7183
"Pempheris rhomboidea","2019-06-13",35.2009,24.1076
"Pempheris rhomboidea","2007-01-01",31.356,30.044
"Pempheris rhomboidea","2020-06-06",35.0468,24.7023
"Pempheris rhomboidea","2004-08-01",37.882,26.991
"Pempheris rhomboidea","2020-04-09",37.9069,23.6041
"Pempheris rhomboidea","2020-06-05",35.1795,26.3206
"Pempheris rhomboidea","2021-06-03",35.1621,25.7552
"Pempheris rhomboidea","2021-06-05",34.9518,26.1407
"Pempheris rhomboidea","2020-04-01",39.2359,23.014
"Pempheris rhomboidea","2017-01-01",38.21428,25.91002
"Pempheris rhomboidea","1994-01-01",36.768,34.687
"Pempheris rhomboidea","2021-06-05",35.0919,26.2802
"Pempheris rhomboidea","2016-01-01",37.2764,27.4198
"Pempheris rhomboidea","2018-01-01",35.37158,24.451
"Pempheris rhomboidea","2019-06-09",35.5049,23.6977
"Pempheris rhomboidea","2013-01-01",35.9052,27.8329
"Pempheris rhomboidea","2014-01-01",33.2357,11.2994
"Pempheris rhomboidea","2014-10-01",34.361,35.729
"Pempheris rhomboidea","2014-06-29",35.9525,14.389
"Pempheris rhomboidea","2018-08-23",39.2709,20.4169
"Pempheris rhomboidea","1984-01-01",32.057,34.751
"Pempheris rhomboidea","1978-01-01",35.983,35.617
"Pempheris rhomboidea","2019-07-28",36.3452,25.4679
"Pempheris rhomboidea","2010-09-01",32.446,34.727
"Pempheris rhomboidea","2014-09-01",34.964,34.083
"Pempheris rhomboidea","2018-04-09",37.8697,23.5532
"Pempheris rhomboidea","1987-01-01",32.057,34.751
"Pempheris rhomboidea","2021-06-09",35.6249,23.7087
"Pempheris rhomboidea","2016-08-18",38.7111,20.7409
"Pempheris rhomboidea","1984-01-01",32.926,35.066
"Pempheris rhomboidea","2021-06-05",35.0083,26.1819
"Pempheris rhomboidea","1983-10-01",32.617,34.914
"Pempheris rhomboidea","2015-09-17",36.9931,25.1289
"Pempheris rhomboidea","1995-01-01",35.286,33.977
"Pempheris rhomboidea","2007-06-01",36.334,28.228
"Pempheris rhomboidea","2020-06-09",35.6108,23.6112
"Pempheris rhomboidea","2013-06-30",35.9507,14.4007
"Pempheris rhomboidea","2001-04-01",34.249,35.656
"Pempheris rhomboidea","2016-06-01",37.2764,27.4198
"Pempheris rhomboidea","2018-04-09",37.9072,23.5532
"Pempheris rhomboidea","2020-06-05",34.9992,26.0906
"Pempheris rhomboidea","1989-01-01",32.926,35.066
"Pempheris rhomboidea","2019-08-01",32.9111,13.291
"Pempheris rhomboidea","1989-01-01",32.057,34.751
"Pempheris rhomboidea","1983-01-01",32.926,35.066
"Pempheris rhomboidea","2021-06-09",35.5482,23.7245
"Pempheris rhomboidea","2021-08-01",39.1504,23.0768
"Pempheris rhomboidea","1994-01-01",36.581,36.111
"Pempheris rhomboidea","2014-01-01",37.814,23.7556
"Pempheris rhomboidea","2021-09-16",37.1393,25.2959
"Pempheris rhomboidea","2021-09-16",36.9999,25.2354
"Pempheris rhomboidea","2015-06-20",35.9588,14.4266
"Pempheris rhomboidea","1985-01-01",36.11667,29.63366
"Pempheris rhomboidea","2020-06-05",35.0291,25.9723
"Pempheris rhomboidea","2008-01-01",37.97274,24.01586
"Pempheris rhomboidea","1987-01-01",36.173,29.594
"Pempheris rhomboidea","2021-08-29",37.1342,24.554
"Pempheris rhomboidea","2020-09-17",37.1152,25.2764
"Pempheris rhomboidea","2021-06-05",35.0392,26.2436
"Pempheris rhomboidea","2010-09-01",32.938,35.071
"Pempheris rhomboidea","2022-01-01",36.4393,28.1582
"Pempheris rhomboidea","2010-03-26",36.7405,15.1253
"Pempheris rhomboidea","2013-04-01",36.183,29.643
"Pempheris rhomboidea","2007-01-01",36.808,27.703
"Pempheris rhomboidea","2001-01-01",35.322,35.792
"Pempheris rhomboidea","2012-09-05",34.9515,24.7543
"Pempheris rhomboidea","2011-01-01",37.129,25.22
"Pempheris rhomboidea","2021-06-08",35.4763,24.1834
"Pempheris rhomboidea","2020-06-05",35.1125,26.2855
"Pempheris rhomboidea","2009-01-01",38.02267,23.5437
"Pempheris rhomboidea","2020-06-06",35.0641,24.6567
"Pempheris rhomboidea","2016-06-12",35.1665,24.4206
"Pempheris rhomboidea","2010-01-01",37.0362,25.2617
"Pempheris rhomboidea","2016-04-01",36.0296,14.2152
"Pempheris rhomboidea","2021-09-16",36.9799,25.1482
"Pempheris rhomboidea","2009-01-01",38.17458,22.3185
"Petroscirtes ancylodon","2004-01-01",36.4572,28.2271
"Petroscirtes ancylodon","1997-01-01",36.466,35.746
"Petroscirtes ancylodon","2012-01-01",37.0164,10.9072
"Petroscirtes ancylodon","1988-01-01",31.738,34.589
"Pinguipes brasilianus","1990-10-01",44.121,8.26
"Pisodonophis semicinctus","1980-01-01",43.3,4.8
"Pisodonophis semicinctus","2009-01-01",36.89,27.741
"Pisodonophis semicinctus","2018-03-01",38.0157,13.7068
"Pisodonophis semicinctus","2003-01-01",37.5,15.1
"Pisodonophis semicinctus","1998-01-01",43.5,10.3
"Pisodonophis semicinctus","1997-01-01",36.7,14.4
"Pisodonophis semicinctus","1957-01-01",36.6,2.1
"Pisodonophis semicinctus","1991-01-01",37.15,10.95
"Pisodonophis semicinctus","2019-07-01",36.8164,30.6398
"Pisodonophis semicinctus","2015-12-01",36.182,33.622
"Planiliza carinata","2005-01-01",32.0813,24.0072
"Planiliza carinata","1994-01-01",36.768,34.687
"Planiliza carinata","2011-01-01",37.147,10.255
"Planiliza carinata","1956-01-01",36.448,35.749
"Planiliza carinata","2017-01-01",36.2519,28.1803
"Planiliza carinata","2006-01-01",33.2558,11.2378
"Planiliza carinata","1924-01-01",31.279,32.331
"Planiliza carinata","2005-11-16",36.5948,36.1702
"Planiliza haematocheilus","1998-01-01",40.628,25.349
"Planiliza haematocheilus","1998-02-01",40.7405,26.0275
"Planiliza haematocheilus","1998-01-01",40.9609,25.1274
"Planiliza haematocheilus","1998-01-01",40.9828,25.3171
"Planiliza haematocheilus","2005-01-01",40.7846,23.8479
"Planiliza haematocheilus","1995-01-01",40.9773,25.3242
"Planiliza haematocheilus","2005-01-01",40.8452,24.7981
"Platax teira","2006-01-01",36.962,27.464
"Platax teira","2010-01-01",31.805,34.619
"Platycephalus indicus","2011-12-01",33.921,35.499
"Platycephalus indicus","2014-04-13",37.8689,20.9483
"Platycephalus indicus","2021-02-01",31.3019,30.1187
"Platycephalus indicus","2021-03-01",31.3019,30.1187
"Platycephalus indicus","1978-01-01",38.264,15.65
"Platycephalus indicus","1970-01-01",38.2332,15.6361
"Platycephalus indicus","2018-09-19",37.0131,25.0903
"Platycephalus indicus","1953-01-01",32.076,34.732
"Platycephalus indicus","2018-09-19",36.9434,25.0794
"Plotosus lineatus","2014-09-23",36.9015,25.6219
"Plotosus lineatus","2014-07-27",37.1127,24.4914
"Plotosus lineatus","2020-08-28",35.2536,26.2656
"Plotosus lineatus","2014-07-13",36.9694,25.1237
"Plotosus lineatus","2014-10-21",37.2482,24.5999
"Plotosus lineatus","2016-01-01",39.8737,22.7359
"Plotosus lineatus","2014-04-06",35.0032,25.7362
"Plotosus lineatus","2014-11-01",31.423,33.668
"Plotosus lineatus","2018-10-21",37.4025,25.2795
"Plotosus lineatus","2016-01-01",37.5184,24.8768
"Plotosus lineatus","2015-09-24",36.8554,25.9522
"Plotosus lineatus","2016-07-02",35.3619,33.6148
"Plotosus lineatus","2017-06-08",35.5032,24.1853
"Plotosus lineatus","2017-06-09",35.5049,23.6977
"Plotosus lineatus","2015-10-21",37.432,24.8593
"Plotosus lineatus","2015-07-20",36.9156,21.6962
"Plotosus lineatus","2017-06-09",35.6108,23.6112
"Plotosus lineatus","2014-02-06",33.9359,10.191
"Plotosus lineatus","2016-10-21",37.3024,24.3994
"Plotosus lineatus","2015-04-18",38.0043,21.2622
"Plotosus lineatus","2017-06-05",35.2207,26.2838
"Plotosus lineatus","2018-01-01",38.8486,23.0482
"Plotosus lineatus","2020-08-01",38.5597,20.7358
"Plotosus lineatus","2015-07-27",34.9989,24.7465
"Plotosus lineatus","2016-06-08",35.4945,24.1382
"Plotosus lineatus","2014-08-14",35.5875,27.0699
"Plotosus lineatus","2019-06-06",34.9157,24.0154
"Plotosus lineatus","2014-09-24",36.8639,25.8774
"Plotosus lineatus","2016-06-03",34.924,25.0274
"Plotosus lineatus","2014-10-21",37.3883,24.3822
"Plotosus lineatus","2014-04-17",37.8365,21.0943
"Plotosus lineatus","2015-10-21",37.5117,24.9082
"Plotosus lineatus","2015-07-30",41.4456,12.6166
"Plotosus lineatus","2016-10-21",37.4812,24.4141
"Plotosus lineatus","2017-05-18",35.5158,27.209
"Plotosus lineatus","2014-06-05",35.1795,26.3206
"Plotosus lineatus","2014-09-20",37.0497,25.2799
"Plotosus lineatus","2018-10-21",37.4029,24.4923
"Plotosus lineatus","2016-12-29",34.6642,33.0427
"Plotosus lineatus","2015-06-06",34.9796,24.741
"Plotosus lineatus","2018-06-06",35.0965,24.5576
"Plotosus lineatus","2015-10-25",37.837,23.7554
"Plotosus lineatus","2014-07-21",35.4718,27.1942
"Plotosus lineatus","2017-06-05",35.1695,26.3076
"Plotosus lineatus","2022-01-01",36.2667,33.8258
"Plotosus lineatus","2015-04-18",38.0846,21.3306
"Plotosus lineatus","2017-01-01",38.8486,23.0482
"Plotosus lineatus","2022-01-01",36.5356,36.0415
"Plotosus lineatus","2016-06-05",35.0083,26.1819
"Plotosus lineatus","2015-07-16",35.4011,25.0343
"Plotosus lineatus","2014-02-09",37.4443,15.1239
"Plotosus lineatus","2014-09-24",36.8919,25.8963
"Plotosus lineatus","2019-09-23",37.0712,25.692
"Plotosus lineatus","2017-09-20",36.6625,25.1369
"Plotosus lineatus","2019-10-21",37.477,25.3087
"Plotosus lineatus","2016-10-21",37.1771,24.4274
"Plotosus lineatus","2019-06-06",35.0887,24.6859
"Plotosus lineatus","2014-07-04",35.6935,34.5629
"Plotosus lineatus","2020-01-01",35.6417,10.9982
"Plotosus lineatus","2019-07-25",37.1842,21.5748
"Plotosus lineatus","2023-09-01",36.594,36.156
"Plotosus lineatus","2016-06-03",34.9839,25.3636
"Plotosus lineatus","2018-09-20",36.8878,25.5333
"Plotosus lineatus","2015-07-19",37.072,25.3201
"Plotosus lineatus","2016-01-01",40.1557,22.5548
"Plotosus lineatus","2015-07-25",35.6816,34.5797
"Plotosus lineatus","2014-07-13",36.505,22.4888
"Plotosus lineatus","2014-10-21",37.5243,24.3002
"Plotosus lineatus","2015-06-08",35.5051,24.0832
"Plotosus lineatus","2017-05-09",37.9667,23.2198
"Plotosus lineatus","2010-10-05",35.9593,14.3916
"Plotosus lineatus","2019-10-21",37.4976,25.3631
"Plotosus lineatus","2014-07-10",36.9497,26.9875
"Plotosus lineatus","2019-10-21",37.4386,25.3197
"Plotosus lineatus","2022-01-01",36.457,34.1421
"Plotosus lineatus","2015-06-03",35.2244,26.0899
"Plotosus lineatus","2015-10-21",37.1205,24.4348
"Plotosus lineatus","2022-01-01",36.1298,35.9127
"Plotosus lineatus","2016-10-21",37.4695,25.3744
"Plotosus lineatus","2020-08-04",37.7931,24.8462
"Plotosus lineatus","2018-06-04",35.2983,25.7441
"Plotosus lineatus","2015-07-16",35.3381,25.3887
"Plotosus lineatus","2015-09-10",37.0639,11.0013
"Plotosus lineatus","2017-09-24",36.927,26.0305
"Plotosus lineatus","2022-01-01",36.7617,36.1968
"Plotosus lineatus","2014-09-20",36.9165,25.4396
"Plotosus lineatus","2018-09-19",36.7707,25.2505
"Plotosus lineatus","2015-07-25",34.9989,24.7465
"Plotosus lineatus","2017-01-01",35.4974,11.066
"Plotosus lineatus","2016-01-01",37.4659,24.9532
"Plotosus lineatus","2015-10-21",36.9994,24.7296
"Plotosus lineatus","2014-07-30",36.806,24.5898
"Plotosus lineatus","2015-04-01",35.467,35.738
"Plotosus lineatus","2014-09-20",37.2036,25.5246
"Plotosus lineatus","2015-10-21",36.9701,24.6587
"Plotosus lineatus","2015-05-17",37.6603,23.993
"Plotosus lineatus","2014-07-20",35.0029,25.5824
"Plotosus lineatus","2017-06-04",35.2518,25.7438
"Plotosus lineatus","2014-04-18",38.1647,21.6311
"Plotosus lineatus","2016-09-24",37.135,25.8221
"Plotosus lineatus","2019-01-11",37.6795,26.581
"Plotosus lineatus","2014-04-17",37.9391,21.1229
"Plotosus lineatus","2014-07-05",34.9412,25.0501
"Plotosus lineatus","2014-08-25",37.4046,24.3897
"Plotosus lineatus","2014-04-18",38.1699,21.5301
"Plotosus lineatus","2014-07-24",35.6927,34.5604
"Plotosus lineatus","2015-06-05",35.0392,26.2436
"Plotosus lineatus","2016-10-21",37.2121,24.4788
"Plotosus lineatus","2014-09-20",36.6975,25.0922
"Plotosus lineatus","2016-06-03",35.2317,25.7445
"Plotosus lineatus","2022-01-01",36.6564,36.2118
"Plotosus lineatus","2017-06-09",35.5195,23.6218
"Plotosus lineatus","2020-06-07",34.8878,25.6924
"Plotosus lineatus","2014-06-07",34.8857,25.7367
"Plotosus lineatus","2015-04-18",38.1921,21.6843
"Plotosus lineatus","2014-09-23",36.9109,25.6207
"Plotosus lineatus","2016-04-01",36.127,35.913
"Plotosus lineatus","2014-10-21",37.2978,24.3834
"Plotosus lineatus","2010-09-01",32.654,34.858
"Plotosus lineatus","2015-07-21",34.9631,34.0738
"Plotosus lineatus","2018-08-07",36.4318,22.4872
"Plotosus lineatus","2016-08-01",43.8664,10.2233
"Plotosus lineatus","2016-01-01",37.3775,24.9202
"Plotosus lineatus","2015-10-21",37.4835,24.4176
"Plotosus lineatus","2015-07-03",35.8241,27.2361
"Plotosus lineatus","2015-09-24",37.0745,25.7081
"Plotosus lineatus","2017-06-03",34.989,25.5638
"Plotosus lineatus","2014-04-16",38.0031,21.2934
"Plotosus lineatus","2016-01-01",37.4533,24.889
"Plotosus lineatus","2022-01-01",36.317,35.779
"Plotosus lineatus","2019-01-11",37.7729,26.6092
"Plotosus lineatus","2016-09-01",38.1002,13.4477
"Plotosus lineatus","2022-01-01",36.609,36.114
"Plotosus lineatus","2014-07-13",32.1092,20.0292
"Plotosus lineatus","2017-06-05",35.2999,26.3114
"Plotosus lineatus","2014-09-19",36.7528,25.3557
"Plotosus lineatus","2016-06-05",34.9988,26.1399
"Plotosus lineatus","2019-06-06",34.8626,24.0493
"Plotosus lineatus","2017-09-23",37.0374,25.6271
"Plotosus lineatus","2018-06-05",35.0181,26.2042
"Plotosus lineatus","2015-06-10",37.1084,10.8842
"Plotosus lineatus","2018-07-19",36.3478,25.3946
"Plotosus lineatus","2015-09-24",36.8386,25.6841
"Plotosus lineatus","2014-07-07",37.7988,23.7892
"Plotosus lineatus","2014-07-18",36.4579,25.3725
"Plotosus lineatus","2015-10-21",37.4233,24.9609
"Plotosus lineatus","2014-09-20",37.0593,25.5873
"Plotosus lineatus","2018-01-11",37.8006,26.6744
"Plotosus lineatus","2015-07-10",34.9245,24.7794
"Plotosus lineatus","2014-09-20",36.9758,25.1698
"Plotosus lineatus","2022-04-01",35.5816,34.6827
"Plotosus lineatus","2015-06-03",35.2216,26.0116
"Plotosus lineatus","2018-09-20",37.1541,25.4486
"Plotosus lineatus","2015-06-03",35.1363,25.739
"Plotosus lineatus","2016-01-01",35.4892,12.5867
"Plotosus lineatus","2015-10-21",37.3705,24.463
"Plotosus lineatus","2016-06-03",34.9416,25.1911
"Plotosus lineatus","2022-01-01",36.417,35.881
"Plotosus lineatus","2019-07-03",37.801,23.792
"Plotosus lineatus","2015-07-21",34.9243,24.8015
"Plotosus lineatus","2015-07-22",36.0608,27.9905
"Plotosus lineatus","2015-07-21",34.9269,24.7977
"Plotosus lineatus","2014-08-10",34.73,33.3487
"Plotosus lineatus","2015-07-21",35.4719,27.1943
"Plotosus lineatus","2019-06-05",34.9543,26.1383
"Plotosus lineatus","2015-10-21",37.0326,24.6317
"Plotosus lineatus","2016-10-02",37.7788,23.7597
"Plotosus lineatus","2015-09-24",36.8737,25.6656
"Plotosus lineatus","2016-10-07",38.2619,15.6522
"Plotosus lineatus","2016-06-03",35.1762,25.7164
"Plotosus lineatus","2015-01-01",36.9433,27.1647
"Plotosus lineatus","2015-06-05",34.9518,26.1407
"Plotosus lineatus","2018-10-21",37.588,24.3786
"Plotosus lineatus","2017-06-04",35.1891,25.7341
"Plotosus lineatus","2022-01-01",36.2921,35.7815
"Plotosus lineatus","2018-09-20",36.7228,25.405
"Plotosus lineatus","2016-09-23",36.8809,25.5443
"Plotosus lineatus","2017-06-08",35.5849,24.1793
"Plotosus lineatus","2016-08-01",37.8065,23.8453
"Plotosus lineatus","2016-06-03",35.3052,25.7521
"Plotosus lineatus","2016-07-30",33.2736,35.1818
"Plotosus lineatus","2016-09-24",37.0871,25.8197
"Plotosus lineatus","2018-10-06",37.6584,25.1194
"Plotosus lineatus","2015-07-05",35.6927,34.5613
"Plotosus lineatus","2017-01-01",36.834,11.1135
"Plotosus lineatus","2014-10-21",37.2034,24.5278
"Plotosus lineatus","2015-10-11",37.4606,24.9599
"Plotosus lineatus","2019-06-06",34.8556,24.1303
"Plotosus lineatus","2015-04-18",37.9838,21.2551
"Plotosus lineatus","2014-04-11",37.6853,20.8768
"Plotosus lineatus","2014-09-19",36.6978,25.2952
"Plotosus lineatus","2015-05-01",35.617,35.75
"Plotosus lineatus","2014-07-26",35.6823,34.5793
"Plotosus lineatus","2018-09-23",36.8544,25.4949
"Plotosus lineatus","2019-01-01",38.9893,23.3825
"Plotosus lineatus","2019-01-11",37.723,26.5632
"Plotosus lineatus","2016-10-14",37.6886,23.5262
"Plotosus lineatus","2014-11-01",31.727,31.07
"Plotosus lineatus","2014-07-27",32.9115,22.1752
"Plotosus lineatus","2014-09-27",36.7748,24.5844
"Plotosus lineatus","2015-12-20",37.7265,23.5401
"Plotosus lineatus","2019-09-24",36.8109,25.7754
"Plotosus lineatus","2020-06-06",34.9137,24.7927
"Plotosus lineatus","2014-09-20",36.9997,25.2325
"Plotosus lineatus","2020-02-21",37.1163,10.9648
"Plotosus lineatus","2010-09-01",32.938,35.071
"Plotosus lineatus","2014-04-17",37.8983,21.1098
"Plotosus lineatus","2017-06-08",35.538,24.2046
"Plotosus lineatus","2020-10-21",37.3716,25.2352
"Plotosus lineatus","2015-07-30",37.0459,25.3176
"Plotosus lineatus","2015-06-03",35.0966,24.6523
"Plotosus lineatus","2017-06-04",35.3424,25.7771
"Plotosus lineatus","2018-09-20",36.7228,25.1794
"Plotosus lineatus","2015-07-10",34.9858,34.0769
"Plotosus lineatus","2018-09-19",37.0544,25.0701
"Plotosus lineatus","2018-07-18",35.3215,25.3926
"Plotosus lineatus","2019-06-06",35.0955,24.5902
"Plotosus lineatus","2017-09-23",37.0126,25.5795
"Plotosus lineatus","2016-10-02",37.862,23.7307
"Plotosus lineatus","2020-02-27",37.955,21.2203
"Plotosus lineatus","2019-10-21",37.1507,24.54
"Plotosus lineatus","2018-09-20",36.7927,25.2709
"Plotosus lineatus","2018-07-15",37.1054,25.3677
"Plotosus lineatus","2016-10-21",37.4055,24.3725
"Plotosus lineatus","2017-10-21",37.6868,24.3774
"Plotosus lineatus","2018-09-23",36.8232,25.4185
"Plotosus lineatus","2019-06-06",35.0786,24.7327
"Plotosus lineatus","2017-06-03",35.0027,25.7312
"Plotosus lineatus","2014-08-07",38.1494,20.785
"Plotosus lineatus","2019-06-05",35.2636,26.3303
"Plotosus lineatus","2022-01-01",35.9896,35.9585
"Plotosus lineatus","2015-10-24",37.7916,24.0832
"Plotosus lineatus","2015-01-01",37.104,10.368
"Plotosus lineatus","2017-02-21",37.1163,10.9648
"Plotosus lineatus","2018-06-09",35.5482,23.7245
"Plotosus lineatus","2014-01-01",39.1679,26.2039
"Plotosus lineatus","2015-10-11",37.3697,24.8741
"Plotosus lineatus","2015-07-25",35.5195,27.2012
"Plotosus lineatus","2014-09-23",36.8698,25.549
"Plotosus lineatus","2015-06-06",34.9305,24.7271
"Plotosus lineatus","2014-09-23",37.0841,25.6072
"Plotosus lineatus","2014-09-20",37.1421,25.1779
"Plotosus lineatus","2015-08-12",44.3322,9.2647
"Plotosus lineatus","2020-10-13",32.6561,14.2748
"Plotosus lineatus","2013-07-01",34.9526,26.1345
"Plotosus lineatus","2015-06-05",35.0919,26.2802
"Plotosus lineatus","2014-07-01",35.6618,11.0695
"Plotosus lineatus","2015-01-01",37.117,10.808
"Plotosus lineatus","2018-09-20",36.7962,25.2764
"Plotosus lineatus","2017-06-05",34.9992,26.0906
"Plotosus lineatus","2014-09-02",36.8336,11.1094
"Plotosus lineatus","2018-09-20",36.6983,25.2884
"Plotosus lineatus","2017-10-06",37.6853,25.0034
"Plotosus lineatus","2022-01-01",36.2383,35.8292
"Plotosus lineatus","2015-10-21",37.5989,24.3846
"Plotosus lineatus","2018-06-05",35.0067,26.088
"Plotosus lineatus","2014-09-20",37.1304,25.2886
"Plotosus lineatus","2014-10-21",37.4091,25.2046
"Plotosus lineatus","2015-07-25",35.518,27.2024
"Plotosus lineatus","2018-06-09",35.6249,23.7087
"Plotosus lineatus","2020-06-05",35.0305,26.2161
"Plotosus lineatus","2016-01-01",39.418,23.1633
"Plotosus lineatus","2019-10-06",37.6133,25.2583
"Plotosus lineatus","2014-07-17",35.0299,34.0456
"Plotosus lineatus","2014-11-01",31.43,33.696
"Plotosus lineatus","2019-01-01",37.2952,25.4978
"Plotosus lineatus","2017-10-21",37.6248,24.271
"Plotosus lineatus","2014-10-01",34.893,35.868
"Plotosus lineatus","2017-09-07",35.0591,34.0125
"Plotosus lineatus","2018-06-05",35.0132,26.01
"Plotosus lineatus","2016-04-28",40.6299,14.8219
"Plotosus lineatus","2014-07-26",36.0697,28.0519
"Plotosus lineatus","2014-07-04",34.9312,24.9659
"Plotosus lineatus","2014-06-05",35.1727,26.3176
"Plotosus lineatus","2017-06-04",35.3495,25.6707
"Plotosus lineatus","2019-09-20",36.9644,25.5641
"Plotosus lineatus","2015-07-01",35.1882,24.3624
"Plotosus lineatus","2018-09-24",36.7831,25.8455
"Plotosus lineatus","2015-09-24",36.9105,25.6498
"Plotosus lineatus","2019-10-06",37.5467,25.1144
"Plotosus lineatus","2017-06-05",35.1125,26.2855
"Plotosus lineatus","2020-06-07",34.8748,25.6754
"Plotosus lineatus","2018-07-31",33.2598,35.1975
"Plotosus lineatus","2019-10-06",37.5293,25.2223
"Plotosus lineatus","2014-04-23",35.0355,32.4247
"Plotosus lineatus","2013-01-01",37.1149,10.8015
"Plotosus lineatus","2017-05-15",35.3734,24.5285
"Plotosus lineatus","2018-09-20",36.8629,25.4919
"Plotosus lineatus","2015-06-03",35.1324,25.8276
"Plotosus lineatus","2017-04-06",35.3565,25.1521
"Plotosus lineatus","2015-01-01",37.1613,10.3553
"Plotosus lineatus","2017-06-05",35.0291,25.9723
"Plotosus lineatus","2001-01-01",31.74,34.57
"Plotosus lineatus","2014-09-24",37.7095,12.4687
"Plotosus lineatus","2019-06-06",35.0102,24.6172
"Plotosus lineatus","2014-09-24",36.8287,25.911
"Plotosus lineatus","2014-09-19",36.6598,25.3944
"Plotosus lineatus","2015-06-03",35.202,26.129
"Plotosus lineatus","2017-09-23",36.9461,25.5664
"Plotosus lineatus","2018-07-25",35.5175,27.2017
"Plotosus lineatus","2015-06-05",35.1059,26.2799
"Plotosus lineatus","2019-10-21",37.4402,25.2165
"Plotosus lineatus","2015-10-21",37.363,24.8899
"Plotosus lineatus","2022-01-01",36.8258,36.1684
"Plotosus lineatus","2020-08-01",36.3172,28.2097
"Plotosus lineatus","2019-10-21",37.419,25.3056
"Plotosus lineatus","2014-10-21",37.5194,24.8899
"Plotosus lineatus","2014-09-20",37.0854,25.3344
"Plotosus lineatus","2014-09-19",35.0373,25.9747
"Plotosus lineatus","2014-06-08",36.479,22.3993
"Plotosus lineatus","2018-10-21",37.5201,24.2832
"Plotosus lineatus","2019-01-01",37.3651,25.3852
"Plotosus lineatus","2019-01-01",37.1782,25.4113
"Plotosus lineatus","2014-04-17",37.9467,21.1371
"Plotosus lineatus","2014-07-05",35.2341,23.7192
"Plotosus lineatus","2018-09-20",36.8389,25.4115
"Plotosus lineatus","2018-06-09",35.5192,23.6524
"Plotosus lineatus","2015-10-21",37.1039,24.4959
"Plotosus lineatus","2017-10-21",37.2978,24.5326
"Plotosus lineatus","2016-07-12",35.4012,25.0345
"Plotosus lineatus","2015-04-18",38.2034,21.363
"Plotosus lineatus","2015-10-21",37.6871,24.376
"Plotosus lineatus","2015-07-23",43.7849,10.2405
"Plotosus lineatus","2019-06-06",34.8006,24.1287
"Plotosus lineatus","2016-01-01",35.7567,10.8379
"Plotosus lineatus","2011-07-10",35.3215,25.3926
"Plotosus lineatus","2019-01-11",37.6567,26.5281
"Plotosus lineatus","2019-10-06",37.6259,25.0084
"Plotosus lineatus","2015-06-03",35.1751,25.8846
"Plotosus lineatus","2014-09-20",36.6301,25.0671
"Plotosus lineatus","2020-06-07",34.8669,25.7155
"Plotosus lineatus","2015-10-21",37.6183,24.272
"Plotosus lineatus","2015-10-14",37.672,23.4663
"Plotosus lineatus","2014-10-06",35.5051,23.641
"Plotosus lineatus","2014-09-01",31.355,33.731
"Plotosus lineatus","2014-09-01",31.6605,31.271
"Plotosus lineatus","2014-09-24",36.7721,25.7644
"Plotosus lineatus","2016-06-05",35.0332,26.2251
"Plotosus lineatus","2018-09-23",36.9841,25.6372
"Plotosus lineatus","2015-04-18",37.9619,21.1441
"Plotosus lineatus","2014-09-23",36.848,25.5462
"Polymetme corythaeola","2020-02-01",41.95,3.5167
"Pomacanthus imperator","2018-02-01",35.5256,35.753
"Pomacanthus imperator","2017-06-01",35.3167,35.9167
"Pomacanthus imperator","2019-05-01",31.0867,28.4368
"Pomacanthus imperator","2019-04-01",36.365,35.8203
"Pomacanthus imperator","2009-11-01",32.817,34.942
"Pomacanthus imperator","2017-07-01",32.07,34.75
"Pomacanthus imperator","2023-01-01",36.7429,31.4019
"Pomacanthus imperator","2015-12-01",33.01,35.08
"Pomacanthus imperator","2022-08-01",33.4666,35.2787
"Pomacanthus imperator","2019-05-01",31.0895,28.438
"Pomacanthus maculosus","2018-07-01",35.0365,26.2457
"Pomacanthus maculosus","2011-07-01",32.827,34.952
"Pomacanthus maculosus","2019-07-01",35.9382,10.7218
"Pomacanthus maculosus","2018-08-01",31.68,34.55
"Pomacanthus maculosus","2020-09-01",31.2708,29.9882
"Pomacanthus maculosus","2019-09-01",31.3102,30.0733
"Pomacanthus maculosus","2009-09-01",33.773,35.466
"Pomacanthus maculosus","2015-08-01",32.151,34.703
"Pomacanthus maculosus","2019-08-01",31.2119,29.8841
"Pomacanthus maculosus","2020-05-01",31.2239,29.899
"Pomacanthus maculosus","2017-07-01",32.07,34.75
"Pomacanthus maculosus","2022-06-01",35.2283,35.9253
"Pomacanthus maculosus","2019-08-01",31.2108,29.8847
"Pomacanthus maculosus","2019-08-01",31.3099,30.0733
"Pomacanthus maculosus","2015-09-01",35.82,14.563
"Pomacanthus maculosus","2009-11-01",32.451,34.873
"Pomacanthus semicirculatus","2024-11-01",31.4746,30.1058
"Pomadasys argenteus","2022-02-01",32.394,15.301
"Pomadasys stridens","2020-08-19",35.3608,33.2036
"Pomadasys stridens","2019-08-14",36.4074,27.3584
"Pomadasys stridens","2020-08-09",36.3262,28.2145
"Pomadasys stridens","2018-08-25",35.4052,32.9178
"Pomadasys stridens","1973-01-01",31.18,33.18
"Pomadasys stridens","2017-08-17",35.3597,33.2003
"Pomadasys stridens","2019-08-27",35.3521,33.2511
"Pomadasys stridens","2018-08-26",36.3616,25.4041
"Pomadasys stridens","2018-08-03",36.5045,22.4888
"Pomadasys stridens","2017-08-16",35.3436,33.3542
"Pomadasys stridens","2019-08-05",37.6831,20.8706
"Pomadasys stridens","2019-08-12",36.4284,27.3575
"Pomadasys stridens","2018-08-16",39.9385,23.9499
"Pomadasys stridens","2017-08-06",35.5557,27.2096
"Pomadasys stridens","2019-02-01",36.6137,27.8843
"Pomadasys stridens","2020-08-24",35.3623,33.1945
"Pomadasys stridens","2019-08-30",37.8614,24.7572
"Pomadasys stridens","1968-01-01",44.38,8.88
"Pomadasys stridens","2017-08-16",35.2365,23.7204
"Pomadasys stridens","2017-08-26",35.4003,32.9159
"Pomadasys stridens","2014-08-25",35.0974,26.2642
"Pomadasys stridens","2019-08-21",37.6709,23.9398
"Pomadasys stridens","2019-08-01",33.2541,35.1841
"Pomadasys stridens","2014-01-01",36.8,35.89
"Pomadasys stridens","2016-01-01",35.9052,27.8329
"Pomadasys stridens","2019-08-13",37.0096,26.9402
"Pomadasys stridens","2019-08-10",35.4751,27.1971
"Pomadasys stridens","2014-01-01",36.82,35.87
"Pomadasys stridens","2018-01-01",36.5525,34.3235
"Pomadasys stridens","2017-08-09",37.7804,26.8898
"Pomadasys stridens","2017-08-22",37.7634,23.7632
"Pomadasys stridens","2018-08-09",36.3262,28.2145
"Pomadasys stridens","2019-08-13",35.3428,33.3473
"Pomadasys stridens","2017-08-06",37.6225,26.3062
"Pomadasys stridens","2020-08-08",35.4476,25.2435
"Pomadasys stridens","2017-08-07",36.4295,22.4861
"Pomadasys stridens","2014-08-11",37.9081,20.7097
"Pomadasys stridens","2014-11-01",35.9164,35.7889
"Pomadasys stridens","2017-08-06",36.6976,22.3822
"Pomadasys stridens","2019-08-18",37.6824,20.8744
"Pomadasys stridens","2018-08-23",38.6226,20.6834
"Pomadasys stridens","2020-08-05",36.9738,25.3819
"Pomadasys stridens","2018-08-21",39.2785,20.3894
"Pomadasys stridens","2014-09-01",34.964,34.083
"Pomadasys stridens","2019-01-01",36.5525,34.3235
"Pomadasys stridens","2014-08-28",34.9898,25.3553
"Pomadasys stridens","2011-09-01",36.491,35.425
"Pomadasys stridens","2019-08-10",37.931,20.7055
"Pomadasys stridens","2017-08-10",35.2012,24.1195
"Pomadasys stridens","2019-08-01",37.0986,25.345
"Pomadasys stridens","2017-08-12",35.0446,34.0319
"Pomadasys stridens","2014-08-07",34.8769,25.7213
"Pomadasys stridens","2020-01-01",36.5525,34.3235
"Pomadasys stridens","2017-08-04",35.362,33.1991
"Pomadasys stridens","2009-01-01",36.817,35.9
"Pomadasys stridens","2011-09-01",36.73,35.821
"Pomadasys stridens","2019-08-05",35.363,33.1968
"Pomadasys stridens","2017-08-13",36.4207,27.3346
"Pomadasys stridens","2011-09-01",36.124,35.889
"Pomadasys stridens","2019-08-15",36.4323,27.3934
"Pomadasys stridens","2017-01-01",36.5525,34.3235
"Pomadasys stridens","2019-08-24",36.361,25.4027
"Pomadasys stridens","2017-08-22",39.2709,20.4169
"Pomadasys stridens","2020-08-12",35.3596,33.1819
"Pomadasys stridens","2017-08-21",35.4718,27.1942
"Pomadasys stridens","2017-08-20",38.7544,20.7939
"Priacanthus arenatus","1979-01-01",39.033,9.183
"Priacanthus hamrur","2017-12-01",37.02,27.395
"Priacanthus hamrur","2024-02-01",36.159,33.751
"Priacanthus hamrur","1980-01-01",35.511,11.063
"Priacanthus hamrur","2022-02-01",35.15,35.8833
"Priacanthus prolixus","2016-11-01",36.55,35.85
"Priacanthus sagittarius","2020-08-20",38.7656,20.8205
"Priacanthus sagittarius","2018-08-01",36.3233,28.2115
"Priacanthus sagittarius","2019-08-06",37.3965,24.8758
"Priacanthus sagittarius","2025-01-22",36.67883,28.92128
"Priacanthus sagittarius","2017-08-04",34.8894,33.6508
"Priacanthus sagittarius","2025-06-09",35.51964,34.13776
"Priacanthus sagittarius","2010-10-01",32.842,35.041
"Priacanthus sagittarius","2017-12-01",36.117,33.851
"Priacanthus sagittarius","2019-08-21",34.9245,24.7796
"Priacanthus sagittarius","2009-11-01",32.161,34.764
"Priacanthus sagittarius","2018-08-13",36.5905,27.2081
"Priacanthus sagittarius","2015-05-01",31.286,29.916
"Priacanthus sagittarius","2018-08-18",35.4172,24.7869
"Priacanthus sagittarius","2018-03-01",36.2521,35.4855
"Priacanthus sagittarius","2022-07-01",36.1003,33.6203
"Psenes pellucidus","2017-08-07",37.0715,25.5876
"Psenes pellucidus","1995-01-01",43.072,5.775
"Psenes pellucidus","1995-01-01",39.643,2.291
"Psenes pellucidus","2022-02-01",35.9599,14.34
"Psenes pellucidus","2005-01-01",38.857,8.41
"Psenes pellucidus","1995-01-01",39.301,2.436
"Psenes pellucidus","2002-12-01",38.235,15.575
"Psenes pellucidus","2022-03-01",35.8934,14.526
"Psenes pellucidus","2014-05-01",35.169,11.156
"Psenes pellucidus","2002-12-01",38.236,15.577
"Psenes pellucidus","2015-01-01",38.2332,15.6361
"Pseudochromis persicus","2024-10-14",32.8341,34.969
"Pseudotolithus senegallus","2017-08-01",31.2992,32.3726
"Pseudupeneus prayensis","2020-08-10",36.3848,25.7986
"Pseudupeneus prayensis","2001-07-01",41.84,3.131
"Pseudupeneus prayensis","1981-07-01",36.637,-4.39
"Pseudupeneus prayensis","2016-12-01",34.538,35.677
"Pseudupeneus prayensis","2020-08-10",35.011,25.84
"Pseudupeneus prayensis","2010-05-01",37.485,9.304
"Pteragogus trispilus","1994-01-01",36.459,28.062
"Pteragogus trispilus","2007-01-01",36.725,27.994
"Pteragogus trispilus","1992-01-01",36.409,28.27
"Pteragogus trispilus","2001-04-01",34.249,35.656
"Pteragogus trispilus","2008-01-01",36.426,28.185
"Pteragogus trispilus","2011-09-01",35.369,25.121
"Pteragogus trispilus","2019-06-28",35.009,25.8308
"Pteragogus trispilus","2008-01-01",36.424,28.136
"Pteragogus trispilus","2015-01-01",36.427,28.192
"Pteragogus trispilus","2008-01-01",35.914,27.736
"Pteragogus trispilus","2008-01-01",36.134,27.707
"Pteragogus trispilus","2008-01-01",36.045,27.969
"Pteragogus trispilus","2013-12-01",30.8279,29.0069
"Pteragogus trispilus","2021-08-31",35.0976,24.6916
"Pteragogus trispilus","2018-04-01",36.4333,35.9
"Pteragogus trispilus","2020-08-13",34.8709,24.0714
"Pteragogus trispilus","2006-07-29",33.2613,35.1842
"Pteragogus trispilus","2017-07-04",34.9312,24.9659
"Pteragogus trispilus","1994-01-01",36.439,28.243
"Pteragogus trispilus","2010-09-01",32.443,34.824
"Pteragogus trispilus","1995-01-01",36.525,28.243
"Pteragogus trispilus","2019-06-10",36.2442,27.7764
"Pteragogus trispilus","2021-02-01",31.7528,25.0917
"Pteragogus trispilus","2009-06-01",37.438,23.113
"Pteragogus trispilus","2014-06-01",37.841,27.223
"Pteragogus trispilus","2021-01-01",37.6667,21.3039
"Pteragogus trispilus","2021-08-24",37.6437,21.321
"Pteragogus trispilus","1997-01-01",35.418,33.12
"Pteragogus trispilus","2021-01-01",37.7999,23.7889
"Pteragogus trispilus","2014-02-01",34.908,35.836
"Pteragogus trispilus","2014-04-01",36.385,28.247
"Pteragogus trispilus","2018-07-29",33.2541,35.1841
"Pteragogus trispilus","2010-09-01",32.731,34.891
"Pteragogus trispilus","2019-09-01",36.4254,28.1646
"Pteragogus trispilus","2019-01-01",36.2519,28.1803
"Pteragogus trispilus","2013-04-01",36.183,29.643
"Pteragogus trispilus","2013-12-01",30.8281,29.0127
"Pteragogus trispilus","2009-02-05",36.0734,28.0149
"Pteragogus trispilus","2019-05-01",36.4254,28.1646
"Pteragogus trispilus","2021-08-22",36.5826,27.8723
"Pteragogus trispilus","2016-02-01",36.8682,10.3599
"Pteragogus trispilus","2018-07-28",36.3452,25.4679
"Pteragogus trispilus","2010-07-01",31.227,29.922
"Pteragogus trispilus","2019-02-01",36.4467,28.2064
"Pteragogus trispilus","2020-07-01",36.4467,28.2064
"Pteragogus trispilus","2002-09-01",36.629,27.965
"Pteragogus trispilus","2016-02-01",36.871,10.359
"Pteragogus trispilus","2016-01-01",36.2519,28.1803
"Pteragogus trispilus","2022-01-01",37.7999,23.7889
"Pteragogus trispilus","2024-07-01",35.5479,12.3169
"Pteragogus trispilus","2005-08-01",35.371,25.135
"Pteragogus trispilus","1998-08-01",36.309,33.873
"Pteragogus trispilus","2022-01-01",35.9885,14.3277
"Pteragogus trispilus","2022-01-01",37.6667,21.3039
"Pteragogus trispilus","2021-08-26",34.9511,24.7539
"Pteragogus trispilus","1993-01-01",36.158,27.666
"Pteragogus trispilus","2023-08-01",35.5505,12.3933
"Pteragogus trispilus","1991-07-01",32.844,35.044
"Pteragogus trispilus","2021-08-19",35.0175,25.8578
"Pteragogus trispilus","2011-07-29",33.2524,35.1834
"Pteragogus trispilus","2019-08-01",35.2431,35.92
"Pteragogus trispilus","2020-08-19",35.0136,34.0589
"Pteragogus trispilus","2014-09-01",34.997,34.069
"Pteragogus trispilus","2017-08-03",35.0107,26.1544
"Pteragogus trispilus","2010-08-01",37.673,23.167
"Pteragogus trispilus","2020-08-11",36.816,21.7062
"Pterois miles","2021-04-01",31.2869,30.0101
"Pterois miles","2024-12-01",42.9242,17.3431
"Pterois miles","2018-01-01",34.9377,25.0859
"Pterois miles","2017-04-01",36.4283,28.2403
"Pterois miles","2018-01-01",37.44223,24.94282
"Pterois miles","2019-10-18",35.9136,14.5082
"Pterois miles","2020-09-29",35.1464,33.9521
"Pterois miles","2019-01-01",35.2671,26.2639
"Pterois miles","2018-01-01",34.93774,25.0859
"Pterois miles","2020-09-20",36.6625,25.1369
"Pterois miles","2020-07-25",35.6816,34.5797
"Pterois miles","2019-08-29",36.3501,25.3821
"Pterois miles","2019-01-01",36.75221,24.66672
"Pterois miles","2024-09-03",43.0731,16.2553
"Pterois miles","2020-01-01",36.9266,26.9401
"Pterois miles","2021-01-01",36.9747,27.0271
"Pterois miles","2020-10-24",34.9908,24.7429
"Pterois miles","2016-01-01",33.844,35.463
"Pterois miles","2017-01-01",34.9614,34.0633
"Pterois miles","2024-12-16",42.979,17.102
"Pterois miles","2021-02-27",32.0707,34.7026
"Pterois miles","2024-08-30",43.3678,16.2769
"Pterois miles","2020-01-01",37.4226,24.866
"Pterois miles","2020-09-01",37.6483,20.8169
"Pterois miles","2016-01-01",34.099,35.647
"Pterois miles","2020-10-04",35.9559,27.891
"Pterois miles","2019-01-01",36.1625,29.6282
"Pterois miles","2020-01-01",34.7033,33.1416
"Pterois miles","2016-01-01",33.808,35.462
"Pterois miles","2016-01-01",34.482,35.778
"Pterois miles","2020-09-08",34.9913,25.4522
"Pterois miles","2023-11-01",38.1801,15.6395
"Pterois miles","2013-01-01",34.7081,33.1371
"Pterois miles","2020-01-01",36.7522,24.6667
"Pterois miles","2016-01-01",33.937,35.447
"Pterois miles","2019-01-01",35.59432,24.08747
"Pterois miles","2019-01-01",36.8799,22.2336
"Pterois miles","2024-07-01",40.3698,17.3053
"Pterois miles","2020-01-01",37.81522,23.80196
"Pterois miles","2020-02-14",31.92,34.6733
"Pterois miles","2020-01-01",37.7807,26.8922
"Pterois miles","2020-01-01",35.01747,25.85778
"Pterois miles","2019-08-16",35.3436,33.3542
"Pterois miles","2019-01-01",35.2645,26.2639
"Pterois miles","2019-01-01",36.8767,27.3503
"Pterois miles","2020-09-17",37.0184,25.0873
"Pterois miles","2020-01-01",35.0548,34.0216
"Pterois miles","2021-05-01",31.2869,30.0101
"Pterois miles","2019-01-01",36.48616,22.5113
"Pterois miles","2015-08-01",33.905,35.485
"Pterois miles","2020-01-01",34.9965,25.7772
"Pterois miles","2020-01-01",36.4288,22.4862
"Pterois miles","2017-01-01",34.96,34.0604
"Pterois miles","2020-01-01",34.7035,33.1467
"Pterois miles","2019-07-24",35.6927,34.5604
"Pterois miles","2020-08-01",37.7237,20.9342
"Pterois miles","2020-09-27",37.8188,23.7657
"Pterois miles","2019-09-20",37.1541,25.4486
"Pterois miles","2020-01-01",36.3848,25.7986
"Pterois miles","2021-07-01",31.1865,27.631
"Pterois miles","2023-08-01",40.3691,17.3051
"Pterois miles","2024-08-29",42.7486,16.8125
"Pterois miles","2020-01-01",37.0096,26.9402
"Pterois miles","2020-09-19",36.6978,25.2952
"Pterois miles","2019-09-19",37.0131,25.0903
"Pterois miles","2019-01-01",36.15253,22.96418
"Pterois miles","2016-01-01",33.891,35.459
"Pterois miles","2020-12-19",32.2192,34.6946
"Pterois miles","2019-04-27",34.9528,25.1378
"Pterois miles","2020-02-26",31.8705,34.6467
"Pterois miles","2020-08-01",40.8511,17.4528
"Pterois miles","2020-01-01",36.36151,25.40462
"Pterois miles","2021-07-01",31.2869,30.0101
"Pterois miles","2021-08-16",35.3436,33.3542
"Pterois miles","2017-01-01",36.5745,30.6245
"Pterois miles","2022-01-01",35.18,33.9139
"Pterois miles","2020-01-01",37.6371,26.1601
"Pterois miles","2024-10-06",42.9,16.908
"Pterois miles","2020-01-01",36.7825,25.8513
"Pterois miles","2024-07-01",38.185,15.6336
"Pterois miles","2020-09-20",35.3597,33.2001
"Pterois miles","2020-01-01",36.36158,25.40407
"Pterois miles","2018-01-01",36.22336,27.61403
"Pterois miles","2020-01-01",35.0095,26.1561
"Pterois miles","2019-07-10",36.6617,28.8513
"Pterois miles","2016-01-01",33.88,35.46
"Pterois miles","2019-12-22",36.9357,14.2973
"Pterois miles","2015-08-01",34.886,33.651
"Pterois miles","2019-01-01",35.1222,33.9608
"Pterois miles","2020-08-01",37.7046,20.9427
"Pterois miles","2021-01-01",36.497,22.4944
"Pterois miles","2019-01-01",35.3301,25.3872
"Pterois miles","2017-01-01",34.5924,33.0276
"Pterois miles","2023-08-01",42.9788,17.0197
"Pterois miles","2017-01-01",34.8645,33.6505
"Pterois miles","2019-11-09",35.3102,25.5201
"Pterois miles","2020-01-01",36.77624,24.55746
"Pterois miles","2019-01-01",37.6765,23.475
"Pterois miles","2015-06-01",33.905,35.485
"Pterois miles","2021-01-19",32.892,34.9127
"Pterois miles","2020-01-01",34.6447,33.0208
"Pterois miles","2020-09-25",38.9879,26.3094
"Pterois miles","2020-01-01",36.9156,21.6962
"Pterois miles","2020-03-27",31.9492,34.4685
"Pterois miles","2020-01-01",37.09961,25.79408
"Pterois miles","2020-01-01",34.9934,24.7437
"Pterois miles","2019-02-19",36.1642,28.0967
"Pterois miles","2021-09-10",34.9834,25.3058
"Pterois miles","2020-10-10",37.7687,23.4288
"Pterois miles","2019-07-10",36.6617,28.8513
"Pterois miles","2019-01-01",35.33724,25.3868
"Pterois miles","2023-09-01",39.37,17.139
"Pterois miles","2016-01-01",33.817,35.456
"Pterois miles","2020-01-19",32.9392,34.9553
"Pterois miles","2021-03-25",32.1337,34.66
"Pterois miles","2019-01-01",37.8841,20.7234
"Pterois miles","2020-01-01",37.8802,24.7469
"Pterois miles","2018-07-14",35.3632,33.566
"Pterois miles","2019-01-01",34.99654,24.74659
"Pterois miles","2020-01-01",37.7644,23.8727
"Pterois miles","2024-06-19",42.3922,18.5336
"Pterois miles","2024-08-15",42.7719,17.3328
"Pterois miles","2019-10-31",36.0044,14.325
"Pterois miles","2019-01-01",36.1621,29.6243
"Pterois miles","2020-10-10",37.49,8.894
"Pterois miles","2019-12-16",35.8193,14.4518
"Pterois miles","2019-09-15",35.3611,33.1886
"Pterois miles","2019-09-05",34.9515,24.7543
"Pterois miles","2020-02-21",31.9492,34.4685
"Pterois miles","2019-01-01",35.4184,25.0216
"Pterois miles","2021-04-18",32.019,34.7185
"Pterois miles","2016-01-01",34.55,33.017
"Pterois miles","2024-09-03",43.0217,16.2414
"Pterois miles","2024-11-01",38.0376,15.6551
"Pterois miles","2022-01-01",35.18,33.9139
"Pterois miles","2021-08-01",30.9496,28.8284
"Pterois miles","2016-01-01",33.799,35.441
"Pterois miles","2019-01-01",34.8681,24.0917
"Pterois miles","2017-01-01",36.5961,30.6027
"Pterois miles","2021-01-01",39.428,19.9394
"Pterois miles","2020-08-11",36.147,29.604
"Pterois miles","2020-03-31",31.965,34.6573
"Pterois miles","2020-01-27",31.9492,34.6866
"Pterois miles","2016-01-01",35.9194,27.8566
"Pterois miles","2015-01-01",35.3433,35.8908
"Pterois miles","2018-10-27",34.9928,24.7431
"Pterois miles","2021-09-03",34.9407,25.0513
"Pterois miles","2019-01-01",37.0155,26.9381
"Pterois miles","2020-04-24",32.0257,34.6786
"Pterois miles","2016-01-01",34.486,35.775
"Pterois miles","2020-07-01",36.4467,28.2064
"Pterois miles","2020-01-01",34.9659,34.0199
"Pterois miles","2019-01-01",36.45459,25.40415
"Pterois miles","2016-01-01",34.086,35.618
"Pterois miles","2020-09-20",36.6975,25.0922
"Pterois miles","2015-01-01",36.7964,28.5951
"Pterois miles","2025-01-08",43.3047,17.0011
"Pterois miles","2018-10-18",40.6623,23.8715
"Pterois miles","2019-01-01",36.15298,29.59861
"Pterois miles","2018-08-02",35.291,26.2955
"Pterois miles","2016-01-01",36.7964,28.5951
"Pterois miles","2024-07-23",43.3167,16.4089
"Pterois miles","2019-01-01",35.5943,24.0875
"Pterois miles","2019-07-07",37.733,21.2585
"Pterois miles","2020-01-01",36.4083,28.2301
"Pterois miles","2020-09-05",35.0375,24.6777
"Pterois miles","2021-10-22",35.4167,25.0196
"Pterois miles","2020-01-01",35.291,26.2955
"Pterois miles","2018-01-01",36.51936,26.30417
"Pterois miles","2020-10-02",36.8949,22.2196
"Pterois miles","2020-04-29",32.1337,34.66
"Pterois miles","2015-01-01",36.3684,34.1269
"Pterois miles","2020-10-27",35.1464,33.9521
"Pterois miles","2020-11-01",31.2351,29.9763
"Pterois miles","2019-08-26",36.9724,26.2703
"Pterois miles","2019-09-10",34.9834,25.3058
"Pterois miles","2017-07-01",36.2279,27.6251
"Pterois miles","2019-06-12",37.6495,20.8128
"Pterois miles","2019-01-01",35.8959,27.2399
"Pterois miles","2020-01-01",35.9559,27.891
"Pterois miles","2015-07-01",34.55,33.017
"Pterois miles","2017-01-01",36.5854,26.424
"Pterois miles","2020-01-01",35.32395,25.39056
"Pterois miles","2020-12-07",35.0554,32.265
"Pterois miles","2022-01-01",37.6675,21.3023
"Pterois miles","2015-07-01",33.905,35.485
"Pterois miles","2017-08-01",35.4075,27.1531
"Pterois miles","2020-01-01",34.5533,33.0302
"Pterois miles","2021-09-14",36.8842,22.2345
"Pterois miles","2020-09-20",36.7228,25.405
"Pterois miles","2018-01-01",35.2545,26.2652
"Pterois miles","2015-01-01",36.3855,28.2458
"Pterois miles","2016-01-01",34.399,35.73
"Pterois miles","2020-01-01",37.2978,24.3834
"Pterois miles","2019-01-01",36.3632,25.39689
"Pterois miles","2021-09-23",36.8809,25.5443
"Pterois miles","2020-01-01",35.1009,24.5629
"Pterois miles","2015-01-01",36.1507,29.6533
"Pterois miles","2021-09-25",38.9763,26.3282
"Pterois miles","2019-03-27",36.7772,14.5419
"Pterois miles","2014-11-01",34.802,33.601
"Pterois miles","2019-10-11",37.7916,24.0832
"Pterois miles","2016-01-01",36.4602,30.5491
"Pterois miles","2021-09-23",37.0712,25.692
"Pterois miles","2018-01-01",35.8662,12.8816
"Pterois miles","2020-01-01",34.92519,24.77858
"Pterois miles","2016-01-01",33.901,35.469
"Pterois miles","2014-01-01",36.6045,30.5671
"Pterois miles","2020-10-08",34.9695,25.2713
"Pterois miles","2021-09-19",36.7707,25.2505
"Pterois miles","2018-01-01",36.43035,28.23926
"Pterois miles","2021-01-01",35.0095,26.1561
"Pterois miles","2015-03-01",34.885,33.651
"Pterois miles","2020-01-01",36.24452,28.16786
"Pterois miles","2019-01-01",36.8024,15.1
"Pterois miles","2015-01-01",36.1621,29.6243
"Pterois miles","2021-10-01",31.2541,29.9739
"Pterois miles","2019-01-01",36.4862,22.5113
"Pterois miles","2015-01-01",35.5427,34.1098
"Pterois miles","2020-09-19",36.9434,25.0794
"Pterois miles","2020-01-01",32.08,24.0137
"Pterois miles","2016-04-17",31.9492,34.6866
"Pterois miles","2019-02-06",36.3221,28.2107
"Pterois miles",NA,32.0527,34.6919
"Pterois miles","2015-01-01",36.1625,29.6282
"Pterois miles","2018-01-01",36.1625,29.6282
"Pterois miles","2020-01-01",36.36151,25.40421
"Pterois miles","2016-01-01",35.1908,24.3911
"Pterois miles","2020-01-01",36.8842,22.2345
"Pterois miles","2018-01-01",35.511,27.2109
"Pterois miles","2020-09-20",36.7962,25.2764
"Pterois miles","2008-01-01",39.87257,25.05509
"Pterois miles","2020-01-01",35.0787,24.7392
"Pterois miles","2019-06-04",37.6481,20.8456
"Pterois miles","2014-01-01",36.1507,29.6533
"Pterois miles","2019-01-01",36.74726,24.65678
"Pterois miles","2018-01-01",34.9685,33.9061
"Pterois miles","2020-02-12",31.9492,34.6467
"Pterois miles","2015-09-01",34.9859,34.0766
"Pterois miles","2021-09-20",37.7641,23.8726
"Pterois miles","2021-07-04",35.6935,34.5629
"Pterois miles","2021-10-02",31.92,34.6254
"Pterois miles","2019-01-01",35.8716,12.8806
"Pterois miles","2015-01-01",36.1267,29.6848
"Pterois miles","2020-01-01",36.9738,25.3819
"Pterois miles","2018-01-01",36.1507,29.6533
"Pterois miles","2016-01-01",34.7259,33.3413
"Pterois miles","2016-01-01",33.994,35.591
"Pterois miles","2022-09-01",35.013,34.0635
"Pterois miles","2018-01-01",36.2227,27.6125
"Pterois miles","2014-11-01",33.888,35.454
"Pterois miles","2018-01-01",35.51701,24.02539
"Pterois miles","2020-05-11",35.3605,33.1938
"Pterois miles","2022-01-01",38.0976,20.8084
"Pterois miles","2019-06-09",37.7064,20.9336
"Pterois miles","2020-01-01",37.6223,26.3061
"Pterois miles","2020-09-24",37.0745,25.7081
"Pterois miles","2024-12-15",42.62,18.1928
"Pterois miles","2014-08-01",34.653,33.034
"Pterois miles","2019-01-01",36.4862,22.5113
"Pterois miles","2017-01-01",36.58541,26.42398
"Pterois miles","2016-01-01",34.11,35.616
"Pterois miles","2016-01-01",34.296,35.668
"Pterois miles","2018-01-01",35.8635,12.854
"Pterois miles","2020-01-01",35.4071,25.019
"Pterois miles","2021-02-21",32.1922,34.6547
"Pterois miles","2020-01-01",36.4801,22.3992
"Pterois miles","2018-06-01",36.5095,23.057
"Pterois miles","2020-01-01",38.7899,20.8452
"Pterois miles","2016-01-01",33.9152,35.4859
"Pterois miles","2016-01-01",36.8018,28.5492
"Pterois miles","2022-01-01",36.5608,27.154
"Pterois miles","2024-08-11",43.3194,16.4061
"Pterois miles","2024-01-01",42.7591,17.7814
"Pterois miles","2020-01-01",35.1009,24.5629
"Pterois miles","2019-01-01",36.3632,25.3969
"Pterois miles","2020-01-01",36.87353,25.89246
"Pterois miles","2019-06-05",37.6482,20.8457
"Pterois miles","2017-01-01",36.5105,35.3817
"Pterois miles","2020-01-01",34.587,32.9369
"Pterois miles","2020-09-20",36.9165,25.4396
"Pterois miles","2021-01-01",39.1267,23.7312
"Pterois miles","2019-08-05",35.043,34.0347
"Pterois miles","2022-05-01",35.3625,33.079
"Pterois miles","2016-01-01",36.0973,28.0914
"Pterois miles","2018-01-01",36.09021,28.09201
"Pterois miles","2022-01-01",38.0911,20.8041
"Pterois miles","2019-01-01",37.6533,20.8073
"Pterois miles","2020-01-01",35.1556,25.7704
"Pterois miles","2016-01-01",35.0097,34.0643
"Pterois miles","2018-01-01",36.7542,27.8919
"Pterois miles","2019-04-20",35.3671,25.1388
"Pterois miles","2020-01-01",34.96988,25.2714
"Pterois miles","2019-08-26",39.7931,19.9594
"Pterois miles","2017-01-01",34.6001,33.1112
"Pterois miles","2024-09-24",43.3839,16.2153
"Pterois miles","2016-09-01",36.801,15.099
"Pterois miles","2019-01-29",32.2462,34.676
"Pterois miles","2014-10-01",33.905,35.485
"Pterois miles","2024-12-11",42.6001,18.2273
"Pterois miles","2016-01-01",34.9995,34.0677
"Pterois miles","2019-01-01",36.7748,24.5827
"Pterois miles","2019-05-03",35.9678,14.3215
"Pterois miles","2018-09-03",36.9637,21.9266
"Pterois miles","2021-09-24",37.7192,20.7353
"Pterois miles","2021-10-29",35.0074,25.7475
"Pterois miles","2019-06-11",37.703,20.9428
"Pterois miles","2024-10-15",42.715,17.5617
"Pterois miles","2020-01-01",34.9806,34.073
"Pterois miles","2020-01-20",32.721,34.8648
"Pterois miles","2019-01-01",36.8799,22.2336
"Pterois miles","2016-01-01",36.21,30.47
"Pterois miles","2019-01-01",34.9592,33.8982
"Pterois miles","2018-01-01",36.8649,22.2462
"Pterois miles","2018-12-01",31.8174,25.0544
"Pterois miles","2016-01-01",33.574,35.365
"Pterois miles","2020-01-01",34.9989,24.7465
"Pterois miles","2015-01-01",36.1452,29.6513
"Pterois miles","2019-01-01",36.13218,22.98983
"Pterois miles","2017-01-01",36.1948,29.6122
"Pterois miles","2017-01-01",36.7204,34.6821
"Pterois miles","2020-01-01",38.1494,20.785
"Pterois miles","2016-01-01",34.5666,32.9948
"Pterois miles","2016-01-01",33.933,35.581
"Pterois miles","2020-09-20",37.0497,25.2799
"Pterois miles","2020-01-01",37.7804,26.8898
"Pterois miles","2020-01-01",37.66098,23.99474
"Pterois miles","2020-09-15",35.3611,33.1886
"Pterois miles","2020-01-01",34.6353,33.0108
"Pterois miles","2019-10-08",34.9695,25.2713
"Pterois miles","2019-02-07",36.9513,14.2832
"Pterois miles","2019-01-01",36.3802,28.2396
"Pterois miles","2021-03-23",32.1607,34.668
"Pterois miles","2024-10-01",43.3983,16.1914
"Pterois miles","2021-01-27",32.9662,34.9393
"Pterois miles","2021-01-01",35.1143,24.5511
"Pterois miles","2020-01-01",37.8188,23.7657
"Pterois miles","2021-04-21",32.019,34.676
"Pterois miles","2015-01-01",31.9964,34.7015
"Pterois miles","2020-01-01",37.6225,26.3062
"Pterois miles","2021-01-01",36.8194,15.1088
"Pterois miles","2020-07-01",36.3559,28.2309
"Pterois miles","2020-01-28",31.92,34.6733
"Pterois miles","2016-01-01",34.499,35.777
"Pterois miles","2024-09-03",43.3806,16.2419
"Pterois miles","2016-01-01",34.885,33.651
"Pterois miles","2019-01-01",36.38023,28.23964
"Pterois miles","2020-07-24",35.6927,34.5604
"Pterois miles","2020-01-01",34.9908,24.7429
"Pterois miles","2022-01-01",36.8815,22.2333
"Pterois miles","2020-01-01",36.38477,25.79856
"Pterois miles","2016-01-01",36.6444,29.0917
"Pterois miles","2024-11-12",43.325,16.4006
"Pterois miles","2019-03-20",36.0292,14.2152
"Pterois miles","2020-01-01",37.6454,21.32625
"Pterois miles","2019-01-01",36.1328,22.99
"Pterois miles","2016-01-01",36.0948,28.0868
"Pterois miles","2020-01-01",37.6455,21.3261
"Pterois miles","2021-09-11",35.3589,33.1777
"Pterois miles","2024-08-12",43.3183,16.4075
"Pterois miles","2020-09-24",36.8554,25.9522
"Pterois miles","2020-08-19",35.3608,33.2036
"Pterois miles","2018-01-01",36.9264,26.9692
"Pterois miles","2016-01-01",34.934,33.65
"Pterois miles","2019-01-01",35.41666,25.02003
"Pterois miles","2024-12-03",43.4808,16.0789
"Pterois miles","2022-01-01",35.3625,33.079
"Pterois miles","2019-07-29",33.2541,35.1841
"Pterois miles","2021-09-01",31.2267,29.9371
"Pterois miles","2020-02-27",32.1045,34.6254
"Pterois miles","2021-01-01",38.0911,20.8041
"Pterois miles","2019-01-01",35.0095,26.1561
"Pterois miles","2020-01-01",36.41045,28.23904
"Pterois miles","2020-03-25",31.965,34.6573
"Pterois miles","2021-01-01",31.2541,29.9739
"Pterois miles","2020-01-01",36.3795,28.2395
"Pterois miles","2024-01-01",43.0786,16.2032
"Pterois miles","2020-01-01",36.7057,21.8857
"Pterois miles","2020-12-08",35.0748,32.3341
"Pterois miles","2018-01-01",35.22098,23.67229
"Pterois miles","2020-02-01",36.3559,28.2309
"Pterois miles","2021-01-29",32.5432,34.8622
"Pterois miles","2019-01-01",36.54063,22.39096
"Pterois miles","2024-05-01",39.6221,16.6874
"Pterois miles","2016-01-01",34.3,35.667
"Pterois miles","2021-01-01",35.1711,24.4097
"Pterois miles","2021-04-18",31.9492,34.6866
"Pterois miles","2024-06-12",42.7803,16.8394
"Pterois miles","2020-04-20",31.9492,34.6866
"Pterois miles","2021-01-31",32.1337,34.7345
"Pterois miles","2018-08-01",35.0983,26.264
"Pterois miles","2017-08-05",35.042,34.0441
"Pterois miles","2017-01-01",35.4593,27.2109
"Pterois miles","2020-01-01",34.9643,34.0745
"Pterois miles","2021-03-24",32.1045,34.652
"Pterois miles","2021-09-24",37.0871,25.8197
"Pterois miles","2020-01-01",35.18818,24.36238
"Pterois miles","2019-01-01",36.8621,22.2494
"Pterois miles","2019-09-16",35.3583,33.1878
"Pterois miles","2019-01-01",35.00863,25.74217
"Pterois miles","2020-01-01",37.8614,24.7572
"Pterois miles","2019-01-01",36.4286,22.4858
"Pterois miles","2019-01-01",36.42894,22.48592
"Pterois miles","2024-09-28",43.1931,16.4311
"Pterois miles","2025-03-01",38.6932,16.5471
"Pterois miles","2016-01-01",34.818,33.634
"Pterois miles","2020-01-01",37.4835,24.4176
"Pterois miles","2019-05-21",39.9815,19.901
"Pterois miles","2022-09-01",35.3674,33.3419
"Pterois miles","2019-01-01",37.6586,20.8043
"Pterois miles","2019-01-01",36.4006,22.4879
"Pterois miles","2017-01-01",36.4265,28.239
"Pterois miles","2016-01-01",34.47,35.829
"Pterois miles","2016-01-01",34.483,35.77
"Pterois miles","2019-06-03",35.1279,25.7444
"Pterois miles","2019-05-30",35.1279,25.7444
"Pterois miles","2020-04-17",32.019,34.7185
"Pterois miles","2024-10-01",43.0711,16.2081
"Pterois miles","2019-01-01",37.886,20.7241
"Pterois miles","2021-04-29",32.1337,34.66
"Pterois miles","2020-01-01",36.8949,22.2196
"Pterois miles","2019-01-01",36.1831,29.6408
"Pterois miles","2019-02-01",36.4467,28.2064
"Pterois miles","2018-01-01",36.8604,25.8744
"Pterois miles","2016-01-01",33.844,35.462
"Pterois miles","2019-08-24",35.3623,33.1945
"Pterois miles","2021-08-24",35.3623,33.1945
"Pterois miles","2020-01-01",34.9269,24.7977
"Pterois miles","2021-09-19",36.9696,25.0309
"Pterois miles","2020-01-22",32.1877,34.7478
"Pterois miles","2017-01-01",36.818,30.679
"Pterois miles","2020-01-01",36.3238,28.2131
"Pterois miles","2021-11-02",35.7736,27.2188
"Pterois miles","2024-09-01",42.7233,16.8914
"Pterois miles","2019-06-10",37.682,20.8755
"Pterois miles","2015-01-01",36.776,28.5827
"Pterois miles","2021-10-28",34.9934,24.7437
"Pterois miles","2020-01-01",36.8213,25.8462
"Pterois miles","2021-04-28",31.7647,34.5882
"Pterois miles","2020-01-01",37.072,25.3201
"Pterois miles","2019-08-05",35.363,33.1968
"Pterois miles","2017-06-01",36.3192,28.2083
"Pterois miles","2020-02-23",31.9492,34.6467
"Pterois miles","2019-01-01",38.5892,20.888
"Pterois miles","2020-01-01",36.4295,22.4861
"Pterois miles","2019-02-10",37.653,20.9116
"Pterois miles","2019-08-30",36.3619,25.4013
"Pterois miles","2016-01-01",36.0958,28.0905
"Pterois miles","2020-09-20",36.7927,25.2709
"Pterois miles","2019-05-01",36.4254,28.1646
"Pterois miles","2020-01-01",37.8,23.789
"Pterois miles","2018-01-01",36.5194,26.3042
"Pterois miles","2017-01-01",36.37972,28.23901
"Pterois miles","2019-01-01",39.7412,19.9387
"Pterois miles","2024-10-18",42.6633,18.0733
"Pterois miles","2020-08-13",36.4207,27.3346
"Pterois miles","2018-01-01",35.517,24.0254
"Pterois miles","2020-01-01",37.6229,26.3059
"Pterois miles","2014-01-01",36.1621,29.6243
"Pterois miles","2021-11-25",32.9115,22.1752
"Pterois miles","2021-07-01",39.8767,19.975
"Pterois miles","2020-04-28",32.9662,34.9393
"Pterois miles","2020-04-20",32.019,34.676
"Pterois miles","2024-08-28",42.6203,18.1986
"Pterois miles","2020-01-01",36.93533,27.15105
"Pterois miles","2016-01-01",34.968,34.019
"Pterois miles","2015-02-01",33.905,35.485
"Pterois miles","2021-09-19",36.7528,25.3557
"Pterois miles","2015-05-01",33.905,35.485
"Pterois miles","2016-01-01",36.1625,29.6282
"Pterois miles","2020-01-01",37.4098,25.3568
"Pterois miles","2020-01-01",34.9928,24.7431
"Pterois miles","2020-01-01",37.0442,21.5589
"Pterois miles","2024-08-24",43.1989,16.3811
"Pterois miles","2019-05-01",36.3674,28.2424
"Pterois miles","2019-06-08",37.7035,20.9522
"Pterois miles","2024-01-01",42.7233,16.8914
"Pterois miles","2020-02-23",31.7647,34.4552
"Pterois miles","2018-01-01",36.867,22.2471
"Pterois miles","2020-01-01",34.8975,33.6543
"Pterois miles","2019-01-01",36.6871,22.8375
"Pterois miles","2020-09-01",37.6472,20.8454
"Pterois miles","2021-01-01",31.3233,30.0616
"Pterois miles","2024-12-09",42.4293,18.4686
"Pterois miles","2020-01-01",37.3965,24.87578
"Pterois miles","2017-01-01",35.65,35.7667
"Pterois miles","2021-01-01",35.1001,26.2676
"Pterois miles","2020-01-01",36.848,25.5462
"Pterois miles","2018-01-01",35.2166,26.2744
"Pterois miles","2019-09-26",33.2541,35.1841
"Pterois miles","2020-01-01",36.8698,25.549
"Pterois miles","2024-09-19",43.0164,16.08
"Pterois miles","2020-09-20",36.6301,25.0671
"Pterois miles","2019-10-08",34.9695,25.2713
"Pterois miles","2019-01-01",35.1872,26.3045
"Pterois miles","2016-01-01",33.939,35.447
"Pterois miles","2020-01-01",36.68273,22.37467
"Pterois miles","2016-01-01",33.903,35.485
"Pterois miles","2021-09-22",37.6229,26.3059
"Pterois miles","2014-01-01",35.3082,33.9528
"Pterois miles","2024-07-18",42.5853,18.1747
"Pterois miles","2019-09-20",35.3597,33.2001
"Pterois miles","2020-05-27",32.1112,34.7558
"Pterois miles","2021-11-25",34.9136,25.233
"Pterois miles","2020-02-12",32.1922,34.7504
"Pterois miles","2019-01-01",36.5406,22.391
"Pterois miles","2017-01-01",35.1919,24.0747
"Pterois miles","2019-03-18",32.1922,34.7504
"Pterois miles","2018-01-01",35.57844,24.07498
"Pterois miles","2021-05-06",35.3575,33.1865
"Pterois miles","2017-01-01",35.63588,27.49824
"Pterois miles","2019-02-20",36.8956,14.4113
"Pterois miles","2024-09-17",42.7233,16.8914
"Pterois miles","2020-03-23",32.1337,34.7345
"Pterois miles","2019-03-23",32.1337,34.7345
"Pterois miles","2018-07-24",35.0979,26.26443
"Pterois miles","2014-10-01",34.101,35.627
"Pterois miles","1991-07-01",32.144,34.767
"Pterois miles","2019-05-19",40.0714,19.7795
"Pterois miles","2021-03-24",32.2462,34.777
"Pterois miles","2016-01-01",34.461,35.821
"Pterois miles","2020-01-01",35.0136,34.0589
"Pterois miles","2018-01-01",36.58427,27.86402
"Pterois miles","2016-01-01",35.2259,26.6803
"Pterois miles","2021-01-01",36.15,29.602
"Pterois miles","2020-09-22",35.3606,33.1796
"Pterois miles","2020-01-01",37.7976,26.6922
"Pterois miles","2020-01-01",34.7264,33.3405
"Pterois miles","2019-01-01",35.4167,25.02
"Pterois miles","2017-01-01",36.1507,29.6533
"Pterois miles","2016-01-01",34.067,35.582
"Pterois miles","2019-01-01",36.1507,29.6533
"Pterois miles","2019-01-01",35.9583,27.88898
"Pterois miles","2019-01-01",35.9583,27.889
"Pterois miles","2024-01-01",42.6694,18.0706
"Pterois miles","2021-09-09",35.1556,25.7704
"Pterois miles","2019-08-13",35.3428,33.3473
"Pterois miles","2021-08-13",35.3428,33.3473
"Pterois miles","2021-10-01",32.019,34.676
"Pterois miles","2017-01-01",36.166,28.095
"Pterois miles","2019-01-01",36.15777,22.94955
"Pterois miles","2020-04-29",32.1607,34.668
"Pterois miles","2020-01-01",34.5775,33.028
"Pterois miles","2020-01-22",32.307,34.8223
"Pterois miles","2015-08-01",34.9996,34.0676
"Pterois miles","2020-01-27",31.7647,34.5084
"Pterois miles","2019-01-01",36.4746,22.9719
"Pterois miles","2020-01-01",35.0063,34.0678
"Pterois miles","2019-08-16",35.3436,33.3542
"Pterois miles","2020-01-19",32.892,34.9127
"Pterois miles","2016-01-01",34.511,35.838
"Pterois miles","2024-01-01",42.7522,17.4
"Pterois miles","2020-10-26",34.9919,24.7429
"Pterois miles","2021-01-01",36.1649,28.098
"Pterois miles","2019-01-01",35.5116,12.6255
"Pterois miles","2019-08-25",35.4052,32.9178
"Pterois miles","2013-01-01",36.5486,29.1135
"Pterois miles","2016-01-01",34.314,35.695
"Pterois miles","2020-01-01",36.9796,25.1666
"Pterois miles","2019-01-01",36.51664,22.9869
"Pterois miles","2020-01-01",35.518,27.2024
"Pterois miles","2020-01-01",36.6162,24.9556
"Pterois miles","2017-01-01",37.2009,26.3235
"Pterois miles","2017-01-01",36.31766,28.20823
"Pterois miles","2016-01-01",36.3331,28.2095
"Pterois miles","2019-04-27",35.3389,25.3773
"Pterois miles","2018-01-01",36.1512,29.616
"Pterois miles","2021-07-01",31.205,29.9064
"Pterois miles","2019-01-01",38.06995,20.80322
"Pterois miles","2018-01-01",36.4248,28.2377
"Pterois miles","2018-01-01",36.0902,28.092
"Pterois miles","2016-01-01",34.495,35.769
"Pterois miles","2019-09-20",37.0854,25.3344
"Pterois miles","2003-01-01",36.09295,28.09219
"Pterois miles","2021-01-01",37.7812,26.8925
"Pterois miles","2020-08-11",36.147,29.604
"Pterois miles","2017-01-01",35.04782,26.23875
"Pterois miles","2019-06-26",34.6912,33.0825
"Pterois miles","2016-08-01",35.472,27.1944
"Pterois miles","2020-09-19",36.9425,24.9491
"Pterois miles","2016-01-01",33.905,35.483
"Pterois miles","2021-09-20",36.7228,25.1794
"Pterois miles","2020-03-24",32.0257,34.6786
"Pterois miles","2021-01-29",32.1382,34.7345
"Pterois miles","2020-01-01",36.36125,25.40343
"Pterois miles","2019-01-01",35.23061,23.67404
"Pterois miles","2019-01-01",35.2306,23.674
"Pterois miles","2020-01-01",36.3616,25.4041
"Pterois miles","2021-03-30",32.1382,34.7345
"Pterois miles","2020-01-01",36.8487,23.0507
"Pterois miles","2016-01-01",34.886,33.651
"Pterois miles","2017-01-01",36.1625,29.6282
"Pterois miles","2021-09-04",35.4449,24.586
"Pterois miles","2020-02-11",32.1337,34.7345
"Pterois miles","2021-01-23",32.1112,34.7185
"Pterois miles","2019-01-01",38.2992,25.9442
"Pterois miles","2008-01-01",36.9482,26.9896
"Pterois miles","2020-01-01",37.0018,22.1013
"Pterois miles","2017-01-01",35.45931,27.21086
"Pterois miles","2024-08-29",42.4492,18.4333
"Pterois miles","2020-01-01",34.9762,34.0762
"Pterois miles","2020-01-01",35.0037,34.0763
"Pterois miles","2019-07-01",36.225,23.0754
"Pterois miles","2019-07-01",40.0344,18.458
"Pterois miles","2021-01-01",36.3614,25.4053
"Pterois miles","2015-01-01",34.2513,35.6523
"Pterois miles","2016-01-01",33.909,35.505
"Pterois miles","2020-02-23",31.92,34.6254
"Pterois miles","2015-07-01",34.9858,34.0767
"Pterois miles","2021-01-01",36.8508,22.2577
"Pterois miles","2023-04-01",38.5685,16.5784
"Pterois miles","2017-01-01",35.1719,24.4014
"Pterois miles","2020-03-19",32.082,34.7079
"Pterois miles","2020-01-01",36.4611,25.369
"Pterois miles","2021-10-04",37.8,23.789
"Pterois miles","2020-01-01",34.6829,33.081
"Pterois miles","2020-01-01",34.9858,34.0769
"Pterois miles","2014-01-01",36.1928,29.6351
"Pterois miles","2017-01-01",36.16596,28.09496
"Pterois miles","2014-01-01",36.2006,29.9651
"Pterois miles","2015-01-01",36.1831,29.6408
"Pterois miles","2016-01-01",36.1831,29.6408
"Pterois miles","2018-01-01",36.1831,29.6408
"Pterois miles","2019-01-01",40.3636,23.9166
"Pterois miles","2020-01-24",32.1922,34.7504
"Pterois miles","2020-01-01",38.0875,20.5513
"Pterois miles","2020-10-20",38.0875,20.5513
"Pterois miles","2020-01-01",34.986,34.0778
"Pterois miles","2019-10-09",35.4132,25.0188
"Pterois miles","2020-01-01",34.9859,34.0781
"Pterois miles","2020-03-24",31.965,34.6946
"Pterois miles","2019-11-18",35.5881,24.0785
"Pterois miles","2020-01-01",35.1705,24.412
"Pterois miles","2020-01-01",35.4092,27.1531
"Pterois miles","2020-01-01",36.3615,25.4046
"Pterois miles","2016-05-24",36.09483,28.08681
"Pterois miles","2020-01-01",36.44916,28.21341
"Pterois miles","2014-05-01",34.244,35.65
"Pterois miles","2019-01-01",36.46187,22.43439
"Pterois miles","2016-05-16",36.09483,28.08681
"Pterois miles","2020-01-01",36.3385,25.4315
"Pterois miles","2017-01-01",36.0955,28.08707
"Pterois miles","2019-08-11",36.0292,14.2152
"Pterois miles","2020-01-01",36.7473,24.6568
"Pterois miles","2020-06-15",35.3623,33.6497
"Pterois miles","2018-01-01",35.0107,26.1544
"Pterois miles","2015-07-01",34.934,33.65
"Pterois miles","2016-01-01",35.5114,27.2243
"Pterois miles","2016-08-01",35.51,27.226
"Pterois miles","2021-04-19",32.0482,34.6893
"Pterois miles","2018-01-01",35.16739,24.41839
"Pterois miles","2015-11-01",35.315,26.296
"Pterois miles","2023-06-01",38.9052,17.0291
"Pterois miles","2020-12-14",34.6353,33.0108
"Pterois miles","2020-01-01",34.99112,25.45222
"Pterois miles","2015-01-01",35.202,26.302
"Pterois miles","2020-02-22",31.965,34.6573
"Pterois miles","2018-01-01",35.1872,24.3157
"Pterois miles","2020-01-01",34.6439,33.0165
"Pterois miles","2021-03-25",32.1607,34.668
"Pterois miles","2018-01-01",35.1868,24.3159
"Pterois miles","2016-01-01",34.347,35.726
"Pterois miles","2018-01-01",36.2234,27.614
"Pterois miles","2020-01-19",32.9662,34.9393
"Pterois miles","2020-01-01",35.001,34.066
"Pterois miles","2024-11-01",37.9721,15.6609
"Pterois miles","2024-10-01",37.9494,15.6826
"Pterois miles","2019-02-22",35.0062,25.7451
"Pterois miles","2019-09-03",36.9637,21.9266
"Pterois miles","2021-03-24",32.1922,34.6813
"Pterois miles","2020-01-01",35.0074,25.7475
"Pterois miles","2002-01-01",41.7091,2.9046
"Pterois miles","2020-01-01",36.37052,28.23411
"Pterois miles","2021-01-01",35.1705,24.412
"Pterois miles","2017-01-01",36.09652,28.08604
"Pterois miles","2020-05-21",35.3596,33.6159
"Pterois miles","2016-01-01",33.565,35.361
"Pterois miles","2021-09-24",36.8386,25.6841
"Pterois miles","2015-01-01",36.8121,30.6892
"Pterois miles","2020-02-27",31.992,34.7052
"Pterois miles","2020-09-26",33.2736,35.1818
"Pterois miles","2020-01-01",34.6867,33.0724
"Pterois miles","2022-01-01",36.9929,26.9162
"Pterois miles","2016-01-01",36.1948,29.6122
"Pterois miles","2019-08-24",35.9891,14.3297
"Pterois miles","2017-04-01",37.0129,26.9181
"Pterois miles","2015-01-01",36.2167,32.3167
"Pterois miles","2019-01-01",38.0731,20.8014
"Pterois miles","2020-09-20",36.9758,25.1698
"Pterois miles","2017-01-01",35.1958,24.1273
"Pterois miles","2016-01-01",36.09577,28.09045
"Pterois miles","2019-09-26",33.2541,35.1841
"Pterois miles","2020-04-30",32.1607,34.7398
"Pterois miles","2024-08-20",43.0406,16.0717
"Pterois miles","2005-01-01",36.8768,30.7054
"Pterois miles","2019-01-01",35.3879,25.0417
"Pterois miles","2019-06-20",35.903,14.4992
"Pterois miles","2016-01-01",33.905,35.482
"Pterois miles","2020-01-01",36.6149,27.1403
"Pterois miles","2017-01-01",36.5484,26.3536
"Pterois miles","2021-11-09",36.6149,27.1403
"Pterois miles","2018-01-01",34.92584,24.96051
"Pterois miles","2018-01-01",34.8894,33.6508
"Pterois miles","2018-01-01",34.8894,33.6508
"Pterois miles","2020-01-01",34.8894,33.6508
"Pterois miles","2019-07-29",33.2613,35.1842
"Pterois miles","2020-01-01",36.37948,28.23952
"Pterois miles","2020-01-01",37.801,23.792
"Pterois miles","2014-10-01",34.968,34.019
"Pterois miles","2018-01-01",35.5414,24.0345
"Pterois miles","2015-03-01",33.905,35.485
"Pterois miles","2017-01-01",36.32152,28.21088
"Pterois miles","2018-01-01",35.2469,23.8077
"Pterois miles","2017-01-01",35.1876,24.3903
"Pterois miles","2020-08-06",35.5557,27.2096
"Pterois miles","2020-02-26",32.1337,34.7345
"Pterois miles","2021-04-22",31.7647,34.5882
"Pterois miles","2020-01-01",36.1649,28.098
"Pterois miles","2020-01-01",35.0974,26.2642
"Pterois miles","2018-01-01",35.0979,26.2644
"Pterois miles","2017-08-01",35.1796,24.3957
"Pterois miles","2018-07-22",35.0979,26.26443
"Pterois miles","2020-01-20",32.577,34.8675
"Pterois miles","2018-01-01",35.2618,26.265
"Pterois miles","2015-01-01",36.149,33.6639
"Pterois miles","2015-01-01",36.3855,28.2458
"Pterois miles","2019-07-04",35.6935,34.5629
"Pterois miles","2018-01-01",35.1816,24.3997
"Pterois miles","2015-01-01",36.4376,34.3063
"Pterois miles","2020-01-01",37.88018,24.74693
"Pterois miles","2016-01-01",34.9858,34.0767
"Pterois miles","2024-12-07",43.1859,16.5506
"Pterois miles","2017-06-01",35.1719,24.4014
"Pterois miles","2020-01-01",37.43972,24.88712
"Pterois miles","2018-01-01",35.2164,26.27451
"Pterois miles","2019-06-13",37.6621,20.8605
"Pterois miles","2020-03-31",32.082,34.7079
"Pterois miles","2020-01-12",31.9762,34.5642
"Pterois miles","2019-08-12",35.3596,33.1819
"Pterois miles","2014-01-01",36.2672,30.1652
"Pterois miles","2019-07-22",34.9861,34.0772
"Pterois miles","2020-01-13",31.9762,34.5642
"Pterois miles","2017-06-01",36.4062,27.4526
"Pterois miles","2019-08-07",34.9861,34.0772
"Pterois miles","2021-10-21",37.2701,10.1029
"Pterois miles","2020-09-13",36.4364,23.1423
"Pterois miles","2019-01-01",34.95122,24.75418
"Pterois miles","2020-09-28",36.2075,28.1402
"Pterois miles","2024-08-10",43.1247,16.7164
"Pterois miles","2025-01-01",32.1897,23.394
"Pterois miles","2021-01-14",31.9492,34.6866
"Pterois miles","2022-01-01",36.9385,26.9876
"Pterois miles","2020-01-01",34.9531,33.8309
"Pterois miles","2020-01-01",36.47859,22.39907
"Pterois miles","2018-01-01",35.5878,27.1788
"Pterois miles","2019-09-03",34.9407,25.0513
"Pterois miles","2024-12-11",43.1495,16.3624
"Pterois miles","2019-01-01",36.3533,25.3731
"Pterois miles","2020-01-01",40.25167,23.72417
"Pterois miles","2016-01-01",36.1891,29.6507
"Pterois miles","2015-01-01",36.21,30.47
"Pterois miles","2016-01-01",33.575,35.364
"Pterois miles","2020-01-01",37.86139,24.75722
"Pterois miles","2020-08-01",37.6821,20.8755
"Pterois miles","2020-03-24",32.1337,34.7345
"Pterois miles","2022-01-01",34.9179,24.761
"Pterois miles","2017-01-01",36.3025,33.9025
"Pterois miles","2020-01-01",34.9623,33.9077
"Pterois miles","2020-02-27",32.3407,34.7132
"Pterois miles","2024-11-21",43.2919,17.0133
"Pterois miles","2021-01-01",37.133,25.2399
"Pterois miles","2018-10-04",34.7273,33.3404
"Pterois miles","2019-10-08",34.9594,34.0614
"Pterois miles","2021-06-24",32.082,34.7451
"Pterois miles","2024-08-12",42.9208,17.0453
"Pterois miles","2020-09-26",34.9359,33.9387
"Pterois miles","2020-01-01",35.4718,27.1942
"Pterois miles","2020-01-01",36.6315,24.9355
"Pterois miles","2021-01-30",32.1337,34.66
"Pterois miles","2020-02-28",32.1337,34.66
"Pterois miles","2021-02-21",31.992,34.5802
"Pterois miles","2020-01-01",36.5045,22.4888
"Pterois miles","2018-01-01",36.22268,27.61247
"Pterois miles","2020-01-01",35.0012,34.0658
"Pterois miles","2020-12-26",31.7647,34.5084
"Pterois miles","2020-01-01",35.47192,27.1946
"Pterois miles","2019-05-20",34.9993,34.0677
"Pterois miles","2021-01-28",31.7647,34.5084
"Pterois miles","2020-01-01",37.6528,24.013
"Pterois miles","2018-01-01",36.0192,27.9296
"Pterois miles","2016-01-01",33.8991,35.4632
"Pterois miles","2021-09-24",36.8639,25.8774
"Pterois miles","2024-11-25",42.7672,17.3822
"Pterois miles","2019-09-23",36.7382,28.9289
"Pterois miles","2020-01-01",34.9243,24.8015
"Pterois miles","2019-01-01",36.74902,26.98777
"Pterois miles","2019-01-01",36.46324,22.42411
"Pterois miles","2020-01-01",38.2753,25.8895
"Pterois miles","2014-04-01",36.656,35.992
"Pterois miles","2022-01-01",37.6437,21.3201
"Pterois miles","2020-01-01",34.9306,24.8016
"Pterois miles","2024-11-01",40.295,17.7434
"Pterois miles","2017-07-01",34.9305,24.8024
"Pterois miles","2024-01-01",42.7625,17.7627
"Pterois miles","2017-01-01",34.9305,24.8024
"Pterois miles","2018-01-01",34.9325,24.8064
"Pterois miles","2021-08-05",35.363,33.1968
"Pterois miles","2021-10-04",33.2524,35.1834
"Pterois miles","2015-01-01",38.4345,27.1006
"Pterois miles","2019-01-01",38.4876,20.802
"Pterois miles","2021-08-01",43.0051,16.067
"Pterois miles","2018-01-01",36.58954,26.33264
"Pterois miles","2016-01-01",34.485,35.764
"Pterois miles","2020-01-01",37.0198,22.1189
"Pterois miles","2019-01-01",36.66847,27.11795
"Pterois miles","2020-01-01",34.6836,33.0728
"Pterois miles","2017-06-01",36.3798,28.239
"Pterois miles","2017-01-01",36.3798,28.239
"Pterois miles","2017-01-01",36.37977,28.239
"Pterois miles","2024-08-12",43.0783,16.1361
"Pterois miles","2017-08-01",36.3797,28.239
"Pterois miles","2024-10-08",43.015,16.1719
"Pterois miles","2017-01-01",36.3797,28.239
"Pterois miles","2020-01-01",37.0715,25.5876
"Pterois miles","2020-10-01",32.019,34.676
"Pterois miles","2020-08-02",32.8717,34.9287
"Pterois miles","2020-01-01",36.92942,25.5998
"Pterois miles","2021-01-01",37.3705,24.463
"Pterois miles","2020-01-01",36.88218,25.93113
"Pterois miles","2017-01-01",36.1621,29.6243
"Pterois miles","2018-01-01",36.1621,29.6243
"Pterois miles","2019-09-04",39.1743,20.1891
"Pterois miles","2018-01-01",35.54141,24.03454
"Pterois miles","2020-07-02",35.3619,33.6148
"Pterois miles","2017-09-16",34.9378,24.8617
"Pterois miles","2021-01-01",36.8815,22.2333
"Pterois miles","2018-01-01",35.8816,27.7731
"Pterois miles","2019-06-11",37.7064,20.9952
"Pterois miles","2020-01-01",35.40915,27.15309
"Pterois miles","2018-01-01",36.74661,22.80026
"Pterois miles","2021-09-20",37.0234,25.3581
"Pterois miles","2019-01-01",36.6552,22.8172
"Pterois miles","2019-01-01",36.65518,22.81716
"Pterois miles","2024-10-16",42.4472,18.4283
"Pterois miles","2019-07-01",36.65765,25.12312
"Pterois miles","2019-01-01",36.6576,25.1231
"Pterois miles","2022-01-01",38.5579,21.0162
"Pterois miles","2015-01-01",36.8404,30.8743
"Pterois miles","2020-01-01",37.3965,24.8758
"Pterois miles","2020-01-01",35.077,34.0335
"Pterois miles","2017-01-01",36.6169,27.1551
"Pterois miles","2020-01-01",37.7511,26.9734
"Pterois miles","2020-09-03",35.6038,27.159
"Pterois miles","2022-01-01",36.8508,22.2577
"Pterois miles","2019-01-01",36.6283,22.3179
"Pterois miles","2018-01-01",34.9824,25.2804
"Pterois miles","2022-01-01",36.1238,29.5701
"Pterois miles","2021-01-01",37.5044,22.8645
"Pterois miles","2021-01-23",32.082,34.7079
"Pterois miles","2020-10-05",35.9147,27.8409
"Pterois miles","2020-01-01",36.45951,25.36957
"Pterois miles","2017-01-01",36.3836,35.7944
"Pterois miles","2020-01-01",36.4605,25.3699
"Pterois miles","2016-01-01",36.1496,29.59037
"Pterois miles","2008-01-01",39.91948,25.06957
"Pterois miles","2019-06-05",34.9861,34.0772
"Pterois miles","2020-01-01",36.6976,22.3822
"Pterois miles","2020-01-01",36.4579,25.3716
"Pterois miles","2019-01-01",37.9441,21.128
"Pterois miles","2020-01-29",32.1922,34.7504
"Pterois miles","2019-03-26",37.0831,25.129
"Pterois miles","2017-01-01",35.19185,24.07473
"Pterois miles","2020-01-01",37.8311,21.1395
"Pterois miles","2018-01-01",35.5784,24.0751
"Pterois miles","2019-01-01",35.8557,12.8577
"Pterois miles","2016-01-01",34.43,35.812
"Pterois miles","2016-01-01",36.6159,27.8575
"Pterois miles","2019-08-05",35.042,34.0441
"Pterois miles","2017-01-01",35.1707,24.412
"Pterois miles","2018-12-01",32.8516,22.4313
"Pterois miles","2019-01-01",36.4625,22.4343
"Pterois miles","2021-10-27",35.5879,24.0791
"Pterois miles","2019-01-01",35.1985,24.0794
"Pterois miles","2020-01-01",35.0299,34.0456
"Pterois miles","2018-01-01",36.5843,27.864
"Pterois miles","2019-01-01",35.2,24.0807
"Pterois miles","2019-09-01",34.7264,33.3362
"Pterois miles","2016-01-01",33.99,35.578
"Pterois miles","2020-01-01",36.7287,24.5389
"Pterois miles","2019-04-19",32.0482,34.6893
"Pterois miles","2020-09-12",36.5826,27.8723
"Pterois miles","2020-01-01",35.173,24.4173
"Pterois miles","2020-01-01",34.5666,33.0025
"Pterois miles","2015-01-01",35.6544,34.4154
"Pterois miles","2017-01-01",35.69,27.1908
"Pterois miles","2016-01-01",36.4561,30.5463
"Pterois miles","2016-01-01",35.0136,34.0626
"Pterois miles","2015-01-01",36.44429,28.23017
"Pterois miles","2015-01-01",36.4443,28.2302
"Pterois miles","2017-08-01",34.9533,25.1371
"Pterois miles","2022-07-01",35.0093,34.0647
"Pterois miles","2019-08-13",35.3428,33.3473
"Pterois miles","2020-01-01",35.0115,34.0655
"Pterois miles","2016-01-01",34.079,35.61
"Pterois miles","2008-01-01",40.8668,24.31824
"Pterois miles","2020-01-01",36.147,29.604
"Pterois miles","2020-01-01",37.6401,21.2917
"Pterois miles","2020-01-14",31.7647,34.5084
"Pterois miles","2019-05-20",39.6896,19.9822
"Pterois miles","2020-01-01",34.9327,24.953
"Pterois miles","2016-01-01",35.46938,27.19509
"Pterois miles","2018-11-01",35.0183,26.0363
"Pterois miles","2021-01-01",37.6675,21.3023
"Pterois miles","2019-06-10",37.6923,26.7265
"Pterois miles","2016-01-01",36.2612,32.2651
"Pterois miles","2021-01-01",36.9917,26.9138
"Pterois miles","2017-01-01",34.9812,33.9825
"Pterois miles","2020-01-01",35.5324,24.0155
"Pterois miles","2015-01-01",36.8051,30.6803
"Pterois miles","2020-01-01",35.2746,33.9862
"Pterois miles","2020-02-27",32.1877,34.7478
"Pterois miles","2020-01-01",35.5175,27.2017
"Pterois miles","2018-01-01",35.1947,25.7173
"Pterois miles","2016-01-01",34.039,35.626
"Pterois miles","2019-01-01",36.5171,22.9868
"Pterois miles","2020-01-01",38.1553,20.7722
"Pterois miles","2019-10-04",33.2524,35.1834
"Pterois miles","2020-01-01",35.51805,27.20241
"Pterois miles","2017-01-01",36.3177,28.2082
"Pterois miles","2020-01-01",35.10225,24.56313
"Pterois miles","2017-01-01",36.33311,28.20948
"Pterois miles","2021-08-05",35.5591,27.2042
"Pterois miles","2020-01-01",37.27852,26.74572
"Pterois miles","2019-06-09",37.7131,20.9583
"Pterois miles","2019-01-01",40.6098,26.0603
"Pterois miles","2018-01-01",36.1979,29.6186
"Pterois miles","2024-10-20",42.6664,18.0156
"Pterois miles","2016-01-01",33.904,35.48
"Pterois miles","2020-02-12",32.1045,34.7185
"Pterois miles","2024-08-10",42.6722,18.0681
"Pterois miles","2020-01-01",37.6882,26.3531
"Pterois miles","2020-09-20",37.0593,25.5873
"Pterois miles","2020-01-01",37.79272,24.84584
"Pterois miles","2021-08-04",35.362,33.1991
"Pterois miles","2020-03-30",32.0257,34.6786
"Pterois miles","2020-01-01",36.78546,24.57961
"Pterois miles","2019-01-01",36.1525,29.6231
"Pterois miles","2018-02-20",35.5328,23.6721
"Pterois miles","2020-01-01",35.002,34.0719
"Pterois miles","2020-02-28",32.1382,34.7345
"Pterois miles","2014-11-01",33.905,35.485
"Pterois miles","2020-02-11",32.1382,34.7345
"Pterois miles","2008-01-01",39.89704,22.72106
"Pterois miles","2019-01-01",37.04418,21.55712
"Pterois miles","2015-07-01",34.886,33.651
"Pterois miles","2021-01-19",32.9392,34.9553
"Pterois miles","2018-01-01",35.2313,23.6783
"Pterois miles","2019-09-07",35.4449,24.586
"Pterois miles","2020-01-01",37.0442,21.5589
"Pterois miles","2016-01-01",34.275,35.647
"Pterois miles","2020-01-01",34.9978,34.0741
"Pterois miles","2019-01-01",34.6314,10.656
"Pterois miles","2020-04-23",35.0355,32.4247
"Pterois miles","2020-01-01",36.4492,28.2134
"Pterois miles","2019-07-04",34.9312,24.9659
"Pterois miles","2016-01-01",34.255,35.651
"Pterois miles","2016-01-01",34.248,35.652
"Pterois miles","2020-01-01",35.26637,26.26519
"Pterois miles","2019-01-01",33.5847,10.7446
"Pterois miles","2020-01-01",37.0573,21.5756
"Pterois miles","2022-01-01",36.3614,25.4053
"Pterois miles","2019-07-14",36.1622,29.6294
"Pterois miles","2020-05-22",35.3613,33.6306
"Pterois miles","2021-04-16",31.92,34.6254
"Pterois miles","2020-01-01",35.0482,34.0363
"Pterois miles","2019-10-10",35.2215,26.2736
"Pterois miles","2020-01-01",37.44007,24.88688
"Pterois miles","2024-10-01",43.2136,16.5925
"Pterois miles","2020-01-01",34.9861,34.0768
"Pterois miles","2016-01-01",33.957,35.519
"Pterois miles","2021-05-01",31.0155,29.6373
"Pterois miles","2022-08-01",36.7233,-2.1933
"Pterois miles","2020-05-13",37.0889,10.8288
"Pterois miles","2019-02-26",32.0257,34.7212
"Pterois miles","2019-07-14",34.9861,34.0772
"Pterois miles","2019-01-01",35.8714,12.8515
"Pterois miles","2018-01-01",34.665,32.8765
"Pterois miles","2020-10-01",31.992,34.6068
"Pterois miles","2016-01-01",34.297,35.656
"Pterois miles","2020-09-13",36.4364,23.1423
"Pterois miles","2017-01-01",36.1245,28.0709
"Pterois miles","2020-01-01",34.9859,34.0775
"Pterois miles","2018-01-01",35.2365,23.7182
"Pterois miles","2019-09-08",35.2561,25.7411
"Pterois miles","2016-01-01",34.311,35.67
"Pterois miles","2021-10-01",38.8452,20.6231
"Pterois miles","2019-07-23",40,15.3667
"Pterois miles","2020-01-01",35.2365,23.7204
"Pterois miles","2017-01-01",36.0965,28.086
"Pterois miles","2019-09-01",36.151,29.5959
"Pterois miles","2019-07-01",40.1334,19.647
"Pterois miles","2020-01-01",36.58239,27.8602
"Pterois miles","2017-01-01",35.0086,26.1469
"Pterois miles","2020-01-01",36.7842,25.7411
"Pterois miles","2015-06-01",37.105,10.88
"Pterois miles","2019-01-01",35.5435,27.219
"Pterois miles","2019-01-01",36.1891,29.6507
"Pterois miles","2019-01-01",35.0086,25.7422
"Pterois miles","2017-01-01",35.0077,26.1519
"Pterois miles","2020-01-01",36.0866,28.0884
"Pterois miles","2016-01-01",36.1507,29.6533
"Pterois miles","2020-01-01",36.816,21.7062
"Pterois miles","2021-01-01",37.1662,24.5408
"Pterois miles","2019-04-01",38.27,20.6806
"Pterois miles","2016-01-01",33.931,35.58
"Pterois miles","2019-01-01",35.5121,27.2231
"Pterois miles","2017-01-01",35.165,24.4151
"Pterois miles","2024-09-01",42.9219,17.0328
"Pterois miles","2016-01-01",36.53,30.56
"Pterois miles","2020-01-01",34.996,25.572
"Pterois miles","2020-01-01",36.78541,21.8239
"Pterois miles","2019-01-01",37.9086,20.7121
"Pterois miles","2022-01-01",37.7812,26.8925
"Pterois miles","2016-01-01",34.346,35.725
"Pterois miles","2016-01-01",34.36,35.725
"Pterois miles","2020-01-01",35.4719,27.1943
"Pterois miles","2016-01-01",34.49,35.773
"Pterois miles","2019-09-26",33.2613,35.1842
"Pterois miles","2020-01-01",36.1585,22.9492
"Pterois miles","2016-01-01",34.115,35.613
"Pterois miles","2020-01-01",36.86327,25.46997
"Pterois miles","2019-01-01",37.7807,26.8941
"Pterois miles","2016-01-01",34.653,33.034
"Pterois miles","2018-01-01",36.01924,27.92959
"Pterois miles","2020-01-28",32.649,34.8435
"Pterois miles","2021-02-22",31.7647,34.5084
"Pterois miles","2016-01-01",33.833,35.465
"Pterois miles","2020-03-24",31.992,34.668
"Pterois miles","2020-01-01",38.2317,20.7363
"Pterois miles","2015-09-01",37.0247,11.0643
"Pterois miles","2024-10-01",42.7436,17.6142
"Pterois miles","2017-01-01",36.1885,29.6097
"Pterois miles","2024-08-26",43.5111,15.9403
"Pterois miles","2020-01-01",37.0043,22.095
"Pterois miles","2021-09-10",38.3199,20.7674
"Pterois miles","2019-05-17",35.4014,25.0349
"Pterois miles","2019-08-12",35.4452,27.0831
"Pterois miles","2020-01-01",36.86859,25.89178
"Pterois miles","2016-01-01",36.44391,28.23686
"Pterois miles","2019-07-17",35.0132,34.0808
"Pterois miles","2017-06-01",36.8903,27.3317
"Pterois miles","2018-07-14",36.8876,27.332
"Pterois miles","2018-01-01",36.7159,28.2373
"Pterois miles","2020-01-01",34.9555,34.0821
"Pterois miles","2020-01-01",35.4217,26.9248
"Pterois miles","2024-07-26",43.0136,16.0708
"Pterois miles","2021-03-31",32.082,34.644
"Pterois miles","2020-09-20",36.8629,25.4919
"Pterois miles","2021-04-29",32.1607,34.7398
"Pterois miles","2019-10-04",33.2541,35.1841
"Pterois miles","2020-02-11",32.2192,34.7611
"Pterois miles","2021-03-27",32.2192,34.7611
"Pterois miles","2021-09-20",35.2024,24.1303
"Pterois miles","2020-01-01",34.9654,34.0842
"Pterois miles","2018-01-01",34.9258,24.9605
"Pterois miles","2019-09-01",36.9568,22.1426
"Pterois miles","2016-01-01",36.19,29.64
"Pterois miles","2019-06-10",37.6813,20.8651
"Pterois miles","2021-01-01",38.0976,20.8084
"Pterois miles","2020-09-24",36.8109,25.7754
"Pterois miles","2017-01-01",34.9651,34.0893
"Pterois miles","2016-01-01",36.1621,29.6243
"Pterois miles","2019-06-08",37.6974,20.9811
"Pterois miles","2021-01-01",35.1967,24.1373
"Pterois miles","2017-01-01",34.9627,34.0728
"Pterois miles","2019-01-01",35.23147,23.6755
"Pterois miles","2020-03-24",32.0527,34.6919
"Pterois miles","2019-01-01",35.16717,25.78737
"Pterois miles","2018-01-01",35.636,34.2385
"Pterois miles","2017-07-01",35.1871,24.391
"Pterois miles","2019-01-01",35.2477,23.8111
"Pterois miles","2018-01-01",35.09837,26.26394
"Pterois miles","2020-01-01",34.8916,33.6519
"Pterois miles","2019-01-01",36.8575,25.5312
"Pterois miles","2024-07-12",43.3333,16.3903
"Pterois miles","2020-01-01",34.8975,33.6542
"Pterois miles","2020-07-05",35.6927,34.5613
"Pterois miles","2021-01-20",32.577,34.8675
"Pterois miles","2020-05-10",37.433,9.82
"Pterois miles","2016-01-01",36.0947,28.1072
"Pterois miles","2024-08-11",43.3162,16.4156
"Pterois miles","2020-01-01",34.9989,24.7465
"Pterois miles","2018-01-01",35.1816,24.3997
"Pterois miles","2021-09-23",37.7644,23.8727
"Pterois miles","2017-01-01",35.1722,24.4006
"Pterois miles","2020-01-01",37.7672,23.87643
"Pterois miles","2021-01-01",37.7513,26.9747
"Pterois miles","2024-12-31",43.1816,16.571
"Pterois miles","2017-01-01",36.42359,28.19117
"Pterois miles","2019-01-01",37.6536,20.859
"Pterois miles","2020-08-05",35.5373,27.2126
"Pterois miles","2020-03-27",31.7647,34.3142
"Pterois miles","2024-08-25",43.135,16.5964
"Pterois miles","2020-08-12",35.3596,33.1819
"Pterois miles","2016-01-01",34.396,35.793
"Pterois miles","2021-02-22",32.163,34.7398
"Pterois miles","2019-01-01",35.1279,25.7444
"Pterois miles","2008-01-01",39.98,22.6507
"Pterois miles","2016-01-01",36.19,29.64
"Pterois miles","2024-07-25",42.9464,16.6639
"Pterois miles","2015-02-01",35.657,34.395
"Pterois miles","2024-01-01",42.9922,16.6986
"Pterois miles","2020-02-27",32.0055,34.6733
"Pterois miles","2021-01-01",37.679,23.9377
"Pterois miles","2016-01-01",34.467,35.803
"Pterois miles","2020-09-20",36.9644,25.5641
"Pterois miles","2022-01-01",36.4806,22.399
"Pterois miles","2019-12-29",34.958,33.8305
"Pterois miles","2020-09-20",37.1304,25.2886
"Pterois miles","2016-01-01",34.46,35.815
"Pterois miles","2016-01-01",33.57,35.355
"Pterois miles","2016-01-01",33.549,35.359
"Pterois miles","2014-01-01",36.09487,28.08638
"Pterois miles","2016-01-01",33.559,35.359
"Pterois miles","2017-01-01",35.17072,24.41203
"Pterois miles","2019-08-01",35.6937,34.5781
"Pterois miles","2018-07-12",34.9854,25.2914
"Pterois miles","2021-03-23",32.1337,34.7345
"Pterois miles","2022-01-01",36.4393,28.1582
"Pterois miles","2020-01-01",36.5271,22.4737
"Pterois miles","2022-09-16",35.3583,33.1878
"Pterois miles","2020-07-26",35.6823,34.5793
"Pterois miles","2021-04-28",32.847,34.9074
"Pterois miles","2017-07-01",36.0874,28.0884
"Pterois miles","2020-01-01",37.6853,20.8768
"Pterois miles","2020-01-28",32.3992,34.7584
"Pterois miles","2020-04-28",32.847,34.9074
"Pterois miles","2020-09-04",35.3613,33.1976
"Pterois miles","2024-10-12",42.6947,18.0147
"Pterois miles","2021-09-15",35.3611,33.1886
"Pterois miles","2018-08-08",35.6897,27.1909
"Pterois miles","2020-01-01",35.02,26.0145
"Pterois miles","2015-03-01",34.024,35.607
"Pterois miles","2019-01-01",35.1656,24.4199
"Pterois miles","2018-01-01",35.0169,25.8625
"Pterois miles","2016-01-01",36.4428,35.8297
"Pterois miles","2019-08-04",35.362,33.1991
"Pterois miles","2020-04-27",32.847,34.8861
"Pterois miles","2020-01-01",37.7931,24.8462
"Pterois miles","2016-01-01",34.031,35.61
"Pterois miles","2020-01-01",35.47189,27.19448
"Pterois miles","2020-01-01",37.3174,26.72454
"Pterois miles","2019-08-10",35.0012,34.0671
"Pterois miles","2020-01-13",31.7647,34.5084
"Pterois miles","2017-03-01",35.4694,27.1951
"Pterois miles","2015-01-01",32.1492,34.7199
"Pterois miles","2021-01-24",32.1922,34.6813
"Pterois miles","2019-01-01",34.9317,24.9532
"Pterois miles","2020-01-01",37.6142,26.0386
"Pterois miles","2018-01-01",37.5145,26.0576
"Pterois miles","2020-08-10",32.1877,34.7478
"Pterois miles","2020-09-21",35.3612,33.1952
"Pterois miles","2013-01-01",34.6774,33.0529
"Pterois miles","2017-08-01",36.3203,28.2072
"Pterois miles","2016-01-01",33.887,35.467
"Pterois miles","2024-11-01",42.7067,17.6819
"Pterois miles","2016-01-01",33.856,35.468
"Pterois miles","2020-01-01",35.0006,34.0692
"Pterois miles","2020-01-20",32.505,34.8542
"Pterois miles","2019-01-01",35.0255,25.89277
"Pterois miles","2018-01-01",34.93254,24.80641
"Pterois miles","2021-01-27",32.9392,34.918
"Pterois miles","2017-01-01",36.5797,27.0977
"Pterois miles","2024-01-01",42.7736,17.8695
"Pterois miles","2021-09-04",35.3613,33.1976
"Pterois miles","2021-01-01",36.2519,28.1803
"Pterois miles","2019-05-14",38.8931,22.5827
"Pterois miles","2014-01-01",36.8333,30.9167
"Pterois miles","2016-01-01",33.91,35.511
"Pterois miles","2021-01-30",32.1045,34.7185
"Pterois miles","2020-02-26",32.1045,34.7185
"Pterois miles","2021-11-05",37.9485,24.0199
"Pterois miles","2020-01-01",37.698,26.3503
"Pterois miles","2021-09-24",36.7721,25.7644
"Pterois miles","2021-01-01",36.8746,25.9159
"Pterois miles","2017-01-01",35.0478,26.2388
"Pterois miles","2017-01-01",35.4475,27.162
"Pterois miles","2016-01-01",34.078,35.608
"Pterois miles","2021-01-01",37.4533,24.889
"Pterois miles","2014-06-01",33.905,35.485
"Pterois miles","2014-01-01",33.905,35.485
"Pterois miles","2014-08-01",33.905,35.485
"Pterois miles","2021-02-14",31.92,34.6733
"Pterois miles","2019-01-01",36.7734,24.5807
"Pterois miles","2020-01-01",34.9945,34.0726
"Pterois miles","2020-02-23",32.1922,34.7504
"Pterois miles","2020-01-01",36.3225,28.21063
"Pterois miles","2019-02-11",32.1382,34.7345
"Pterois miles","2019-01-01",35.2315,23.6755
"Pterois miles","2010-01-01",39.86947,22.73651
"Pterois miles","2020-01-01",37.42261,24.86599
"Pterois miles","2015-01-01",36.6444,29.0917
"Pterois miles","2019-08-17",35.3597,33.2003
"Pterois miles","2020-01-01",36.806,24.5898
"Pterois miles","2018-01-01",35.88163,27.77309
"Pterois miles","2024-10-03",42.4472,18.4283
"Pterois miles","2020-09-23",36.9109,25.6207
"Pterois miles","2019-01-01",37.2483,21.0069
"Pterois miles","2020-10-10",32.892,34.9366
"Pterois miles","2020-01-01",34.9766,34.0758
"Pterois miles","2024-08-30",42.4492,18.4333
"Pterois miles","2021-03-01",38.65,26.52
"Pterois miles","2019-01-01",37.2517,21.0184
"Pterois miles","2014-01-01",35.95,35.92
"Pterois miles","2016-01-01",33.934,35.502
"Pterois miles","2021-01-01",35.9052,27.8329
"Pterois miles","2016-01-01",33.911,35.507
"Pterois miles","2019-01-01",36.3329,28.2096
"Pterois miles","2020-02-22",31.9492,34.6228
"Pterois miles","2020-01-23",32.082,34.7079
"Pterois miles","2019-07-22",35.4094,12.8112
"Pterois miles","2008-01-01",40.40058,23.88209
"Pterois miles","2020-01-01",36.9841,25.6372
"Pterois miles","2020-01-01",36.9287,25.9691
"Pterois miles","2022-01-01",37.5044,22.8645
"Pterois miles","2020-01-01",39.097,26.5574
"Pterois miles","2021-01-01",36.1585,22.9492
"Pterois miles","2020-01-01",35.2379,23.6602
"Pterois miles","2019-01-01",35.2375,23.6605
"Pterois miles","2020-01-01",35.011,25.84
"Pterois miles","2016-01-01",33.91,35.543
"Pterois miles","2020-10-21",37.2701,10.1029
"Pterois miles","2022-10-01",42.0892,19.0692
"Pterois miles","2019-08-07",36.4399,28.2016
"Pterois miles","2020-01-23",32.1607,34.7744
"Pterois miles","2015-01-01",36.5182,32.0218
"Pterois miles","2017-01-01",35.26662,23.53907
"Pterois miles","2016-01-01",36.9753,25.1292
"Pterois miles","2009-01-01",36.15073,29.59223
"Pterois miles","2016-01-01",36.7696,31.3801
"Pterois miles","2021-11-07",37.7265,23.5401
"Pterois miles","2019-11-18",35.5881,24.0785
"Pterois miles","2018-01-01",35.5897,27.1793
"Pterois miles","2020-01-01",36.9341,26.9891
"Pterois miles","2018-08-01",36.2577,22.9147
"Pterois miles","2019-08-05",35.042,34.0441
"Pterois miles","2017-01-01",36.8116,27.1824
"Pterois miles","2018-01-01",36.56635,27.86377
"Pterois miles","2019-01-01",35.0472,34.0465
"Pterois miles","2016-01-01",33.968,35.576
"Pterois miles","2016-01-01",33.973,35.576
"Pterois miles","2016-01-01",34.703,33.317
"Pterois miles","2020-01-01",36.45591,25.37411
"Pterois miles","2016-01-01",33.923,35.58
"Pterois miles","2020-01-01",35.1731,24.4158
"Pterois miles","2017-01-01",35.69004,27.19078
"Pterois miles","2020-10-09",32.847,34.9074
"Pterois miles","2020-09-19",36.9534,24.9818
"Pterois miles","2016-01-01",36.1524,29.6304
"Pterois miles","2021-09-27",34.9253,24.9593
"Pterois miles","2014-05-01",36.1829,29.62
"Pterois miles","2020-07-01",30.9496,28.8284
"Pterois miles","2020-01-01",34.593,33.0128
"Pterois miles","2016-01-01",34.365,35.721
"Pterois miles","2015-07-01",35.0097,34.0643
"Pterois miles","2018-01-01",35.003,34.065
"Pterois miles","2019-09-01",34.8214,35.8769
"Pterois miles","2019-01-01",36.75127,24.62061
"Pterois miles","2019-01-01",35.5578,27.2131
"Pterois miles","2018-01-01",36.1525,29.6231
"Pterois miles","2021-10-24",35.0748,32.3341
"Pterois miles","2018-01-01",35.1987,24.135
"Pterois miles","2016-01-01",35.4694,27.1951
"Pterois miles","2020-01-28",31.7647,34.5084
"Pterois miles","2020-02-27",32.1922,34.785
"Pterois miles","2021-11-29",32.7502,22.6876
"Pterois miles","2017-01-01",36.7289,36.1403
"Pterois miles","2019-01-01",37.0431,21.5465
"Pterois miles","2020-01-01",35.0554,32.265
"Pterois miles","2021-01-01",41.7088,2.9025
"Pterois miles","2022-01-01",36.9917,26.9138
"Pterois miles","2017-08-01",36.0081,13.0081
"Pterois miles","2017-06-01",36.319,28.2069
"Pterois miles","2016-01-01",33.822,35.467
"Pterois miles","2020-01-01",35.4012,25.0345
"Pterois miles","2016-01-01",36.1885,29.6097
"Pterois miles","2020-09-19",36.6598,25.3944
"Pterois miles","2020-01-01",37.6437,21.321
"Pterois miles","2013-11-01",34.436,35.745
"Pterois miles","2016-01-01",34.969,34.001
"Pterois miles","2021-10-31",37.0018,22.1013
"Pterois miles","2019-01-01",36.1885,29.6097
"Pterois miles","2019-01-01",35.2318,23.6208
"Pterois miles","2020-01-01",35.40408,24.95591
"Pterois miles","2016-01-01",36.1512,29.616
"Pterois miles","2017-01-01",36.3331,28.2095
"Pterois miles","2020-02-27",32.289,34.785
"Pterois miles","2022-01-01",35.036,26.2242
"Pterois miles","2017-01-01",36.9353,26.9207
"Pterois miles","2019-01-01",36.7675,24.6128
"Pterois miles","2020-01-01",37.4401,24.8869
"Pterois miles","2020-01-01",35.51438,27.20525
"Pterois miles","2016-01-01",34.292,35.64
"Pterois miles","2016-01-01",34.113,35.64
"Pterois miles","2019-01-01",36.9144,23.4686
"Pterois miles","2015-01-01",36.1525,29.6231
"Pterois miles","2015-01-01",36.19,29.64
"Pterois miles","2016-01-01",36.1317,29.7722
"Pterois miles","2020-01-01",35.4718,27.1942
"Pterois miles","2020-08-04",32.8717,35.0164
"Pterois miles","2016-01-01",36.19,29.64
"Pterois miles","2017-01-01",36.10959,28.06762
"Pterois miles","2020-12-08",35.0748,32.3341
"Pterois miles","2017-01-01",35.056,34.018
"Pterois miles","2020-01-01",37.8008,23.7921
"Pterois miles","2020-09-20",36.9997,25.2325
"Pterois miles","2016-01-01",34.2862,35.6647
"Pterois miles","2018-01-01",36.4556,28.224
"Pterois miles","2020-01-01",39.1743,20.1891
"Pterois miles","2019-01-01",36.4546,25.4041
"Pterois miles","2020-01-01",36.9018,26.0837
"Pterois miles","2017-07-01",35.1919,24.1435
"Pterois miles","2017-01-01",35.0409,32.3959
"Pterois miles","2020-01-01",37.0442,21.5589
"Pterois miles","2020-01-01",34.9919,24.7429
"Pterois miles","2019-05-21",35.3596,33.6159
"Pterois miles","2016-01-01",34.329,35.649
"Pterois miles","2021-01-30",32.1045,34.652
"Pterois miles","2020-10-08",32.9662,34.9845
"Pterois miles","2018-01-01",35.51095,27.21087
"Pterois miles","2019-08-11",36.2899,28.19
"Pterois miles","2020-09-20",36.8878,25.5333
"Pterois miles","2020-01-01",37.1842,21.5748
"Pterois miles","2020-06-08",35.5028,24.1774
"Pterois miles","2019-07-14",36.1622,29.6294
"Pterois miles","2019-05-22",35.3613,33.6306
"Pterois miles","2015-11-01",34.9859,34.0767
"Pterois miles","2019-01-01",35.0948,26.2673
"Pterois miles","2020-01-01",34.9666,33.6902
"Pterois miles","2020-04-29",32.1607,34.7398
"Pterois miles","2021-11-30",32.1607,34.7398
"Pterois miles","2017-01-01",36.7201,26.9839
"Pterois miles","2017-01-01",37.3295,26.5463
"Pterois miles","2020-01-01",34.6551,32.773
"Pterois miles","2020-08-05",35.5373,27.2126
"Pterois miles","2015-01-01",36.1689,29.6304
"Pterois miles","2016-01-01",34.364,35.724
"Pterois miles","2021-09-26",33.2541,35.1841
"Pterois miles","2020-07-29",33.2541,35.1841
"Pterois miles","2020-01-01",35.0741,32.334
"Pterois miles","2018-01-01",34.9718,25.2725
"Pterois miles","2019-01-01",35.41699,26.93234
"Pterois miles","2019-01-01",35.55778,27.21312
"Pterois miles","2015-07-01",36.454,28.218
"Pterois miles","2017-01-01",36.1831,29.6408
"Pterois miles","2021-01-14",31.7647,34.5084
"Pterois miles","2017-01-01",36.35,27.9061
"Pterois miles","2018-01-01",35.5101,27.2077
"Pterois miles","2024-11-01",37.8613,15.3129
"Pterois miles","2020-03-27",31.965,34.6946
"Pterois miles","2020-01-01",34.9742,34.078
"Pterois miles","2020-01-01",34.9573,25.23353
"Pterois miles","2020-01-01",36.0568,28.08224
"Pterois miles","2019-08-05",39.1207,26.1464
"Pterois miles","2019-01-01",36.35326,25.37312
"Pterois miles","2016-01-01",34.378,35.689
"Pterois miles","2020-12-27",38.2583,20.6359
"Pterois miles","2020-01-01",35.0969,24.6544
"Pterois miles","2019-09-04",37.5529,26.1492
"Pterois miles","2017-01-01",35.0091,26.1497
"Pterois miles","2021-08-25",35.4052,32.9178
"Pterois miles","2020-01-01",36.9157,21.6947
"Pterois miles","2016-01-01",33.0293,35.0532
"Pterois miles","2024-09-07",42.896,16.895
"Pterois miles","2020-01-01",34.5629,32.9388
"Pterois miles","2014-12-01",34.703,33.317
"Pterois miles","2020-01-01",35.2907,26.2937
"Pterois miles","2020-09-16",35.3583,33.1878
"Pterois miles","2018-01-01",36.5895,26.3326
"Pterois miles","2019-01-01",34.9651,33.6929
"Pterois miles","2019-03-28",31.7647,34.3142
"Pterois miles","2024-10-01",40.0373,17.9642
"Pterois miles","2016-01-01",33.903,35.477
"Pterois miles","2020-01-01",34.996,25.572
"Pterois miles","2016-01-01",33.998,35.59
"Pterois miles","2021-01-01",35.0095,26.1561
"Pterois miles","2019-01-01",35.0435,26.2356
"Pterois miles","2019-09-23",37.6568,20.8607
"Pterois miles","2018-01-01",34.9816,33.7416
"Pterois miles","2019-08-17",34.986,25.5512
"Pterois miles","2018-01-01",34.9811,33.7314
"Pterois miles","2024-08-14",42.9825,16.6064
"Pterois miles","2018-01-01",34.97177,25.27246
"Pterois miles","2020-09-24",36.927,26.0305
"Pterois miles","2017-01-01",36.5343,31.9991
"Pterois miles","2019-01-01",35.0565,34.0177
"Pterois miles","2020-01-01",36.5905,27.2081
"Pterois miles","2020-01-01",36.54158,22.38868
"Pterois miles","2016-01-01",34.2091,35.6449
"Pterois miles","2020-02-27",32.1382,34.7345
"Pterois miles","2019-01-01",36.0457,27.9555
"Pterois miles","2018-07-09",35.2044,25.7154
"Pterois miles","2020-01-01",32.9501,21.9532
"Pterois miles","2021-10-15",37.4032,23.2801
"Pterois miles","2020-01-01",36.3705,28.2341
"Pterois miles","2019-01-01",36.45496,22.97832
"Pterois miles","2017-08-16",35.3515,24.3535
"Pterois miles","2020-01-01",38.3199,20.7674
"Pterois miles","2021-10-20",37.0043,22.095
"Pterois miles","2016-01-01",33.827,35.468
"Pterois miles","2022-01-01",37.673,21.305
"Pterois miles","2021-04-16",31.7647,34.5882
"Pterois miles","2018-07-29",33.2524,35.1834
"Pterois miles","2021-01-01",37.8683,24.7057
"Pterois miles","2019-01-01",36.42931,28.23534
"Pterois miles","2024-09-01",42.9842,16.0203
"Pterois miles","2015-07-01",34.485,35.763
"Pterois miles","2020-01-01",36.2519,28.1803
"Pterois miles","2022-01-01",36.6136,27.1543
"Pterois miles","2019-01-01",35.52716,27.1037
"Pterois miles","2019-01-01",35.5272,27.1037
"Pterois miles","2020-01-01",35.0899,26.2708
"Pterois miles","2016-01-01",33.957,35.517
"Pterois miles","2019-01-01",36.8039,22.6223
"Pterois miles","2024-09-08",43.0403,16.0847
"Pterois miles","2024-11-17",43.0444,16.0856
"Pterois miles","2019-08-18",38.2972,23.901
"Pterois miles","2016-01-01",36.6016,30.6081
"Pterois miles","2016-01-01",34.505,35.829
"Pterois miles","2020-02-28",32.1607,34.668
"Pterois miles","2016-01-01",33.904,35.482
"Pterois miles","2021-02-23",32.0257,34.6786
"Pterois miles","2016-01-01",34.474,35.799
"Pterois miles","2018-01-01",34.9719,25.2725
"Pterois miles","2021-04-01",32.0257,34.6786
"Pterois miles","2019-01-01",36.4377,28.2012
"Pterois miles","2019-08-08",36.6973,25.2862
"Pterois miles","2021-12-08",35.0748,32.3341
"Pterois miles","2020-09-20",36.6983,25.2884
"Pterois miles","2020-01-01",37.6709,23.9398
"Pterois miles","2020-01-01",37.0441,21.5571
"Pterois miles","2023-07-01",38.3007,16.341
"Pterois miles","2017-08-01",36.3789,28.2417
"Pterois miles","2024-08-22",43.3405,16.3475
"Pterois miles","2020-01-01",36.1649,28.098
"Pterois miles","2015-09-01",33.905,35.485
"Pterois miles","2019-06-12",37.6445,20.8303
"Pterois miles","2017-04-01",35.1764,24.3929
"Pterois miles","2019-07-05",35.6927,34.5613
"Pterois miles","2019-07-05",35.6927,34.5613
"Pterois miles","2019-05-07",34.9912,25.5326
"Pterois miles","2016-01-01",34.281,35.65
"Pterois miles","2019-08-01",36.65765,25.12312
"Pterois miles","2017-08-01",36.173,28.105
"Pterois miles","2019-01-01",36.2233,29.4006
"Pterois miles","2019-01-01",36.8628,22.2502
"Pterois miles","2015-07-01",36.386,28.246
"Pterois miles","2016-01-01",36.25,29.41
"Pterois miles","2018-08-01",31.373083,27.203583
"Pterois miles","2020-01-01",35.9052,27.8329
"Pterois miles","2019-01-01",38.284,21.095
"Pterois miles","2021-04-28",31.9492,34.6467
"Pterois miles","2017-01-01",35.4742,22.9986
"Pterois miles","2020-01-01",34.9857,34.0768
"Pterois miles","2019-09-16",37.5196,22.8594
"Pterois miles","2016-07-01",35.016,25.966
"Pterois miles","2015-08-01",34.03,35.605
"Pterois miles","2021-03-23",32.1045,34.7185
"Pterois miles","2024-01-01",42.6644,18.0658
"Pterois miles","2020-01-01",37.0986,25.345
"Pterois miles","2019-07-01",36.6289,22.8754
"Pterois miles","2017-01-01",36.4236,28.1912
"Pterois miles","2015-01-01",33.9036,35.4821
"Pterois miles","2024-11-07",42.9817,16.6119
"Pterois miles","2019-05-15",35.9691,14.3837
"Pterois miles","2019-01-01",35.417,26.9323
"Pterois miles","2018-01-01",36.35001,27.9061
"Pterois miles","2017-01-01",36.1245,28.07089
"Pterois miles","2019-08-27",35.3521,33.2511
"Pterois miles","2020-10-24",35.0748,32.3341
"Pterois miles","2024-09-17",42.7511,16.8122
"Pterois miles","2017-01-01",35.6359,27.4982
"Pterois miles","2020-09-19",37.0544,25.0701
"Pterois miles","2020-01-01",35.1711,24.4097
"Pterois miles","2020-01-22",32.1337,34.7345
"Pterois miles","2021-04-17",31.9492,34.6866
"Pterois miles","2018-01-23",32.1337,34.7345
"Pterois miles","2019-01-01",36.4634,22.4241
"Pterois miles","2016-01-01",34.935,33.834
"Pterois miles","2015-01-01",36.21,30.47
"Pterois miles","2024-09-19",42.7233,16.8914
"Pterois miles","2016-01-01",33.562,35.363
"Pterois miles","2016-01-01",33.929,35.576
"Pterois miles","2015-08-01",34.703,33.317
"Pterois miles","2019-01-01",36.72866,24.53892
"Pterois miles","2021-01-01",35.2907,26.2937
"Pterois miles","2016-01-01",33.8543,35.3703
"Pterois miles","2017-01-01",36.1891,29.6507
"Pterois miles","2020-01-22",32.307,34.7877
"Pterois miles","2016-01-01",34.122,35.632
"Pterois miles","2019-10-17",35.3406,25.398
"Pterois miles","2020-01-01",35.0464,34.0362
"Pterois miles","2021-01-01",37.4029,24.4923
"Pterois miles","2019-01-01",36.3329,28.20961
"Pterois miles","2018-01-01",35.2372,23.6522
"Pterois miles","2020-01-01",36.5403,26.3433
"Pterois miles","2019-01-01",36.66785,27.12746
"Pterois miles","2019-01-01",36.46005,25.36909
"Pterois miles","2019-08-13",35.6023,27.1601
"Pterois miles","2017-06-01",35.6047,27.1603
"Pterois miles","2016-01-01",36.1525,29.6231
"Pterois miles","2019-09-20",37.1421,25.1779
"Pterois miles","2019-07-01",36.6295,22.8766
"Pterois miles","2020-07-25",37.1371,24.4626
"Pterois miles","2017-01-01",36.35001,27.9061
"Pterois miles","2019-01-01",36.43768,28.20115
"Pterois miles","2018-01-01",35.51009,27.20769
"Pterois miles","2016-01-01",33.916,35.534
"Pterois miles","2016-01-01",36.1496,29.5904
"Pterois miles","2018-08-21",35.0352,25.9718
"Pterois miles","2015-09-01",33.966,35.549
"Pterois miles","2017-01-01",32.1492,34.7199
"Pterois miles","2020-02-23",31.7647,34.5084
"Pterois miles","2020-01-01",36.3531,22.9721
"Pterois miles","2019-01-01",36.3198,28.2065
"Pterois miles","2022-01-01",35.1465,33.9858
"Pterois miles","2020-01-01",35.191,25.75
"Pterois miles","2020-01-01",35.1,32.294
"Pterois miles","2020-01-01",35.5195,27.2012
"Pterois miles","2024-10-10",42.8139,17.6769
"Pterois miles","2020-01-01",35.51751,27.20174
"Pterois miles","2019-03-24",32.1877,34.7478
"Pterois miles","2021-01-01",36.9929,26.9162
"Pterois miles","2016-01-01",33.891,35.468
"Pterois miles","2020-01-24",31.9492,34.6467
"Pterois miles","2020-01-01",35.0023,25.5804
"Pterois miles","2020-08-01",37.7193,20.9533
"Pterois miles","2015-08-01",34.9836,34.0703
"Pterois miles","2020-01-01",37.8061,23.7838
"Pterois miles","2015-07-01",34.9858,34.0766
"Pterois miles","2021-01-22",32.307,34.7877
"Pterois miles","2014-01-01",36.2167,32.3167
"Pterois miles","2017-01-01",36.0426,27.9705
"Pterois miles","2017-01-01",36.4681,28.1299
"Pterois miles","2017-01-01",36.46807,28.1299
"Pterois miles","2015-07-01",34.9857,34.0768
"Pterois miles","2016-01-01",34.258,35.655
"Pterois miles","2016-01-01",34.204,35.637
"Pterois miles","2019-08-11",36.147,29.604
"Pterois miles","2016-01-01",33.981,35.61
"Pterois miles","2024-08-12",43.8736,15.1756
"Pterois miles","2020-01-01",36.0697,28.0519
"Pterois miles","2016-08-01",35.558,27.206
"Pterois miles","2019-03-10",37.9045,23.5333
"Pterois miles","2018-01-01",34.9837,34.0719
"Pterois miles","2018-01-01",34.8894,33.6508
"Pterois miles","2013-01-01",34.9614,33.82
"Pterois miles","2020-01-01",34.9828,25.4996
"Pterois miles","2021-12-19",34.6295,32.8697
"Pterois miles","2019-11-02",34.9861,34.0772
"Pterois miles","2018-01-01",35.0932,24.6319
"Pterois miles","2018-01-01",35.927,27.8564
"Pterois miles","2020-01-01",37.0448,21.5583
"Pterois miles","2020-04-20",31.9762,34.66
"Pterois miles","2019-01-01",37.40983,25.35683
"Pterois miles","2020-01-01",39.1285,25.9354
"Pterois miles","2021-01-01",37.0096,26.9402
"Pterois miles","2021-11-24",31.8412,34.4711
"Pterois miles","2018-01-01",35.0984,26.2639
"Pterois miles","2021-08-17",35.3597,33.2003
"Pterois miles","2020-02-26",31.8885,34.6041
"Pterois miles","2020-04-27",32.892,34.9366
"Pterois miles","2021-01-20",32.721,34.8648
"Pterois miles","2020-01-01",36.7995,24.5912
"Pterois miles","2020-04-28",31.7197,34.4765
"Pterois miles","2019-01-01",36.79945,24.59116
"Pterois miles","2012-10-01",34.493,35.917
"Pterois miles","2020-01-01",36.55887,27.83057
"Pterois miles","2020-04-16",31.7647,34.4552
"Pterois miles","2024-10-15",42.9583,16.0161
"Pterois miles","2021-10-06",35.0051,25.7576
"Pterois miles","2017-01-01",34.986,34.0767
"Pterois miles","2014-10-01",34.818,33.634
"Pterois miles","2020-01-01",35.0629,34.0077
"Pterois miles","2021-04-27",31.9492,34.6467
"Pterois miles","2016-01-01",33.837,35.477
"Pterois miles","2021-09-14",35.5144,27.2052
"Pterois miles","2019-07-10",38.9262,22.8557
"Pterois miles","2014-01-01",36.1525,29.6231
"Pterois miles","2020-10-31",32.8498,21.4888
"Pterois miles","2016-01-01",34.36,35.724
"Pterois miles","2019-08-08",35.4175,26.9317
"Pterois miles","2019-01-01",35.2323,25.7402
"Pterois miles","2019-06-08",35.3595,33.6041
"Pterois miles","2016-01-01",33.914,35.526
"Pterois miles","2017-01-01",36.1096,28.0676
"Pterois miles","2021-09-09",35.5129,27.2064
"Pterois miles","2008-01-01",39.69887,22.87954
"Pterois miles","2020-01-01",35.5129,27.2064
"Pterois miles","2024-07-01",36.7303,28.3053
"Pterois miles","2018-01-01",34.9625,33.8228
"Pterois miles","2020-02-27",32.1112,34.7558
"Pterois miles","2018-01-01",35.92698,27.85642
"Pterois miles","2015-07-01",35.919,27.857
"Pterois miles","2021-10-11",35.9278,27.8574
"Pterois miles","2022-08-01",40.3245,19.3704
"Pterois miles","2021-01-01",36.4581,25.3727
"Pterois miles","2018-01-01",35.58785,27.17887
"Pterois miles","2016-01-01",33.976,35.573
"Pterois miles","2018-01-01",35.58967,27.17928
"Pterois miles","2019-01-01",36.99374,25.13437
"Pterois miles","2016-01-01",33.971,35.574
"Pterois miles","2018-01-01",36.5664,27.8638
"Pterois miles","2019-09-19",35.0967,24.6565
"Pterois miles","2017-01-01",33.0293,35.0532
"Pterois miles","2019-03-01",36.9165,21.6946
"Pterois miles","2022-01-01",36.3853,22.483
"Pterois miles","2019-08-09",35.3474,26.8715
"Pterois miles","2019-11-23",35.0057,34.0746
"Pterois miles","2017-01-01",36.3855,28.2458
"Pterois miles","2016-01-01",33.905,35.495
"Pterois miles","2016-01-01",34.39,35.754
"Pterois miles","2020-01-01",34.985,34.082
"Pterois miles","2015-01-01",36.1524,29.6304
"Pterois miles","2019-01-01",36.46061,25.36811
"Pterois miles","2019-08-03",35.0405,34.0365
"Pterois miles","2019-08-15",35.1458,23.8858
"Pterois miles","2019-01-01",36.6685,27.118
"Pterois miles","2016-01-01",34.27,35.655
"Pterois miles","2017-01-01",35.1761,24.2343
"Pterois miles","2024-09-03",43.0056,16.0883
"Pterois miles","2020-01-01",35.9147,27.8409
"Pterois miles","2020-09-01",36.7591,24.5688
"Pterois miles","2020-01-01",36.7502,24.6236
"Pterois miles","2020-06-08",35.3595,33.6041
"Pterois miles","2017-01-01",36.1525,29.6231
"Pterois miles","2020-01-01",36.4364,23.1423
"Pterois miles","2020-01-01",35.002,34.0715
"Pterois miles","2015-01-01",36.19,29.64
"Pterois miles","2020-01-01",36.63493,27.84553
"Pterois miles","2021-01-01",38.8544,24.5086
"Pterois miles","2020-05-17",35.3596,33.1826
"Pterois miles","2016-01-01",34.268,35.646
"Pterois miles","2020-03-26",32.0527,34.6919
"Pterois miles","2018-01-01",36.42632,28.23344
"Pterois miles","2016-01-01",36.4257,28.2334
"Pterois miles","2019-01-01",36.455,22.9783
"Pterois miles","2016-01-01",33.894,35.466
"Pterois miles","2020-01-01",37.6703,20.7406
"Pterois miles","2016-01-01",36.4486,28.2349
"Pterois miles","2015-01-01",36.1885,29.6097
"Pterois miles","2020-01-01",34.9867,34.0794
"Pterois miles","2021-09-26",35.191,25.75
"Pterois miles","2014-10-01",34.969,34.001
"Pterois miles","2017-01-01",36.4293,28.2353
"Pterois miles","2020-01-01",38.1533,20.7745
"Pterois miles","2020-01-01",35.0104,34.0703
"Pterois miles","2019-01-01",35.192,24.367
"Pterois miles","2018-09-05",34.7242,32.4448
"Pterois miles","2015-01-01",35.318,26.328
"Pterois miles","2020-01-27",32.9392,34.918
"Pterois miles","2020-01-01",36.9015,25.6219
"Pterois miles","2020-08-14",36.4074,27.3584
"Pterois miles","2024-09-14",43.4864,16.0217
"Pterois miles","2020-02-24",31.9492,34.6228
"Pterois miles","2016-01-01",36.1979,29.6186
"Pterois miles","2019-01-01",35.5581,27.2049
"Pterois miles","2019-01-01",36.45994,25.36873
"Pterois miles","2024-10-17",42.6497,18.0594
"Pterois miles","2019-01-01",35.12787,25.74435
"Pterois miles","2016-01-01",33.914,35.514
"Pterois miles","2021-03-31",32.1607,34.668
"Pterois miles","2020-01-01",35.3711,24.5002
"Pterois miles","2020-01-01",36.0608,27.99054
"Pterois miles","2020-07-10",34.9858,34.0769
"Pterois miles","2021-08-10",36.1257,29.5788
"Pterois miles","2020-01-01",36.7762,27.1442
"Pterois miles","2021-03-27",32.2192,34.6653
"Pterois miles","2016-01-01",34.116,35.642
"Pterois miles","2016-01-01",34.461,35.799
"Pterois miles","2019-01-01",36.75018,24.62356
"Pterois miles","2020-06-16",35.3612,33.6456
"Pterois miles","2018-01-01",36.45563,28.22405
"Pterois miles","2018-06-29",36.1787,29.641
"Pterois miles","2017-01-01",35.0022,25.7323
"Pterois miles","2023-06-01",38.3008,16.3408
"Pterois miles","2019-07-29",33.2627,35.1922
"Pterois miles","2020-01-01",37.0841,25.6072
"Pterois miles","2020-01-01",34.8917,33.6517
"Pterois miles","2020-01-01",35.5513,27.216
"Pterois miles","2021-07-29",33.2627,35.1922
"Pterois miles","2016-01-01",34.245,35.65
"Pterois miles","2014-01-01",34.9643,34.0753
"Pterois miles","2016-01-01",33.904,35.491
"Pterois miles","2020-01-01",36.6229,27.8209
"Pterois miles","2017-01-01",36.17691,28.10162
"Pterois miles","2017-01-01",36.5645,27.8254
"Pterois miles","2020-01-01",38.9717,26.5167
"Pterois miles","2014-06-01",34.131,35.621
"Pterois miles","2024-11-18",43.495,15.9922
"Pterois miles","2012-12-01",34.492,35.917
"Pterois miles","2016-01-01",33.902,35.472
"Pterois miles","2018-05-14",38.8931,22.5827
"Pterois miles","2020-01-01",37.76377,23.87312
"Pterois miles","2019-09-24",37.135,25.8221
"Pterois miles","2020-01-01",35.0041,24.7472
"Pterois miles","2021-01-20",32.4375,34.7717
"Pterois miles","2016-01-01",33.819,35.473
"Pterois miles","2019-01-01",36.45842,25.40577
"Pterois miles","2020-01-01",37.9485,24.0199
"Pterois miles","2018-01-01",34.9497,25.17541
"Pterois miles","2024-12-19",42.6644,18.0658
"Pterois miles","2020-04-28",32.9392,34.926
"Pterois miles","2021-08-15",36.4323,27.3934
"Pterois miles","2024-10-15",43.0164,16.1756
"Pterois miles","2020-01-01",35.51291,27.20637
"Pterois miles","2021-04-27",32.847,34.8861
"Pterois miles","2020-01-01",36.0608,27.9905
"Pterois miles","2021-09-23",37.0089,21.6264
"Pterois miles","2019-11-30",38.0562,12.8455
"Pterois miles","2020-01-01",36.94326,27.16469
"Pterois miles","2016-01-01",33.915,35.523
"Pterois miles","2020-01-13",31.9492,34.6866
"Pterois miles","2020-01-01",34.9609,33.8287
"Pterois miles","2019-01-01",36.47478,22.39546
"Pterois miles","2020-01-01",36.0568,28.0822
"Pterois miles","2021-08-26",35.4003,32.9159
"Pterois miles","2017-03-01",35.0065,26.1414
"Pterois miles","2018-01-01",35.2367,23.7207
"Pterois miles","2021-01-01",36.1459,29.607
"Pterois miles","2020-01-01",38.2583,20.6359
"Pterois miles","2020-01-01",35.5513,27.216
"Pterois miles","2020-01-01",36.33834,25.43118
"Pterois miles","2018-01-01",35.34679,26.87069
"Pterois miles","2019-01-01",35.2665,23.5471
"Pterois miles","2016-01-01",33.97,35.575
"Pterois miles","2020-01-01",35.18857,24.36332
"Pterois miles","2016-01-01",33.825,35.468
"Pterois miles","2019-01-01",35.8756,12.865
"Pterois miles","2019-01-01",36.0453,27.9559
"Pterois miles","2016-01-01",34.139,35.629
"Pterois miles","2020-01-01",36.62291,27.82085
"Pterois miles","2020-01-01",34.95211,24.19431
"Pterois miles","2019-01-01",37.72,20.9534
"Pterois miles","2020-09-24",36.8919,25.8963
"Pterois miles","2021-03-25",31.9492,34.6467
"Pterois miles","2019-08-21",35.2632,25.7232
"Pterois miles","2021-01-01",36.5888,27.2113
"Pterois miles","2019-01-01",36.1979,29.6186
"Pterois miles","2020-01-01",36.4613,25.3686
"Pterois miles","2018-01-01",34.6488,32.7278
"Pterois miles","2019-01-01",37.0145,21.6222
"Pterois miles","2020-01-01",36.761,24.6141
"Pterois miles","2016-01-01",33.908,35.477
"Pterois miles","2017-01-01",35.44752,27.16204
"Pterois miles","2020-01-01",37.0089,21.6264
"Pterois miles","2022-01-01",36.3616,25.4025
"Pterois miles","2020-01-01",36.4604,25.3696
"Pterois miles","2020-01-01",36.7513,24.6206
"Pterois miles","2016-01-01",33.959,35.519
"Pterois miles","2015-12-01",36.1801,33.6452
"Pterois miles","2020-10-04",33.2598,35.1975
"Pterois miles","2018-01-01",36.9933,21.6463
"Pterois miles","2020-01-01",36.458,25.3717
"Pterois miles","2020-01-01",36.59053,27.20812
"Pterois miles","2020-03-27",31.7647,34.5084
"Pterois miles","2020-01-01",36.1459,29.607
"Pterois miles","2016-01-01",36.42566,28.23344
"Pterois miles","2020-01-01",35.0063,34.0688
"Pterois miles","2021-01-01",37.6689,23.9483
"Pterois miles","2020-01-01",36.3199,28.2066
"Pterois miles","2020-01-01",36.359,25.48337
"Pterois miles","2021-01-22",32.1877,34.7478
"Pterois miles","2017-01-01",37.289,26.7294
"Pterois miles","2020-06-23",31.2791,32.2955
"Pterois miles","2024-01-01",42.6925,17.755
"Pterois miles","2020-08-03",32.892,34.9366
"Pterois miles","2019-08-19",34.7242,32.4448
"Pterois miles","2020-01-01",35.5513,27.216
"Pterois miles","2016-01-01",34.412,35.816
"Pterois miles","2018-01-01",36.8951,27.2932
"Pterois miles","2017-01-01",34.9829,34.0702
"Pterois miles","1997-01-01",36.8882,27.3134
"Pterois miles","2020-01-01",35.0446,34.0319
"Pterois miles","2020-01-01",34.7062,33.2127
"Pterois miles","2016-01-01",33.911,35.51
"Pterois miles","2020-01-01",37.0374,25.6271
"Pterois miles","2020-02-14",32.1337,34.7664
"Pterois miles","2019-01-01",35.416,24.9877
"Pterois miles","2020-06-07",35.3587,33.6011
"Pterois miles","2019-01-01",35.00297,25.58502
"Pterois miles","2021-09-24",36.8287,25.911
"Pterois miles","2020-01-01",36.3215,28.2098
"Pterois miles","2020-08-09",36.3262,28.2145
"Pterois miles","2018-09-08",36.5685,36.1081
"Pterois miles","2018-01-01",34.9497,25.1754
"Pterois miles","2020-01-01",36.06972,28.05189
"Pterois miles","2019-05-11",37.8436,23.0157
"Pterois miles","2017-08-01",34.924,26.1286
"Pterois miles","2019-01-01",36.1524,29.6304
"Pterois miles","2017-01-01",35.2057,26.1203
"Pterois miles","2020-10-23",32.612,23.1344
"Pterois miles","2021-09-24",36.8737,25.6656
"Pterois miles","2014-05-01",34.95,33.76
"Pterois miles","2018-01-01",36.215,28.1524
"Pterois miles","2020-01-01",36.9781,25.1912
"Pterois miles","2018-02-15",32.0055,34.6733
"Pterois miles","2020-09-28",39.1985,25.8447
"Pterois miles","2021-04-18",31.9492,34.6866
"Pterois miles","2020-01-01",35.0976,24.6916
"Pterois miles","2021-10-12",34.9607,33.831
"Pterois miles","2023-07-01",38.3027,16.3463
"Pterois miles","2020-09-20",37.2036,25.5246
"Pterois miles","2024-08-21",43.1517,16.3833
"Pterois miles","2016-01-01",34.25,35.65
"Pterois miles","2019-08-30",34.7242,32.4448
"Pterois miles","2018-01-01",36.1891,29.6507
"Pterois miles","2016-01-01",34.15,35.625
"Pterois miles","2020-03-19",31.992,34.668
"Pterois miles","2018-01-01",35.1742,24.412
"Pterois miles","2019-08-10",35.4751,27.1971
"Pterois miles","2020-01-01",37.3697,24.8741
"Pterois miles","2017-01-01",36.42931,28.23534
"Pterois miles","2019-01-01",36.1948,29.6122
"Pterois miles","2017-01-01",36.1512,29.616
"Pterois miles","2019-01-01",36.33311,28.20948
"Pterois miles","2016-01-01",34.802,33.601
"Pterois miles","2020-01-01",34.6969,32.5295
"Pterois miles","2013-06-01",34.003,35.631
"Pterois miles","2019-01-01",36.46088,25.36778
"Pterois miles","2016-01-01",34.9859,34.0768
"Pterois miles","2016-01-01",34.254,35.654
"Pterois miles","2019-01-01",36.761,24.61414
"Pterois miles","1995-01-01",36.44535,28.20997
"Pterois miles","2020-01-01",37.4397,24.8871
"Pterois miles","2024-05-01",38.4433,26.7762
"Pterois miles","2021-01-01",36.3616,25.4025
"Pterois miles","2020-01-01",36.45607,28.21776
"Pterois miles","2021-08-09",36.3262,28.2145
"Pterois miles","2018-01-01",36.1524,29.6304
"Pterois miles","2017-01-01",36.1524,29.6304
"Pterois miles","2015-09-01",33.913,35.521
"Pterois miles","2020-01-01",36.4561,28.2178
"Pterois miles","2016-01-01",33.967,35.524
"Pterois miles","2020-01-01",34.8709,24.0714
"Pterois miles","2020-01-01",36.45773,25.3721
"Pterois miles","2019-01-01",37.0509,21.5563
"Pterois miles","2018-01-01",34.8661,24.1144
"Pterois miles","2020-01-01",34.999,34.068
"Pterois miles","2021-09-08",37.0813,25.1328
"Pterois miles","2025-06-22",38.35294,15.83447
"Pterois miles","2024-09-17",42.7764,16.8714
"Pterois miles","2014-01-01",36.21,30.41
"Pterois miles","2016-01-01",34.499,35.816
"Pterois miles","2021-10-27",36.7143,24.4122
"Pterois miles","2017-01-01",36.6596,35.6937
"Pterois miles","2018-01-01",36.8957,27.2938
"Pterois miles","2020-01-01",36.9461,25.5664
"Pterois miles","2020-01-01",40.6098,26.0603
"Pterois miles","2015-07-01",34.952,34.068
"Pterois miles","2019-09-02",35.3516,33.2755
"Pterois miles","2020-01-01",35.2598,25.7528
"Pterois miles","2020-01-01",36.36983,25.48584
"Pterois miles","2019-01-28",32.433,34.7717
"Pterois miles","2020-01-01",35.0051,25.7576
"Pterois miles","2017-01-01",35.17215,24.40063
"Pterois miles","2016-01-01",34.9859,34.0767
"Pterois miles","2024-09-22",43.0106,16.0642
"Pterois miles","2020-09-17",37.6563,20.859
"Pterois miles","2016-01-01",33.834,35.475
"Pterois miles","2019-01-01",35.55805,27.20487
"Pterois miles","2019-08-05",35.0385,34.038
"Pterois miles","2020-01-01",35.5144,27.2052
"Pterois miles","2021-01-01",38.6385,26.5291
"Pterois miles","2022-01-01",40.6098,26.0603
"Pterois miles","2015-10-01",34.118,35.634
"Pterois miles","2021-11-30",35.3711,24.5002
"Pterois miles","2016-01-01",34.229,35.654
"Pterois miles","2021-01-01",40.6098,26.0603
"Pterois miles","2016-01-01",34.2751,35.6342
"Pterois miles","2017-01-01",34.99356,26.11653
"Pterois miles","2018-01-01",36.0729,28.038
"Pterois miles","2019-08-15",36.4605,25.3703
"Pterois miles","2021-09-20",36.8389,25.4115
"Pterois miles","2021-04-28",31.7647,34.5084
"Pterois miles","2018-01-01",35.221,23.6723
"Pterois miles","2015-01-01",32.8415,35.0344
"Pterois miles","2018-01-01",35.8004,27.1707
"Pterois miles","2018-01-01",36.808,27.1737
"Pterois miles","2024-10-01",43.0336,15.7653
"Pterois miles","2019-08-26",35.4003,32.9159
"Pterois miles","2019-03-04",34.6776,33.0516
"Pterois miles","2021-04-28",31.992,34.668
"Pterois miles","2021-03-28",31.992,34.668
"Pterois miles","2020-01-01",36.1459,29.607
"Pterois miles","2021-01-01",36.1459,29.607
"Pterois miles","2019-03-16",38.8854,22.8075
"Pterois miles","2018-08-01",31.3235,27.3656
"Pterois miles","2021-09-01",35.352,33.2495
"Pterois miles","2016-01-01",34.9858,34.0768
"Pterois miles","2019-05-23",35.3605,33.6457
"Pterois miles","2020-01-01",35.0966,24.6523
"Pterois miles","2020-01-01",37.6824,20.8744
"Pterois miles","2020-02-28",31.9492,34.6467
"Pterois miles","2020-01-01",36.852,25.9522
"Pterois miles","2021-02-24",31.9492,34.6467
"Pterois miles","2020-01-01",37.0221,22.1161
"Pterois miles","2018-01-01",35.1722,24.4003
"Pterois miles","2016-01-01",34.123,35.633
"Pterois miles","2020-01-01",38.1561,21.588
"Pterois miles","2020-09-01",35.352,33.2495
"Pterois miles","2020-09-24",36.7831,25.8455
"Pterois miles","2020-01-01",36.45793,25.37178
"Pterois miles","2016-01-01",33.831,35.478
"Pterois miles","2017-07-01",36.0705,28.0472
"Pterois miles","2016-01-01",36.0617,28.0501
"Pterois miles","2017-06-01",35.1798,24.2278
"Pterois miles","2018-01-01",36.0729,28.03804
"Pterois miles","2021-10-26",32.847,34.9393
"Pterois miles","2020-10-01",39.473,26.623
"Pterois miles","2020-01-01",35.2306,23.6355
"Pterois miles","2021-01-20",32.4712,34.785
"Pterois miles","2020-09-24",36.9105,25.6498
"Pterois miles","2001-01-12",31.7647,34.4153
"Pterois miles","2020-02-27",32.1337,34.7664
"Pterois miles","2019-01-01",37.2139,21.5953
"Pterois miles","2018-01-01",35.19875,24.13498
"Pterois miles","2021-04-24",32.0257,34.6786
"Pterois miles","2021-01-01",36.9385,26.9876
"Pterois miles","2020-01-01",35.2341,23.7192
"Pterois miles","2020-04-28",31.7647,34.5084
"Pterois miles","2018-01-01",36.1885,29.6097
"Pterois miles","2015-01-01",35.4365,35.8581
"Pterois miles","2020-01-01",36.5824,27.8602
"Pterois miles","2020-07-26",37.1376,24.4549
"Pterois miles","2015-01-01",35.3577,33.2974
"Pterois miles","2018-01-01",36.1948,29.6122
"Pterois miles","2022-01-01",36.5888,27.2113
"Pterois miles","2021-09-02",35.3516,33.2755
"Pterois miles","2019-01-01",36.1512,29.616
"Pterois miles","2019-01-01",36.4584,25.4058
"Pterois miles","2020-09-23",36.8544,25.4949
"Pterois miles","2024-08-19",42.6644,18.0658
"Pterois miles","2020-01-01",37.0126,25.5795
"Pterois miles","2019-06-26",35.519,24.0195
"Pterois miles","2021-04-16",31.7647,34.5084
"Pterois miles","2015-01-01",36.25,29.41
"Pterois miles","2020-01-01",35.4011,25.0343
"Pterois miles","2017-05-01",34.9972,25.5814
"Pterois miles","2019-09-01",35.352,33.2495
"Pterois miles","2019-01-01",36.04534,27.95591
"Pterois miles","2020-02-22",31.7647,34.4552
"Pterois miles","2020-01-01",36.6883,22.3843
"Pterois miles","2016-01-01",34.402,35.803
"Pterois miles","2024-11-08",42.9197,16.7092
"Pterois miles","2024-01-01",42.8981,16.7036
"Pterois miles","2019-01-01",36.76025,24.61375
"Pterois miles","2019-05-23",35.3605,33.6457
"Pterois miles","2020-08-05",35.5592,27.2045
"Pterois miles","2019-08-01",36.0081,13.0081
"Pterois miles","2016-01-01",34.9836,34.0703
"Pterois miles","2020-09-02",35.3516,33.2755
"Pterois miles","2013-06-01",34.034,35.621
"Pterois miles","2019-01-01",36.6814,22.8449
"Pterois miles","2016-01-01",34.3052,35.6724
"Pterois miles","2020-01-01",35.0904,32.2728
"Pterois miles","2019-08-05",35.0385,34.038
"Pterois miles","2016-01-01",33.87,35.476
"Pterois miles","2022-10-10",35.4166,24.9869
"Pterois miles","2019-08-27",35.3521,33.2511
"Pterois miles","2016-01-01",34.13,35.639
"Pterois miles","2019-01-01",34.84775,24.11758
"Pterois miles","2021-01-28",32.505,34.8542
"Pterois miles","2017-07-01",35.0065,26.1414
"Pterois miles","2020-01-01",36.36064,25.48651
"Pterois miles","2021-01-01",36.6136,27.1543
"Pterois miles","2020-01-01",36.7603,24.6137
"Pterois miles","2020-01-01",34.9661,34.0816
"Pterois miles","2015-07-01",34.935,33.834
"Pterois miles","2016-01-01",33.547,35.355
"Pterois miles","2016-01-01",34.2831,35.6538
"Pterois miles","2019-08-27",35.3521,33.2511
"Pterois miles","2016-01-01",34.25,35.655
"Pterois miles","2020-01-01",35.0029,25.5824
"Pterois miles","2020-01-01",34.9935,34.0767
"Pterois miles","2016-01-01",34.447,35.805
"Pterois miles","2016-01-01",34.02,35.621
"Pterois miles","2018-01-01",37.1906,26.8163
"Pterois miles","2019-03-05",34.6777,33.0522
"Pterois miles","2016-01-01",34.312,35.672
"Pterois miles","2020-01-01",36.5974,24.9538
"Pterois miles","2018-08-01",31.3731,27.2036
"Pterois miles","2016-01-01",36.7977,21.9618
"Pterois miles","2020-01-01",35.5513,27.216
"Pterois miles","2019-01-01",35.2002,24.1176
"Pterois miles","2019-06-07",35.3587,33.6011
"Pterois miles","2017-01-01",36.1979,29.6186
"Pterois miles","2018-01-01",35.5168,27.2006
"Pterois miles","2016-01-01",34.024,35.556
"Pterois miles","2020-09-23",36.8232,25.4185
"Pterois miles","2016-01-01",33.881,35.47
"Pterois miles","2017-01-01",35.52189,24.01753
"Pterois miles","2016-01-01",34.058,35.631
"Pterois miles","2020-04-22",31.7647,34.4552
"Pterois miles","2020-01-01",38.32516,23.95216
"Pterois miles","2016-01-01",34.952,34.068
"Pterois miles","2020-05-23",35.3605,33.6457
"Pterois miles","2016-01-01",34.2653,35.6365
"Pterois miles","2020-01-01",35.51951,27.20121
"Pterois miles","2020-07-15",36.2314,27.5148
"Pterois miles","2017-01-01",35.5219,24.0175
"Pterois miles","2020-01-01",35.09665,24.65234
"Pterois miles","2019-01-01",34.8477,24.1176
"Pterois miles","2015-01-01",35.3743,33.1858
"Pterois miles","2018-01-01",35.51684,27.20064
"Pterois miles","2021-08-27",35.3521,33.2511
"Pterois miles","2021-01-01",35.1711,24.4097
"Pterois miles","2020-03-18",32.1922,34.7504
"Pterois miles","2019-01-01",36.0457,27.95546
"Rachycentron canadum","2014-12-01",33.268,35.172
"Rachycentron canadum","1978-01-01",33.892,35.467
"Rachycentron canadum","2012-07-01",34.405,35.676
"Rachycentron canadum","2020-05-01",34.3851,35.768
"Rachycentron canadum","2013-08-01",36.721,28.274
"Rachycentron canadum","2019-04-01",31.9807,19.9527
"Rastrelliger kanagurta","1967-01-01",33.936,35.582
"Rhabdosargus haffara","1992-01-01",34.026,35.621
"Rhincodon typus","2021-10-01",35.986,35.9513
"Rhincodon typus","2022-12-01",35.9709,-5.3786
"Rhizoprionodon acutus","1985-01-01",40.1,16.9
"Rhynchoconger trewavasae","1987-01-01",32.001,34.7
"Sardinella gibbosa","2017-04-29",32.1337,34.66
"Sardinella gibbosa","2017-04-22",31.7197,34.4233
"Sardinella gibbosa","2022-07-01",35.8524,35.8378
"Sardinella gibbosa","2011-05-01",31.821,34.592
"Sardinella gibbosa","2008-04-01",31.82,34.597
"Sardinella gibbosa","2008-04-01",31.937,34.691
"Sardinella gibbosa","2012-01-01",31.823,34.593
"Sardinella gibbosa","2021-04-27",32.892,34.9127
"Sargocentron caudimaculatum","2021-10-01",37.0492,10.905
"Sargocentron rubrum","2016-06-15",31.92,34.6254
"Sargocentron rubrum","1995-02-19",37.0159,26.9655
"Sargocentron rubrum","2020-01-01",36.93533,27.15105
"Sargocentron rubrum","2015-06-18",32.1922,34.7504
"Sargocentron rubrum","2018-03-30",34.084,35.6412
"Sargocentron rubrum","2020-05-14",32.1112,34.7185
"Sargocentron rubrum","2007-01-01",37.106,26.757
"Sargocentron rubrum","2017-01-01",36.75456,24.5758
"Sargocentron rubrum","2020-01-01",36.80603,24.58985
"Sargocentron rubrum","2019-05-01",36.3674,28.2424
"Sargocentron rubrum","1948-01-01",36.15,27.62
"Sargocentron rubrum","1994-01-01",36.852,30.721
"Sargocentron rubrum","2014-08-01",37.27,26.76
"Sargocentron rubrum","2001-04-01",34.245,35.642
"Sargocentron rubrum","2021-06-16",31.9492,34.6467
"Sargocentron rubrum","2018-08-05",34.6489,33.0331
"Sargocentron rubrum","2014-06-18",31.9492,34.6467
"Sargocentron rubrum","2019-07-03",34.3101,35.7006
"Sargocentron rubrum","2021-01-01",36.6136,27.1543
"Sargocentron rubrum","2021-05-14",32.847,34.9074
"Sargocentron rubrum","2014-06-12",36.5596,29.0866
"Sargocentron rubrum","2019-05-26",32.1922,34.7504
"Sargocentron rubrum","2019-08-08",38.26,20.3735
"Sargocentron rubrum","2019-08-12",37.7336,23.9019
"Sargocentron rubrum","2017-01-01",36.99048,25.1347
"Sargocentron rubrum","2014-06-11",32.1337,34.7345
"Sargocentron rubrum","2019-01-01",36.9682,25.1219
"Sargocentron rubrum","2018-07-07",36.7385,28.9275
"Sargocentron rubrum","2020-05-10",31.9492,34.6467
"Sargocentron rubrum","2018-08-20",34.9325,24.8064
"Sargocentron rubrum","2014-06-01",37.32,26.71
"Sargocentron rubrum","1994-01-01",36.632,29.064
"Sargocentron rubrum","2008-01-01",33.2745,35.1959
"Sargocentron rubrum","2022-01-01",35.1465,33.9858
"Sargocentron rubrum","2017-01-01",36.5564,27.82047
"Sargocentron rubrum","2021-06-24",32.1337,34.7345
"Sargocentron rubrum","2021-06-25",31.92,34.6733
"Sargocentron rubrum","2020-05-11",32.1337,34.7345
"Sargocentron rubrum","2021-06-15",32.1337,34.7345
"Sargocentron rubrum","2019-09-23",34.9574,32.3051
"Sargocentron rubrum","2016-07-10",35.0038,34.0699
"Sargocentron rubrum","2021-05-28",31.992,34.7052
"Sargocentron rubrum","2015-06-15",31.965,34.6573
"Sargocentron rubrum","2020-05-26",32.3407,34.7983
"Sargocentron rubrum","2016-06-12",36.5596,29.0866
"Sargocentron rubrum","2010-09-01",32.388,34.722
"Sargocentron rubrum","2015-06-18",31.9492,34.6467
"Sargocentron rubrum","2021-05-14",32.1112,34.7185
"Sargocentron rubrum","2015-06-25",32.1337,34.7345
"Sargocentron rubrum","2001-04-01",33.127,35.131
"Sargocentron rubrum","2020-05-11",32.1045,34.7185
"Sargocentron rubrum","2014-06-16",32.1337,34.7345
"Sargocentron rubrum","2020-06-14",32.1607,34.7398
"Sargocentron rubrum","2017-01-01",36.57968,26.35216
"Sargocentron rubrum","1980-01-01",32.961,35.061
"Sargocentron rubrum","2021-05-15",32.5072,34.8728
"Sargocentron rubrum","2019-11-10",34.0912,35.6462
"Sargocentron rubrum","2020-05-02",31.8885,34.6041
"Sargocentron rubrum","2012-11-01",36.151,29.628
"Sargocentron rubrum","2014-06-23",31.92,34.6254
"Sargocentron rubrum","2019-08-20",38.9769,26.5053
"Sargocentron rubrum","2017-01-01",35.22352,23.68562
"Sargocentron rubrum","2020-05-20",32.1337,34.7345
"Sargocentron rubrum","1994-01-01",36.768,34.687
"Sargocentron rubrum","2017-01-01",36.93749,21.68476
"Sargocentron rubrum","2021-05-21",32.1337,34.7345
"Sargocentron rubrum","2021-05-11",32.0257,34.6786
"Sargocentron rubrum","2021-05-15",32.5522,34.8622
"Sargocentron rubrum","2020-01-01",36.78889,24.58389
"Sargocentron rubrum","2014-06-29",31.9492,34.6467
"Sargocentron rubrum","2018-04-22",31.7647,34.4153
"Sargocentron rubrum","2016-01-01",36.12065,28.06955
"Sargocentron rubrum","2020-05-10",31.992,34.668
"Sargocentron rubrum","2019-06-26",34.6912,33.0825
"Sargocentron rubrum","2020-05-19",32.1337,34.7664
"Sargocentron rubrum","2018-01-01",36.55017,27.84439
"Sargocentron rubrum","2014-06-09",32.1337,34.7345
"Sargocentron rubrum","2020-02-01",36.3559,28.2309
"Sargocentron rubrum","2021-06-09",31.92,34.6733
"Sargocentron rubrum","2019-09-06",34.7524,32.409
"Sargocentron rubrum","2018-01-01",36.89014,27.30275
"Sargocentron rubrum","2017-01-01",36.31871,28.20733
"Sargocentron rubrum","2021-05-17",32.082,34.7079
"Sargocentron rubrum","2018-05-01",32.2462,34.6387
"Sargocentron rubrum","2022-01-01",36.4393,28.1582
"Sargocentron rubrum","2010-07-31",36.7734,22.5966
"Sargocentron rubrum","2017-07-07",36.7385,28.9275
"Sargocentron rubrum","2021-05-12",32.1337,34.66
"Sargocentron rubrum","2021-01-01",31.78,31.68
"Sargocentron rubrum","2020-06-23",31.9492,34.6467
"Sargocentron rubrum","2018-07-02",36.1614,29.6287
"Sargocentron rubrum","2021-05-17",32.019,34.676
"Sargocentron rubrum","2017-01-01",37.01983,22.1181
"Sargocentron rubrum","2018-05-21",31.9762,34.66
"Sargocentron rubrum","2020-05-20",32.2192,34.7611
"Sargocentron rubrum","2018-05-03",34.3159,35.7012
"Sargocentron rubrum","2016-01-01",35.4036,32.9202
"Sargocentron rubrum","2021-05-27",31.9492,34.6866
"Sargocentron rubrum","2019-11-08",34.9662,34.0848
"Sargocentron rubrum","2017-08-26",37.3914,24.9933
"Sargocentron rubrum","2021-06-17",32.1112,34.7185
"Sargocentron rubrum","2014-06-15",31.9762,34.66
"Sargocentron rubrum","2014-06-08",32.2192,34.7611
"Sargocentron rubrum","2020-05-01",31.8975,34.6121
"Sargocentron rubrum","2019-06-14",36.1491,29.5981
"Sargocentron rubrum","2014-08-01",37.3,26.8
"Sargocentron rubrum","2010-09-01",32.58,34.707
"Sargocentron rubrum","2017-01-01",31.25,29.87
"Sargocentron rubrum","2017-01-01",35.80485,27.16517
"Sargocentron rubrum","2021-05-02",31.9762,34.66
"Sargocentron rubrum","2021-05-12",32.1045,34.652
"Sargocentron rubrum","2001-04-01",34.301,35.646
"Sargocentron rubrum","2020-05-16",31.992,34.668
"Sargocentron rubrum","2014-08-01",37.3,26.81
"Sargocentron rubrum","2021-05-10",32.847,34.9074
"Sargocentron rubrum","2010-09-01",32.827,34.958
"Sargocentron rubrum","2020-05-26",32.019,34.676
"Sargocentron rubrum","2020-05-02",32.019,34.676
"Sargocentron rubrum","2019-07-01",38.9754,26.4895
"Sargocentron rubrum","2015-06-14",32.289,34.785
"Sargocentron rubrum","2021-05-12",32.082,34.644
"Sargocentron rubrum","2018-10-15",34.0287,35.622
"Sargocentron rubrum","2018-06-01",37.0662,11.0086
"Sargocentron rubrum","2021-01-01",36.5888,27.2113
"Sargocentron rubrum","1985-01-01",32.854,35.056
"Sargocentron rubrum","2001-04-01",34.321,35.713
"Sargocentron rubrum","2018-04-12",36.6283,15.0211
"Sargocentron rubrum","2018-11-05",36.7178,14.8328
"Sargocentron rubrum","2015-01-01",35.856,14.349
"Sargocentron rubrum","2016-12-22",34.9816,33.7335
"Sargocentron rubrum","2018-01-01",35.03152,25.94743
"Sargocentron rubrum","2015-01-01",36.077,14.261
"Sargocentron rubrum","2021-06-24",32.082,34.7451
"Sargocentron rubrum","2020-05-26",32.0482,34.6893
"Sargocentron rubrum","2020-05-21",31.9762,34.66
"Sargocentron rubrum","2017-09-28",35.0809,14.539
"Sargocentron rubrum","2018-06-11",36.5397,29.0529
"Sargocentron rubrum","2021-06-26",32.1337,34.7664
"Sargocentron rubrum","2021-06-12",32.1337,34.7664
"Sargocentron rubrum","2021-05-19",32.1337,34.7345
"Sargocentron rubrum","2021-06-24",32.1337,34.7664
"Sargocentron rubrum","2021-06-10",31.965,34.6946
"Sargocentron rubrum","2021-06-16",32.1045,34.7185
"Sargocentron rubrum","2020-06-11",32.1877,34.7478
"Sargocentron rubrum","2019-06-09",34.7524,32.409
"Sargocentron rubrum","2001-04-01",34.389,35.726
"Sargocentron rubrum","2022-01-01",36.9385,26.9876
"Sargocentron rubrum","2020-06-10",32.1337,34.7345
"Sargocentron rubrum","2020-06-11",32.1337,34.7345
"Sargocentron rubrum","2013-04-01",36.183,29.643
"Sargocentron rubrum","2019-06-29",36.1787,29.641
"Sargocentron rubrum","2021-05-01",32.2192,34.5775
"Sargocentron rubrum","2020-05-18",31.992,34.668
"Sargocentron rubrum","2015-05-01",36.328,28.225
"Sargocentron rubrum","2007-01-01",36.701,27.726
"Sargocentron rubrum","2015-06-14",32.1607,34.7398
"Sargocentron rubrum","2015-06-11",32.1607,34.7398
"Sargocentron rubrum","2017-01-01",35.16586,24.4195
"Sargocentron rubrum","2021-06-24",31.92,34.6733
"Sargocentron rubrum","2014-09-01",34.997,34.069
"Sargocentron rubrum","2018-05-08",34.6745,33.0535
"Sargocentron rubrum","2021-05-26",32.3992,34.8196
"Sargocentron rubrum","2022-01-01",36.6136,27.1543
"Sargocentron rubrum","2019-11-08",34.9831,34.0134
"Sargocentron rubrum","2022-01-01",36.5888,27.2113
"Sargocentron rubrum","2018-09-11",34.976,34.0757
"Sargocentron rubrum","2017-01-01",36.57967,27.09773
"Sargocentron rubrum","2020-06-13",32.3407,34.7983
"Sargocentron rubrum","2020-01-01",36.36064,25.48651
"Sargocentron rubrum","2021-05-19",31.992,34.668
"Sargocentron rubrum","2020-05-10",31.965,34.6573
"Sargocentron rubrum","2018-01-01",34.939,24.82649
"Sargocentron rubrum","2017-01-01",36.94234,26.99358
"Sargocentron rubrum","2017-01-01",36.07793,28.09045
"Sargocentron rubrum","2017-10-03",34.42,35.8
"Sargocentron rubrum","2012-07-01",35.6028,27.1596
"Sargocentron rubrum","2012-03-01",33.2889,35.1886
"Sargocentron rubrum","2015-06-29",31.9762,34.66
"Sargocentron rubrum","2021-05-28",31.9492,34.6866
"Sargocentron rubrum","2007-01-01",36.725,27.994
"Sargocentron rubrum","2010-10-10",34.4386,35.8007
"Sargocentron rubrum","2020-07-01",36.3559,28.2309
"Sargocentron rubrum","2020-05-11",32.5072,34.8542
"Sargocentron rubrum","2019-08-25",34.8825,33.6384
"Sargocentron rubrum","1995-01-01",32.854,35.052
"Sargocentron rubrum","2018-06-08",35.178,25.7346
"Sargocentron rubrum","2016-01-01",36.61593,27.85749
"Sargocentron rubrum","2015-06-19",31.992,34.668
"Sargocentron rubrum","2015-02-23",34.7075,33.1314
"Sargocentron rubrum","2007-01-01",36.636,27.959
"Sargocentron rubrum","2018-04-30",32.1337,34.66
"Sargocentron rubrum","2021-06-24",31.965,34.6946
"Sargocentron rubrum","2011-01-01",36.9736,27.033
"Sargocentron rubrum","2014-01-01",35.2047,25.7221
"Sargocentron rubrum","2010-09-01",32.938,35.071
"Sargocentron rubrum","2016-01-01",36.12065,28.06955
"Sargocentron rubrum","2018-06-28",34.9009,33.644
"Sargocentron rubrum","2017-07-25",35.1735,32.5558
"Sargocentron rubrum","2018-09-23",35.1662,32.5445
"Sargocentron rubrum","2021-05-13",32.1337,34.66
"Sargocentron rubrum","1945-01-01",31.55,34.42
"Sargocentron rubrum","2021-05-21",32.1337,34.66
"Sargocentron rubrum","2014-06-19",32.0257,34.6786
"Sargocentron rubrum","2013-12-01",30.8271,29.0198
"Sargocentron rubrum","2017-01-01",35.17164,24.39878
"Sargocentron rubrum","2021-05-27",32.1112,34.7558
"Sargocentron rubrum","2016-01-01",37.76001,27.02973
"Sargocentron rubrum","2014-05-01",37.29,26.73
"Sargocentron rubrum","2017-01-01",37.01934,22.11786
"Sargocentron rubrum","2005-08-01",37.5756,25.1049
"Sargocentron rubrum","2007-01-01",36.808,27.703
"Sargocentron rubrum","2012-04-27",34.4433,35.8031
"Sargocentron rubrum","2016-11-09",38.3001,20.3882
"Sargocentron rubrum","2021-05-17",32.1607,34.668
"Sargocentron rubrum","2012-08-31",38.4792,20.6749
"Sargocentron rubrum","2018-01-01",34.9497,25.17541
"Sargocentron rubrum","2015-06-12",32.1337,34.7345
"Sargocentron rubrum","2012-11-01",36.939,22.141
"Sargocentron rubrum","2021-01-01",36.9385,26.9876
"Sargocentron rubrum","2020-05-15",32.5072,34.8542
"Sargocentron rubrum","2020-05-11",32.5432,34.8808
"Sargocentron rubrum","2014-04-01",36.353,28.218
"Sargocentron rubrum","2018-01-22",32.1337,34.7345
"Sargocentron rubrum","2021-05-11",32.1337,34.66
"Sargocentron rubrum","2019-05-07",34.0457,35.6292
"Sargocentron rubrum","2015-06-10",31.965,34.6573
"Sargocentron rubrum","2015-06-17",32.1382,34.7345
"Sargocentron rubrum","2017-01-01",36.61693,27.15515
"Sargocentron rubrum","2018-09-01",36.35,35.815
"Sargocentron rubrum","2015-06-18",32.0257,34.6786
"Sargocentron rubrum","2019-08-07",35.0952,32.2587
"Sargocentron rubrum","2015-12-13",33.9043,35.4698
"Sargocentron rubrum","2014-06-14",32.1337,34.7345
"Sargocentron rubrum","1979-01-01",32.961,35.061
"Sargocentron rubrum","2017-01-01",36.939913,24.751002
"Sargocentron rubrum","2018-12-07",37.0236,10.8966
"Sargocentron rubrum","2001-04-01",34.249,35.656
"Sargocentron rubrum","2013-01-01",37.117,10.808
"Sargocentron rubrum","2020-01-01",36.78607,25.82734
"Sargocentron rubrum","2021-06-10",32.1112,34.7558
"Sargocentron rubrum","2021-06-14",32.1045,34.7185
"Sargocentron rubrum","2007-01-01",36.668,28.314
"Sargocentron rubrum","2017-01-01",36.943,27.165
"Saurida gracilis","2021-01-01",36.8139,10.565
"Saurida gracilis","2021-08-01",35.5632,35.7326
"Saurida lessepsianus","2015-06-04",35.2983,25.7441
"Saurida lessepsianus","2015-12-23",32.0055,34.6733
"Saurida lessepsianus","2014-11-26",32.2192,34.7611
"Saurida lessepsianus","2019-10-01",35.9587,14.4306
"Saurida lessepsianus","2015-09-12",32.0257,34.6786
"Saurida lessepsianus","2015-10-10",32.0055,34.6733
"Saurida lessepsianus","2019-08-30",32.1337,34.7345
"Saurida lessepsianus","2017-12-18",32.2192,34.7611
"Saurida lessepsianus","2015-09-05",32.019,34.676
"Saurida lessepsianus","2019-04-10",37.8179,23.2346
"Saurida lessepsianus","2018-09-27",32.0257,34.6786
"Saurida lessepsianus","2014-06-03",35.3489,25.6999
"Saurida lessepsianus","2019-12-19",31.8975,34.6121
"Saurida lessepsianus","2018-11-29",32.2192,34.7611
"Saurida lessepsianus","2014-11-01",32.0055,34.6733
"Saurida lessepsianus","2015-10-01",32.019,34.676
"Saurida lessepsianus","2018-08-12",32.019,34.676
"Saurida lessepsianus","1966-01-01",32.076,34.732
"Saurida lessepsianus","2017-06-01",39.3762,26.3079
"Saurida lessepsianus","2014-06-24",32.019,34.676
"Saurida lessepsianus","2016-10-02",31.92,34.6254
"Saurida lessepsianus","2019-12-18",32.2192,34.7611
"Saurida lessepsianus","2020-09-22",35.3606,33.1796
"Saurida lessepsianus","2017-04-09",37.8948,23.4933
"Saurida lessepsianus","2019-08-10",31.92,34.6254
"Saurida lessepsianus","2014-11-30",32.1607,34.7398
"Saurida lessepsianus","2018-08-11",32.1607,34.7398
"Saurida lessepsianus","2016-11-26",32.2192,34.7611
"Saurida lessepsianus","2017-09-29",32.1337,34.7345
"Saurida lessepsianus","2014-06-03",35.1751,25.8846
"Saurida lessepsianus","2017-04-18",38.0043,21.2622
"Saurida lessepsianus","2014-04-01",38.2446,25.8829
"Saurida lessepsianus","2019-11-26",32.2192,34.7611
"Saurida lessepsianus","2013-07-01",31.878,19.907
"Saurida lessepsianus","2014-06-03",35.2216,26.0116
"Saurida lessepsianus","2014-11-30",32.2192,34.7611
"Saurida lessepsianus","2019-12-27",31.7647,34.4153
"Saurida lessepsianus","2017-04-09",37.9311,23.4218
"Saurida lessepsianus","2017-10-31",32.2462,34.777
"Saurida lessepsianus","2018-08-28",32.1337,34.7345
"Saurida lessepsianus","2008-01-01",36.814,11.149
"Saurida lessepsianus","1952-01-01",32.076,34.732
"Saurida lessepsianus","2015-05-15",32.5072,34.8728
"Saurida lessepsianus","1974-01-01",32.076,34.732
"Saurida lessepsianus","2018-12-25",31.7647,34.5084
"Saurida lessepsianus","2019-06-25",35.8191,14.4519
"Saurida lessepsianus","1994-01-01",36.768,34.687
"Saurida lessepsianus","2016-01-23",36.4509,28.2135
"Saurida lessepsianus","2020-07-25",35.6816,34.5797
"Saurida lessepsianus","2015-06-09",36.9732,25.1233
"Saurida lessepsianus","2015-10-30",32.2192,34.7611
"Saurida lessepsianus","2018-10-30",32.2192,34.7611
"Saurida lessepsianus","2017-01-14",31.9492,34.6866
"Saurida lessepsianus","2019-04-17",37.8365,21.0943
"Saurida lessepsianus","2020-08-21",32.1337,34.7345
"Saurida lessepsianus","2019-10-31",32.1922,34.7504
"Saurida lessepsianus","2014-12-03",32.1382,34.7345
"Saurida lessepsianus","2014-06-05",35.2999,26.3114
"Saurida lessepsianus","2017-02-01",35.8303,14.564
"Saurida lessepsianus","2015-06-03",35.3209,26.3
"Saurida lessepsianus","2017-01-27",31.7647,34.5084
"Saurida lessepsianus","2014-12-19",32.1337,34.7345
"Saurida lessepsianus","2011-01-01",37.033,8.733
"Saurida lessepsianus","2014-04-08",35.9302,14.3423
"Saurida lessepsianus","2019-05-22",35.3613,33.6306
"Saurida lessepsianus","2020-04-17",37.9718,21.2457
"Saurida lessepsianus","2015-10-12",32.1922,34.7504
"Saurida lessepsianus","1996-01-01",32.915,13.455
"Saurida lessepsianus","2017-04-09",37.9683,23.3742
"Saurida lessepsianus","2017-11-29",32.3182,34.7052
"Saurida lessepsianus","2020-12-23",31.7647,34.5084
"Saurida lessepsianus","2014-10-29",32.1337,34.7345
"Saurida lessepsianus","2017-08-11",32.1337,34.7345
"Saurida lessepsianus","2015-11-03",31.92,34.5855
"Saurida lessepsianus","2015-10-23",32.2192,34.7611
"Saurida lessepsianus","2017-12-24",32.1337,34.7345
"Saurida lessepsianus","2018-08-28",32.0257,34.6786
"Saurida lessepsianus","2014-01-28",32.433,34.7717
"Saurida lessepsianus","2005-01-01",32.858,12.872
"Saurida lessepsianus","1998-01-01",32.077,24.038
"Saurida lessepsianus","2019-10-10",32.0055,34.6733
"Saurida lessepsianus","2017-02-14",32.1337,34.7664
"Saurida lessepsianus","2014-08-28",32.1337,34.7345
"Saurida lessepsianus","1997-09-20",35.3597,33.2001
"Saurida lessepsianus","2020-12-23",31.92,34.6254
"Saurida lessepsianus","2015-12-23",31.92,34.6254
"Saurida lessepsianus","2005-09-29",35.1464,33.9521
"Saurida lessepsianus","2019-08-29",32.019,34.676
"Saurida lessepsianus","2017-02-02",35.8303,14.564
"Saurida lessepsianus","2014-08-30",32.1337,34.7345
"Saurida lessepsianus","2018-12-19",32.1922,34.7504
"Saurida lessepsianus","2020-08-21",32.1112,34.7185
"Saurida lessepsianus","2016-09-25",32.1112,34.7185
"Saurida lessepsianus","1990-01-01",32.077,24.038
"Saurida lessepsianus","2020-04-17",37.9554,21.2222
"Saurida lessepsianus","1988-01-01",32.077,24.038
"Saurida lessepsianus","2005-01-08",36.1649,28.098
"Saurida lessepsianus","2014-06-05",35.1695,26.3076
"Saurida lessepsianus","2019-04-09",37.6711,23.4749
"Saurida lessepsianus","2015-10-30",32.1337,34.7345
"Saurida lessepsianus","2016-06-09",32.1337,34.7345
"Saurida lessepsianus","2018-03-01",34.9962,25.5724
"Saurida lessepsianus","2016-06-03",35.2306,26.1744
"Saurida lessepsianus","2014-10-23",32.1922,34.7504
"Saurida lessepsianus","2015-06-21",39.1639,25.8669
"Saurida lessepsianus","2017-12-25",32.1922,34.7504
"Saurida lessepsianus","2016-10-29",31.92,34.6254
"Saurida lessepsianus","2015-11-25",31.8412,34.511
"Saurida lessepsianus","2015-10-29",32.1382,34.7345
"Saurida lessepsianus","2020-04-10",35.8233,14.425
"Saurida lessepsianus","2020-08-11",32.1337,34.7345
"Saurida lessepsianus","2014-04-09",37.6968,23.3753
"Saurida lessepsianus","2018-11-27",32.1382,34.7345
"Saurida lessepsianus","2014-11-29",32.1382,34.7345
"Saurida lessepsianus","2018-08-12",32.1382,34.7345
"Saurida lessepsianus","2017-10-12",32.1922,34.7504
"Saurida lessepsianus","2017-04-18",37.9838,21.2551
"Saurida lessepsianus","2017-04-09",37.8117,23.2581
"Saurida lessepsianus","2019-12-23",32.1337,34.7664
"Saurida lessepsianus","1997-01-01",32.915,13.455
"Saurida lessepsianus","2015-10-26",32.847,34.9393
"Saurida lessepsianus","2018-05-21",35.3596,33.6159
"Saurida lessepsianus","1994-01-01",36.632,29.064
"Saurida lessepsianus","2014-06-26",35.8192,14.4501
"Saurida lessepsianus","2014-10-10",32.289,34.7185
"Saurida lessepsianus","2019-04-10",37.7078,23.2544
"Saurida lessepsianus","2016-11-30",32.3182,34.7052
"Saurida lessepsianus","2015-11-28",32.1922,34.785
"Saurida lessepsianus","2015-07-12",35.5333,11.6667
"Saurida lessepsianus","1978-01-01",38.264,15.65
"Saurida lessepsianus","2014-08-11",32.1337,34.7345
"Saurida lessepsianus","2017-01-13",31.7647,34.5084
"Saurida lessepsianus","2015-10-31",32.1922,34.7504
"Saurida lessepsianus","2015-10-08",32.8717,34.9287
"Saurida lessepsianus","2015-10-10",31.9762,34.6201
"Saurida lessepsianus","2015-06-03",35.2244,26.0899
"Saurida lessepsianus","2015-12-22",32.1337,34.7664
"Saurida lessepsianus","2018-11-01",32.0055,34.6733
"Saurida lessepsianus","2016-08-12",32.1382,34.7345
"Saurida lessepsianus","2017-04-09",37.924,23.5524
"Saurida lessepsianus","2018-12-22",31.7647,34.5084
"Saurida lessepsianus","2015-10-09",31.92,34.5855
"Saurida lessepsianus","2020-09-20",35.3597,33.2001
"Saurida lessepsianus","2016-11-25",32.1112,34.6281
"Saurida lessepsianus","2015-12-22",31.7647,34.5084
"Saurida lessepsianus","2019-04-17",38.0273,21.2989
"Saurida lessepsianus","1991-01-01",32.077,24.038
"Saurida lessepsianus","2018-08-15",32.289,34.785
"Saurida lessepsianus","2020-06-15",35.3623,33.6497
"Saurida lessepsianus","2020-07-26",35.6823,34.5793
"Saurida lessepsianus","2014-06-03",35.3096,25.5056
"Saurida lessepsianus","2019-10-02",32.082,34.644
"Saurida lessepsianus","2016-08-02",32.9797,34.9446
"Saurida lessepsianus","2020-01-22",32.307,34.8223
"Saurida lessepsianus","2015-10-02",31.92,34.6254
"Saurida lessepsianus","2017-04-18",38.0846,21.3306
"Saurida lessepsianus","2014-06-03",35.2317,25.7445
"Saurida lessepsianus","2020-08-15",32.289,34.785
"Saurida lessepsianus","2015-10-27",32.847,34.9393
"Saurida lessepsianus","2019-04-16",37.9603,21.224
"Saurida lessepsianus","2018-09-06",32.0482,34.6893
"Saurida lessepsianus","2019-04-10",37.8271,23.2727
"Saurida lessepsianus","2019-11-30",32.3182,34.7052
"Saurida lessepsianus","2018-03-01",38.2992,25.9429
"Saurida lessepsianus","2006-01-01",32.858,12.872
"Saurida lessepsianus","2016-01-08",36.1476,29.6027
"Saurida lessepsianus","2008-01-01",35.147,11.421
"Saurida lessepsianus","2020-09-01",36.5824,35.8304
"Saurida lessepsianus","2014-09-12",32.0257,34.6786
"Saurida lessepsianus","2019-10-08",32.9662,34.9845
"Saurida lessepsianus","2019-09-28",32.1337,34.7345
"Saurida lessepsianus","2014-06-28",35.8197,14.4489
"Saurida lessepsianus","2018-10-27",32.847,34.9074
"Saurida lessepsianus","2015-06-04",35.3424,25.7771
"Saurida lessepsianus","2014-06-24",32.1112,34.7558
"Saurida lessepsianus","2014-06-03",35.3214,26.1812
"Saurida lessepsianus","2016-11-12",31.7647,34.5084
"Saurida lessepsianus","2017-12-23",32.1337,34.7345
"Saurida lessepsianus","2014-12-03",32.019,34.676
"Saurida lessepsianus","2017-06-12",35.1665,24.4206
"Saurida lessepsianus","2016-12-26",31.7647,34.5084
"Saurida lessepsianus","2019-11-26",32.1337,34.6361
"Saurida lessepsianus","2014-06-17",31.92,34.6254
"Saurida lessepsianus","2014-09-12",31.9492,34.6467
"Saurida lessepsianus","2019-10-01",36.5824,35.8304
"Saurida lessepsianus","2000-01-01",36.671,35.93
"Saurida lessepsianus","2008-01-01",35.529,11.136
"Saurida lessepsianus","2014-10-12",32.1922,34.7504
"Saurida lessepsianus","2002-01-01",32.858,12.872
"Saurida lessepsianus","2005-01-01",32.412,15.095
"Saurida lessepsianus","2019-12-18",31.9492,34.6866
"Saurida lessepsianus","2015-12-23",32.1337,34.7664
"Saurida lessepsianus","2018-04-10",37.8818,23.4824
"Saurida lessepsianus","2014-10-29",31.9492,34.6467
"Saurida lessepsianus","2015-10-18",31.8705,34.5323
"Saurida lessepsianus","2014-06-29",35.867,14.5748
"Saurida lessepsianus","2016-11-02",32.082,34.7079
"Saurida lessepsianus","2014-06-24",35.8191,14.4521
"Saurida lessepsianus","1983-01-01",36.569,35.992
"Saurida lessepsianus","2014-05-17",35.4014,25.0349
"Saurida lessepsianus","2016-04-09",37.9476,23.187
"Saurida lessepsianus","2019-06-27",36.3233,28.2115
"Saurida lessepsianus","2015-07-16",32.1337,34.7664
"Saurida lessepsianus","2014-06-03",35.3354,25.395
"Saurida lessepsianus","2015-10-28",32.847,34.9393
"Saurida lessepsianus","2016-04-17",38.093,21.3337
"Saurida lessepsianus","2014-11-27",32.1382,34.7345
"Saurida lessepsianus","2015-12-28",31.7647,34.5084
"Saurida lessepsianus","2018-06-14",34.9535,25.2114
"Saurida lessepsianus","2015-10-12",31.8705,34.5323
"Saurida lessepsianus","2017-06-15",35.3623,33.6497
"Saurida lessepsianus","2016-01-01",36.556,31.896
"Saurida lessepsianus","2019-12-20",32.2192,34.6946
"Saurida lessepsianus","2014-06-17",32.1112,34.6281
"Saurida lessepsianus","2017-07-15",32.1112,34.7185
"Saurida lessepsianus","2014-06-23",31.9762,34.6201
"Saurida lessepsianus","2005-01-01",32.0818,24.0074
"Saurida lessepsianus","2019-12-27",31.7647,34.4552
"Saurida lessepsianus","2017-07-15",32.1337,34.66
"Saurida lessepsianus","2009-01-01",36.854,10.457
"Saurida lessepsianus","2015-06-04",35.2518,25.7438
"Saurida lessepsianus","2018-08-10",32.1045,34.7185
"Saurida lessepsianus","2016-11-24",32.082,34.6148
"Saurida lessepsianus","2019-12-21",31.9762,34.5642
"Saurida lessepsianus","2014-11-30",32.3182,34.7052
"Saurida lessepsianus","2014-08-21",32.1337,34.7345
"Saurida lessepsianus","2014-06-09",32.163,34.7398
"Saurida lessepsianus","2004-01-01",35.529,11.136
"Saurida lessepsianus","2015-06-03",35.1852,25.932
"Saurida lessepsianus","2020-11-24",32.1337,34.7345
"Saurida lessepsianus","2017-04-09",37.9736,23.2705
"Saurida lessepsianus","2019-11-12",31.9492,34.6866
"Saurida lessepsianus","1992-01-01",32.915,13.455
"Saurida lessepsianus","2015-10-29",32.1337,34.7345
"Saurida lessepsianus","2016-11-29",32.3182,34.7052
"Saurida lessepsianus","2017-04-09",37.7738,23.5483
"Saurida lessepsianus","2018-08-30",32.1112,34.7185
"Saurida lessepsianus","2014-10-08",32.9662,34.9845
"Saurida lessepsianus","2015-10-23",32.1922,34.7504
"Saurida lessepsianus","2016-06-03",35.1135,26.2858
"Saurida lessepsianus","2014-10-27",32.9662,34.9393
"Saurida lessepsianus","1992-01-01",32.858,12.872
"Saurida lessepsianus","2019-06-08",32.2192,34.7611
"Saurida lessepsianus","2015-09-16",32.2192,34.7611
"Saurida lessepsianus","2014-06-10",32.1337,34.7345
"Saurida lessepsianus","2017-12-24",31.7647,34.5084
"Saurida lessepsianus","2014-04-28",31.7647,34.5882
"Saurida lessepsianus","2015-06-27",35.932,14.4869
"Saurida lessepsianus","2016-10-23",32.2192,34.7611
"Saurida lessepsianus","2017-05-29",35.9341,14.4826
"Saurida lessepsianus","2010-01-01",36.668,35.7664
"Saurida lessepsianus","2018-02-16",35.9063,14.3338
"Saurida lessepsianus","2018-06-30",32.028,34.6786
"Saurida lessepsianus","2020-05-11",35.3605,33.1938
"Saurida lessepsianus","2020-08-02",32.8717,34.9287
"Saurida lessepsianus","2017-04-09",37.775,23.4749
"Saurida lessepsianus","2015-10-28",32.082,34.644
"Saurida lessepsianus","2018-10-09",32.847,34.9074
"Saurida lessepsianus","2014-11-29",32.2192,34.7611
"Saurida lessepsianus","2014-11-26",32.019,34.676
"Saurida lessepsianus","2018-08-02",32.9797,34.9446
"Saurida lessepsianus","2015-12-23",31.7647,34.5084
"Saurida lessepsianus","2015-12-26",31.7647,34.5084
"Saurida lessepsianus","2019-04-16",38.0031,21.2934
"Saurida lessepsianus","2015-12-03",32.1337,34.7345
"Saurida lessepsianus","2018-10-02",32.082,34.644
"Saurida lessepsianus","2016-10-29",31.9492,34.6467
"Saurida lessepsianus","2019-04-17",37.8276,21.1396
"Saurida lessepsianus","2017-06-27",35.2663,26.2634
"Saurida lessepsianus","2014-06-25",32.1922,34.7504
"Saurida lessepsianus","2014-06-08",32.1922,34.7504
"Saurida lessepsianus","2019-06-26",31.9492,34.6866
"Saurida lessepsianus","2015-12-24",32.1337,34.7345
"Saurida lessepsianus","2011-01-01",36.813,11.148
"Saurida lessepsianus","2015-12-21",36.4509,28.2135
"Saurida lessepsianus","2015-12-22",32.1607,34.668
"Saurida lessepsianus","2016-01-30",36.4509,28.2135
"Saurida lessepsianus","2020-08-12",32.082,34.7079
"Saurida lessepsianus","2014-05-23",35.3605,33.6457
"Saurida lessepsianus","2015-06-03",35.0191,26.2034
"Saurida lessepsianus","2014-06-19",35.9538,14.4151
"Saurida lessepsianus","2019-12-22",32.1607,34.668
"Saurida lessepsianus","2019-06-25",32.1112,34.7185
"Saurida lessepsianus","2014-06-25",32.1112,34.7185
"Saurida lessepsianus","2015-09-06",32.0482,34.6893
"Saurida lessepsianus","2016-01-07",37.0933,25.3251
"Saurida lessepsianus","1995-01-01",32.858,12.872
"Saurida lessepsianus","2019-06-10",32.1337,34.7345
"Saurida lessepsianus","2016-09-06",32.0482,34.6893
"Saurida lessepsianus","2019-10-30",32.1607,34.7398
"Saurida lessepsianus","2014-06-03",35.2098,26.1201
"Saurida lessepsianus","2019-11-28",31.92,34.6733
"Saurida lessepsianus","2017-01-14",31.7647,34.5084
"Saurida lessepsianus","2020-12-01",31.7807,30.6178
"Saurida lessepsianus","2014-11-29",32.3182,34.7052
"Saurida lessepsianus","2015-12-26",31.7647,34.4552
"Saurida lessepsianus","2016-10-31",32.3992,34.8196
"Saurida lessepsianus","2019-12-22",32.1337,34.66
"Saurida lessepsianus","2018-08-03",32.9797,34.9446
"Saurida lessepsianus","2017-06-08",35.3595,33.6041
"Saurida lessepsianus","2016-11-01",31.9762,34.66
"Saurida lessepsianus","2015-10-31",32.2462,34.777
"Saurida lessepsianus","2017-09-26",31.9492,34.6467
"Saurida lessepsianus","2020-06-16",35.3612,33.6456
"Saurida lessepsianus","2015-06-04",35.3495,25.6707
"Saurida lessepsianus","2017-12-04",32.019,34.676
"Saurida lessepsianus","2014-06-03",35.1498,25.7315
"Saurida lessepsianus","2015-04-18",38.1699,21.5301
"Saurida lessepsianus","2020-12-01",31.7409,31.2564
"Saurida lessepsianus","2021-09-01",36.7638,31.3856
"Saurida lessepsianus","2017-10-23",32.1922,34.7504
"Saurida lessepsianus","2015-06-04",35.1891,25.7341
"Saurida lessepsianus","2014-06-26",32.1922,34.7504
"Saurida lessepsianus","2014-05-20",42.4563,18.4251
"Saurida lessepsianus","2016-06-28",35.8208,14.452
"Saurida lessepsianus","1989-01-01",36.569,35.992
"Saurida lessepsianus","2019-10-30",32.082,34.7079
"Saurida lessepsianus","2014-06-03",35.3052,25.7521
"Saurida lessepsianus","2018-08-21",32.1112,34.7185
"Saurida lessepsianus","2014-12-22",32.1922,34.7504
"Saurida lessepsianus","1997-01-08",36.1459,29.607
"Saurida lessepsianus","2019-03-26",36.0269,14.2129
"Saurida lessepsianus","2018-05-06",35.3575,33.1865
"Saurida lessepsianus","2014-06-21",35.1773,24.2904
"Saurida lessepsianus","2016-01-11",37.8006,26.6744
"Saurida lessepsianus","2014-09-16",32.2192,34.7611
"Saurida lessepsianus","2015-11-16",35.77,14.73
"Saurida lessepsianus","2015-06-09",32.1337,34.7345
"Saurida lessepsianus","2014-08-28",32.0257,34.6786
"Saurida lessepsianus","2003-01-01",32.858,12.872
"Saurida lessepsianus","2014-09-28",31.965,34.6573
"Saurida lessepsianus","2010-11-01",35.436,35.764
"Saurida lessepsianus","1993-01-01",32.076,34.732
"Saurida lessepsianus","2014-04-09",37.759,23.5644
"Saurida lessepsianus","2014-10-09",32.847,34.9074
"Saurida lessepsianus","2011-01-01",36.854,10.457
"Saurida lessepsianus","2015-12-22",32.1337,34.66
"Saurida lessepsianus","2019-10-30",32.1337,34.7345
"Saurida lessepsianus","2005-11-09",36.5948,36.1702
"Saurida lessepsianus","2014-11-29",32.2462,34.777
"Saurida lessepsianus","2019-10-31",32.3992,34.8196
"Saurida lessepsianus","2019-11-29",32.262,34.6839
"Saurida lessepsianus","2016-12-24",32.1337,34.7345
"Saurida lessepsianus","2017-11-24",32.1337,34.7345
"Saurida lessepsianus","2018-11-24",32.1337,34.7345
"Saurida lessepsianus","2007-01-01",36.725,27.994
"Saurida lessepsianus","2018-05-17",35.3596,33.1826
"Saurida lessepsianus","2019-08-10",31.992,34.668
"Saurida lessepsianus","2019-10-28",32.082,34.644
"Saurida lessepsianus","2018-09-25",31.9492,34.6467
"Saurida lessepsianus","2015-10-24",31.992,34.668
"Saurida lessepsianus","2015-04-09",37.8182,23.2694
"Saurida lessepsianus","2008-01-01",36.671,35.93
"Saurida lessepsianus","2019-03-26",35.8066,14.5299
"Saurida lessepsianus","2014-11-12",31.9492,34.6866
"Saurida lessepsianus","1990-01-01",32.915,13.455
"Saurida lessepsianus","2017-01-01",31.25,29.87
"Saurida lessepsianus","1992-01-01",32.077,24.038
"Saurida lessepsianus","2020-11-28",31.9492,34.6866
"Saurida lessepsianus","2019-10-31",32.082,34.7079
"Saurida lessepsianus","2014-12-19",31.9492,34.6866
"Saurida lessepsianus","2015-10-09",32.9662,34.9393
"Saurida lessepsianus","2015-07-15",32.1112,34.7185
"Saurida lessepsianus","2014-04-18",38.179,21.6647
"Saurida lessepsianus","2017-04-18",38.1921,21.6843
"Saurida lessepsianus","2015-05-31",35.8265,14.4226
"Saurida lessepsianus","2014-06-03",35.2205,26.0068
"Saurida lessepsianus","2011-01-01",36.638,35.861
"Saurida lessepsianus","2014-08-29",31.9492,34.6467
"Saurida lessepsianus","2014-11-27",32.0482,34.6893
"Saurida lessepsianus","2019-10-29",32.1382,34.7345
"Saurida lessepsianus","2015-06-05",35.2636,26.3303
"Saurida lessepsianus","2016-06-05",35.0332,26.2251
"Saurida lessepsianus","2014-12-22",31.7647,34.5084
"Saurida lessepsianus","2017-05-11",35.3605,33.1938
"Saurida lessepsianus","2015-04-09",37.9707,23.2503
"Saurida lessepsianus","2015-09-17",35.64,14.29
"Saurida lessepsianus","2019-12-28",31.7647,34.4552
"Saurida lessepsianus","2007-01-01",36.701,27.726
"Saurida lessepsianus","2014-04-09",37.7093,23.33
"Saurida lessepsianus","2014-06-05",35.0392,26.2436
"Saurida lessepsianus","1978-01-01",38.37464,26.13888
"Saurida lessepsianus","2015-10-31",32.0257,34.6228
"Saurida lessepsianus","2014-06-05",35.0919,26.2802
"Saurida lessepsianus","2017-06-16",35.3612,33.6456
"Saurida lessepsianus","2014-10-02",32.0055,34.6121
"Saurida lessepsianus","2014-04-09",37.7173,23.5311
"Saurida lessepsianus","2019-04-17",37.9391,21.1229
"Saurida lessepsianus","2018-08-04",32.8717,35.0164
"Saurida lessepsianus","2019-10-23",32.1922,34.7504
"Saurida lessepsianus","1999-01-01",36.671,35.93
"Saurida lessepsianus","2016-11-28",31.9492,34.6866
"Saurida lessepsianus","2015-10-19",32.1112,34.6547
"Saurida lessepsianus","2015-06-03",34.9983,25.7331
"Saurida lessepsianus","2014-12-22",32.1337,34.7664
"Saurida lessepsianus","2014-06-03",35.1932,26.3208
"Saurida lessepsianus","2015-06-10",36.2442,27.7764
"Saurida lessepsianus","2016-01-07",37.955,21.2203
"Saurida lessepsianus","2018-08-28",32.082,34.7079
"Saurida lessepsianus","2014-06-03",35.1762,25.7164
"Saurida lessepsianus","2016-01-08",36.7663,24.53
"Saurida lessepsianus","2017-06-11",35.2561,25.7411
"Saurida lessepsianus","2015-10-08",32.9662,34.9393
"Saurida lessepsianus","2014-11-30",31.992,34.668
"Saurida lessepsianus","2019-06-22",36.0273,14.2121
"Saurida lessepsianus","2016-11-29",32.2552,34.8063
"Saurida lessepsianus","2020-08-12",32.0482,34.6893
"Saurida lessepsianus","2019-11-25",31.7647,34.4153
"Saurida lessepsianus","2017-09-27",31.92,34.6254
"Saurida lessepsianus","2017-04-09",37.9512,23.4173
"Saurida lessepsianus","2017-11-03",31.965,34.6573
"Saurida lessepsianus","2015-04-09",37.6752,23.3203
"Saurida lessepsianus","2019-12-23",31.8885,34.6041
"Saurida lessepsianus","2015-06-03",35.1324,25.8276
"Saurida lessepsianus","2016-04-09",37.7691,23.4378
"Saurida lessepsianus","2020-04-17",38.0053,21.273
"Saurida lessepsianus","2020-01-28",31.7647,34.5084
"Saurida lessepsianus","2017-06-26",35.1306,25.8318
"Saurida lessepsianus","2005-04-24",36.5948,36.1702
"Saurida lessepsianus","2015-06-19",31.992,34.668
"Saurida lessepsianus","2019-12-19",32.2192,34.6946
"Saurida lessepsianus","2015-12-25",31.7647,34.5084
"Saurida lessepsianus","2019-08-29",31.9762,34.66
"Saurida lessepsianus","2019-08-03",32.9797,34.9446
"Saurida lessepsianus","2014-11-01",31.9762,34.66
"Saurida lessepsianus","2017-09-05",32.0527,34.6919
"Saurida lessepsianus","2014-06-13",32.3182,34.793
"Saurida lessepsianus","2019-10-29",32.1382,34.6627
"Saurida lessepsianus","2018-09-29",31.992,34.668
"Saurida lessepsianus","2014-04-17",37.9441,21.128
"Saurida lessepsianus","2016-06-03",35.0629,26.2542
"Saurida lessepsianus","2016-01-10",39.479,26.0633
"Saurida lessepsianus","2015-06-03",35.355,25.6711
"Saurida lessepsianus","2015-09-05",31.992,34.668
"Saurida lessepsianus","2014-05-17",35.9501,14.4028
"Saurida lessepsianus","2020-02-28",32.1607,34.668
"Saurida lessepsianus","2020-09-25",32.1112,34.7185
"Saurida lessepsianus","1984-01-01",36.569,35.992
"Saurida lessepsianus","2014-06-03",35.2379,26.1984
"Saurida lessepsianus","2016-10-01",31.992,34.6068
"Saurida lessepsianus","2015-06-03",34.9285,26.1464
"Saurida lessepsianus","2017-01-11",37.7729,26.6092
"Saurida lessepsianus","2014-05-25",35.9519,14.4075
"Saurida lessepsianus","2011-01-01",37.13681,25.28901
"Saurida lessepsianus","2017-04-09",37.8744,23.4375
"Saurida lessepsianus","2015-06-05",34.9518,26.1407
"Saurida lessepsianus","2015-05-31",35.8094,14.5392
"Saurida lessepsianus","2015-06-03",35.3091,25.7562
"Saurida lessepsianus","2020-01-24",32.1922,34.6813
"Saurida lessepsianus","2017-09-12",31.9492,34.6467
"Saurida lessepsianus","2014-12-25",31.7647,34.5882
"Saurida lessepsianus","2015-06-29",31.9762,34.66
"Saurida lessepsianus","2017-12-04",32.0482,34.6893
"Saurida lessepsianus","2015-10-27",32.892,34.9366
"Saurida lessepsianus","2014-09-29",32.1337,34.7345
"Saurida lessepsianus","2020-01-30",32.1337,34.66
"Saurida lessepsianus","2014-04-18",38.1828,21.4941
"Saurida lessepsianus","2014-06-05",35.2207,26.2838
"Saurida lessepsianus","2019-06-11",32.1877,34.7478
"Saurida lessepsianus","2019-12-28",31.7647,34.5084
"Saurida lessepsianus","2015-06-17",38.205,13.242
"Saurida lessepsianus","2019-12-18",32.1877,34.7478
"Saurida lessepsianus","2015-12-28",31.9492,34.6467
"Saurida lessepsianus","2017-08-28",32.0527,34.6919
"Saurida lessepsianus","2011-01-01",36.695,30.793
"Saurida lessepsianus","2016-10-28",31.9762,34.66
"Saurida lessepsianus","2014-06-13",32.505,34.7957
"Saurida lessepsianus","2020-04-17",37.9216,21.12
"Saurida lessepsianus","2014-11-27",32.1382,34.6627
"Saurida lessepsianus","2017-02-23",31.9492,34.6467
"Saurida lessepsianus","2014-04-28",31.992,34.668
"Saurida lessepsianus","2017-01-11",37.6795,26.581
"Saurida lessepsianus","2013-01-01",36.854,10.457
"Saurida lessepsianus","2017-09-27",31.992,34.668
"Saurida lessepsianus","2014-08-31",32.1112,34.6547
"Saurida lessepsianus","2019-04-17",37.9305,21.1699
"Saurida lessepsianus","2015-09-25",32.1112,34.7185
"Saurida lessepsianus","2017-06-05",36.6003,24.96
"Saurida lessepsianus","2014-10-28",31.992,34.6068
"Saurida lessepsianus","2019-08-15",32.262,34.785
"Saurida lessepsianus","2015-05-22",35.8562,14.5792
"Saurida lessepsianus","2019-11-28",32.1922,34.785
"Saurida lessepsianus","2019-10-01",31.992,34.6068
"Saurida lessepsianus","2019-12-25",31.7647,34.5084
"Saurida lessepsianus","2015-10-09",32.9392,34.926
"Saurida lessepsianus","2015-09-13",31.992,34.668
"Saurida lessepsianus","2016-10-02",31.9492,34.6467
"Saurida lessepsianus","2016-08-01",37.0215,28.2744
"Saurida lessepsianus","2015-04-09",37.9509,23.4558
"Saurida lessepsianus","2016-10-30",32.2192,34.7611
"Saurida lessepsianus","2020-09-21",35.3612,33.1952
"Saurida lessepsianus","2017-06-13",35.2021,24.13
"Saurida lessepsianus","2014-12-26",31.7647,34.5882
"Saurida lessepsianus","2016-06-03",35.3438,25.7583
"Saurida lessepsianus","2015-10-31",32.1382,34.6627
"Saurida lessepsianus","2016-10-01",32.019,34.676
"Saurida lessepsianus","2019-11-30",32.505,34.7717
"Saurida lessepsianus","2015-10-10",32.289,34.7185
"Saurida lessepsianus","2014-11-25",32.1045,34.652
"Saurida lessepsianus","2017-12-04",32.0527,34.6919
"Saurida lessepsianus","2015-06-05",34.9988,26.1399
"Saurida lessepsianus","2016-12-24",31.7647,34.5084
"Saurida lessepsianus","2019-09-05",32.0527,34.6919
"Saurida lessepsianus","2015-04-09",37.6737,23.3199
"Saurida lessepsianus","2016-11-01",32.082,34.7079
"Saurida lessepsianus","2016-04-18",38.1647,21.6311
"Saurida lessepsianus","2019-04-17",37.8983,21.1098
"Saurida lessepsianus","2015-11-27",32.1382,34.6627
"Saurida lessepsianus","2015-08-14",35.8964,14.5213
"Saurida lessepsianus","2014-06-05",35.1125,26.2855
"Saurida lessepsianus","2017-12-04",32.1607,34.7398
"Saurida lessepsianus","2014-06-07",36.0565,28.0821
"Saurida lessepsianus","2017-06-28",35.0212,26.0158
"Saurida lessepsianus","2017-11-30",32.0257,34.6786
"Saurida lessepsianus","2015-05-27",35.8064,14.5251
"Saurida lessepsianus","2017-04-18",37.9619,21.1441
"Saurida lessepsianus","2018-11-30",32.0257,34.6786
"Saurida lessepsianus","1989-01-01",36.773,34.721
"Saurida lessepsianus","2014-06-23",32.1607,34.668
"Saurida lessepsianus","2017-10-28",31.992,34.6068
"Saurida lessepsianus","2014-06-12",32.3407,34.7398
"Saurida lessepsianus","2016-06-27",36.0296,14.2132
"Saurida lessepsianus","2016-11-04",32.0257,34.6786
"Saurida lessepsianus","2014-11-30",32.505,34.7717
"Saurida lessepsianus","2016-11-24",32.1045,34.652
"Saurida lessepsianus","2019-10-10",32.289,34.7185
"Saurida lessepsianus","2008-01-01",36.935,10.421
"Saurida lessepsianus","2014-04-09",37.799,23.2454
"Saurida lessepsianus","2014-08-03",32.9797,34.9446
"Saurida lessepsianus","2016-04-09",37.8164,23.3828
"Saurida lessepsianus","2017-04-09",37.8962,23.3959
"Saurida lessepsianus","2014-06-12",32.3182,34.793
"Saurida lessepsianus","2020-08-12",31.992,34.668
"Saurida lessepsianus","2023-10-01",35.2027,26.116
"Saurida lessepsianus","2019-11-12",31.92,34.6733
"Saurida lessepsianus","2015-10-29",32.1382,34.6627
"Saurida lessepsianus","2015-11-28",31.92,34.6733
"Saurida lessepsianus","2017-01-11",37.723,26.5632
"Saurida lessepsianus","2015-12-24",31.7647,34.5084
"Saurida lessepsianus","2020-08-27",35.3521,33.2511
"Saurida lessepsianus","2019-12-26",31.7647,34.4552
"Saurida lessepsianus","2019-11-30",32.262,34.6839
"Saurida lessepsianus","2014-06-27",35.9823,14.3646
"Saurida lessepsianus","2017-04-18",38.2034,21.363
"Saurida lessepsianus","2014-06-05",35.1795,26.3206
"Saurida lessepsianus","2020-04-17",37.8137,21.2011
"Saurida lessepsianus","2016-10-09",32.9662,34.9393
"Saurida lessepsianus","2015-06-03",35.0112,26.0366
"Saurida lessepsianus","2015-09-16",32.1922,34.6813
"Saurida lessepsianus","2015-06-07",35.3587,33.6011
"Saurida lessepsianus","2018-12-18",32.1607,34.7398
"Saurida lessepsianus","2014-06-03",35.2855,26.2348
"Saurida lessepsianus","2019-09-28",32.1045,34.7185
"Saurida lessepsianus","2020-08-02",33.0067,35.0085
"Saurida lessepsianus","2014-06-29",32.1382,34.6627
"Saurida lessepsianus","2018-12-23",31.7647,34.5084
"Saurida lessepsianus","1965-07-21",36.5948,36.1702
"Saurida lessepsianus","2009-01-01",36.935,10.421
"Saurida lessepsianus","2014-06-12",32.4375,34.7717
"Saurida lessepsianus","2015-09-12",31.9492,34.6467
"Saurida lessepsianus","2018-03-01",35.191,24.3722
"Saurida lessepsianus","2020-08-26",35.4003,32.9159
"Saurida lessepsianus","2019-09-26",31.9492,34.6467
"Saurida lessepsianus","2018-11-29",31.965,34.6573
"Saurida lessepsianus","2015-12-04",32.1607,34.7398
"Saurida lessepsianus","2019-08-10",32.1045,34.7185
"Saurida lessepsianus","2019-09-27",31.9492,34.6467
"Saurida lessepsianus","2018-08-10",32.1877,34.7478
"Saurida lessepsianus","1983-01-01",36.773,34.721
"Saurida lessepsianus","2015-12-21",31.7647,34.5084
"Saurida lessepsianus","2015-06-03",34.9966,26.1341
"Saurida lessepsianus","2010-09-01",32.653,34.851
"Saurida lessepsianus","2019-05-06",35.3575,33.1865
"Saurida lessepsianus","2014-06-13",32.3407,34.7398
"Saurida lessepsianus","2014-05-29",36.0267,14.2128
"Saurida lessepsianus","2015-06-03",35.138,25.8256
"Saurida lessepsianus","2020-04-17",37.8398,21.098
"Saurida lessepsianus","2019-08-12",32.0482,34.6893
"Saurida lessepsianus","2015-11-24",32.1337,34.66
"Saurida lessepsianus","2020-02-23",31.7647,34.4552
"Saurida lessepsianus","2014-04-17",37.8372,21.1037
"Saurida lessepsianus","2015-04-09",37.9299,23.4652
"Saurida lessepsianus","2014-06-05",35.0291,25.9723
"Saurida lessepsianus","2016-09-26",31.9492,34.6467
"Saurida lessepsianus","2010-01-01",36.471,34.339
"Saurida lessepsianus","2017-01-11",37.6567,26.5281
"Saurida lessepsianus","2014-09-13",31.992,34.668
"Saurida lessepsianus","2020-09-06",32.0482,34.6893
"Saurida lessepsianus","2016-04-09",37.9137,23.1129
"Saurida lessepsianus","2020-08-03",32.892,34.9366
"Saurida lessepsianus","2014-11-03",31.8885,34.6041
"Saurida lessepsianus","2019-09-28",31.9492,34.6467
"Saurida lessepsianus","2014-06-09",32.1045,34.7185
"Saurida lessepsianus","2019-09-29",31.9492,34.6467
"Saurida lessepsianus","1984-01-01",36.773,34.721
"Saurida lessepsianus","1983-01-01",36.212,34.01
"Saurida lessepsianus","2006-01-01",36.819,10.441
"Saurida lessepsianus","2014-06-03",35.1363,25.739
"Saurida lessepsianus","2016-04-09",37.6921,23.3764
"Saurida lessepsianus","1984-01-01",36.212,34.011
"Saurida lessepsianus","2014-09-26",31.9492,34.6467
"Saurida lessepsianus","2010-01-01",36.935,10.421
"Saurida lessepsianus","2015-04-09",37.8073,23.3237
"Saurida lessepsianus","2008-01-01",33.2745,35.1959
"Saurida lessepsianus","2014-10-30",32.1607,34.7398
"Saurida lessepsianus","2016-11-12",32.0257,34.5882
"Saurida lessepsianus","2015-09-25",31.9492,34.6467
"Saurida lessepsianus","2015-06-03",35.202,26.129
"Saurida lessepsianus","2018-07-15",32.1337,34.66
"Saurida lessepsianus","2014-06-23",32.1337,34.66
"Saurida lessepsianus","2015-04-09",37.8058,23.2398
"Saurida lessepsianus","2019-10-10",32.892,34.9366
"Saurida lessepsianus","2015-11-25",32.1045,34.652
"Saurida lessepsianus","2014-04-18",38.1561,21.588
"Saurida lessepsianus","2016-10-01",31.9492,34.6467
"Saurida lessepsianus","2015-05-21",37.65,12.52
"Saurida lessepsianus","2017-08-11",32.1607,34.7398
"Scarus ghobban","2021-06-05",35.0083,26.1819
"Scarus ghobban","2021-06-06",34.8556,24.1303
"Scarus ghobban","2018-12-01",31.3681,27.3429
"Scarus ghobban","2007-09-03",34.9407,25.0513
"Scarus ghobban","2015-12-01",36.1801,33.6452
"Scarus ghobban","2017-08-19",35.4172,24.7869
"Scarus ghobban","2014-09-01",36.15,29.592
"Scarus ghobban","2008-01-01",33.2745,35.1959
"Scarus ghobban","2021-06-06",35.0965,24.5576
"Scarus ghobban","2022-01-01",36.8467,28.3847
"Scarus ghobban","2005-01-01",34.165,35.625
"Scarus ghobban","2021-06-06",34.8626,24.0493
"Scarus ghobban","2007-10-08",36.1459,29.607
"Scarus ghobban","2021-06-06",34.9305,24.7271
"Scarus ghobban","2017-08-13",33.5089,11.1198
"Scarus ghobban","2021-06-06",35.0887,24.6859
"Scarus ghobban","2013-08-01",35.959,35.927
"Scarus ghobban","2021-06-05",34.9992,26.0906
"Scarus ghobban","2021-06-06",35.0955,24.5902
"Scarus ghobban","2010-02-01",34.767,33.511
"Scarus ghobban","2017-08-13",36.4207,27.3346
"Scarus ghobban","2021-06-06",35.0786,24.7327
"Scarus ghobban","2021-06-06",34.9796,24.741
"Scarus ghobban","2018-01-01",36.27,32.275
"Scarus ghobban","2018-10-12",34.9607,33.831
"Scarus ghobban","2001-01-01",32.826,34.955
"Scarus ghobban","2005-02-01",33.5089,11.1198
"Scarus ghobban","2021-06-06",34.9157,24.0154
"Scarus ghobban","2004-01-01",33.904,35.486
"Scatophagus argus","2021-10-01",31.2635,32.3158
"Scatophagus argus","2017-04-01",34.5681,11.0128
"Scatophagus argus","2011-01-01",35.901,14.529
"Scatophagus argus","2017-04-01",34.5681,11.0128
"Scatophagus argus","2007-01-01",35.901,14.529
"Sciaenops ocellatus","2013-01-01",37.1933,13.6628
"Sciaenops ocellatus","2019-01-01",37.2431,15.2579
"Sciaenops ocellatus","2000-01-01",32.076,34.732
"Sciaenops ocellatus","2014-01-01",36.6711,15.0519
"Sciaenops ocellatus","2013-01-01",37.3887,13.2724
"Sciaenops ocellatus","2011-09-01",31.821,34.629
"Sciaenops ocellatus","2016-04-01",37.096,13.917
"Sciaenops ocellatus","2014-01-01",37.5584,15.1616
"Sciaenops ocellatus","2014-01-01",37.2936,15.1994
"Scolopsis ghanam","2020-08-01",33.2311,11.2005
"Scomberomorus commerson","2020-06-07",35.3567,24.3065
"Scomberomorus commerson","2015-07-18",37.0442,21.5589
"Scomberomorus commerson","2020-06-07",34.8878,25.6924
"Scomberomorus commerson","2005-01-01",32.082,24.0069
"Scomberomorus commerson","2019-07-24",35.6927,34.5604
"Scomberomorus commerson","2019-07-11",38.8532,20.6878
"Scomberomorus commerson","2017-07-02",35.3619,33.6148
"Scomberomorus commerson","2008-01-01",34.912,33.654
"Scomberomorus commerson","2014-07-31",35.1705,24.412
"Scomberomorus commerson","2014-07-15",38.2616,20.6739
"Scomberomorus commerson","2016-07-13",38.5621,20.5468
"Scomberomorus commerson","2014-07-21",36.1585,22.9492
"Scomberomorus commerson","2014-07-12",34.9845,25.2993
"Scomberomorus commerson","2014-07-13",38.5621,20.5468
"Scomberomorus commerson","2016-07-11",38.8535,20.6869
"Scomberomorus commerson","2015-06-09",35.5049,23.6977
"Scomberomorus commerson","2014-06-07",35.3602,24.2985
"Scomberomorus commerson","2014-07-11",38.8535,20.6869
"Scomberomorus commerson","1981-01-01",36.758,34.58
"Scomberomorus commerson","2019-07-04",35.6935,34.5629
"Scomberomorus commerson","1994-01-01",31.254,29.887
"Scomberomorus commerson","2008-01-01",36.062,28.023
"Scomberomorus commerson","2020-06-07",35.381,24.5594
"Scomberomorus commerson","2020-06-07",35.3771,24.2636
"Scomberomorus commerson","2014-07-18",36.0247,14.3015
"Scomberomorus commerson","2017-07-24",35.5501,24.067
"Scomberomorus commerson","2015-06-08",35.4668,24.2101
"Scomberomorus commerson","1997-01-01",36.881,27.596
"Scomberomorus commerson","2014-06-06",34.9294,24.7262
"Scomberomorus commerson","2014-07-30",35.1009,24.5629
"Scomberomorus commerson","2019-07-10",39.2862,20.3385
"Scomberomorus commerson","2014-07-10",39.2862,20.3385
"Scomberomorus commerson","2017-07-10",39.2862,20.3385
"Scomberomorus commerson","2016-07-15",38.2634,20.6733
"Scomberomorus commerson","2017-07-18",37.0448,21.5583
"Scomberomorus commerson","2014-06-06",34.8006,24.1287
"Scomberomorus commerson","2014-06-09",35.5195,23.6218
"Scomberomorus commerson","2014-06-06",35.0883,24.6859
"Scomberomorus commerson","2019-07-16",38.4394,20.5343
"Scomberomorus commerson","2017-07-11",35.3299,25.3871
"Scomberomorus commerson","2014-07-23",35.4907,23.5729
"Scomberomorus commerson","2016-07-25",35.6816,34.5797
"Scomberomorus commerson","2015-07-21",36.1589,22.9491
"Scomberomorus commerson","2017-06-09",35.6108,23.6112
"Scomberomorus commerson","2015-07-21",36.3531,22.9721
"Scomberomorus commerson","2019-07-18",35.3215,25.3926
"Scomberomorus commerson","2019-07-30",35.1009,24.5629
"Scomberomorus commerson","2014-06-06",35.1761,24.3676
"Scomberomorus commerson","2019-07-15",38.2634,20.6733
"Scomberomorus commerson","2015-07-12",38.7923,20.6142
"Scomberomorus commerson","2017-07-31",35.1711,24.4097
"Scomberomorus commerson","2014-07-13",36.9694,25.1237
"Scomberomorus commerson","2014-06-06",35.0182,24.7497
"Scomberomorus commerson","2019-07-11",38.8535,20.6869
"Scomberomorus commerson","2014-07-21",36.3535,22.9683
"Scomberomorus commerson","2020-06-07",35.4233,24.6646
"Scomberomorus commerson","2000-01-01",36.609,35.917
"Scomberomorus commerson","2015-07-26",35.6823,34.5793
"Scomberomorus commerson","2008-01-01",40.721,23.9636
"Scomberomorus commerson","2015-07-02",35.4783,24.1092
"Scomberomorus commerson","1994-01-01",36.581,36.111
"Scomberomorus commerson","2014-06-07",35.4302,24.6952
"Scomberomorus commerson","2014-06-07",34.8857,25.7367
"Scomberomorus commerson","2019-06-09",35.5482,23.7245
"Scomberomorus commerson","2014-06-08",35.4596,24.2558
"Scomberomorus commerson","2017-06-08",35.4759,24.2406
"Scomberomorus commerson","2015-07-16",38.4394,20.5343
"Scomberomorus commerson","2019-07-26",35.9598,14.3401
"Scomberomorus commerson","2014-06-06",35.1088,24.5442
"Scomberomorus commerson","2014-06-07",34.8748,25.6754
"Scomberomorus commerson","2005-01-01",32.92,12.13
"Scomberomorus commerson","2014-07-05",34.9412,25.0501
"Scomberomorus commerson","2007-01-01",36.636,27.959
"Scomberomorus commerson","2015-07-13",38.5621,20.5468
"Scomberomorus commerson","2018-06-07",34.8771,25.704
"Scomberomorus commerson","2005-01-01",32.412,15.095
"Scomberomorus commerson","2019-07-09",36.0289,14.2147
"Scomberomorus commerson","2019-07-04",35.3989,25.028
"Scomberomorus commerson","2019-06-09",35.6249,23.7087
"Scomberomorus commerson","2019-07-15",36.9613,25.4056
"Scomberomorus commerson","2014-07-04",34.9312,24.9659
"Scomberomorus commerson","2014-07-05",35.6927,34.5613
"Scomberomorus commerson","2019-07-31",35.1711,24.4097
"Scomberomorus commerson","2005-11-16",36.5948,36.1702
"Scomberomorus commerson","2015-07-16",35.8191,14.452
"Scomberomorus commerson","2006-01-01",36.858,11.168
"Scomberomorus commerson","2015-07-16",38.4386,20.5357
"Scomberomorus commerson","2017-07-21",36.3531,22.9721
"Scomberomorus commerson","2016-07-21",36.3531,22.9721
"Scomberomorus commerson","2019-07-19",37.2911,21.6836
"Scomberomorus commerson","2017-07-30",35.1009,24.5629
"Scomberomorus commerson","2017-07-16",38.4394,20.5343
"Scomberomorus commerson","2015-06-06",35.1761,24.2336
"Scomberomorus commerson","2019-07-24",35.5502,24.0673
"Scomberomorus commerson","2020-06-07",35.3687,24.407
"Scomberomorus commerson","2020-07-30",35.1009,24.5629
"Scomberomorus commerson","2008-01-01",33.2745,35.1959
"Scomberomorus commerson","2019-07-09",39.3948,20.233
"Scomberomorus commerson","2017-06-07",35.3752,24.4801
"Scomberomorus commerson","2015-07-31",35.1711,24.4097
"Scomberomorus commerson","2017-07-13",38.5621,20.5468
"Scomberomorus commerson","2020-12-01",31.773,30.408
"Scomberomorus commerson","2014-07-31",35.1711,24.4097
"Scomberomorus commerson","2020-06-07",34.8669,25.7155
"Scomberomorus commerson","2018-06-07",35.4625,24.257
"Scomberomorus commerson","2019-07-18",37.0442,21.5589
"Scomberomorus commerson","2016-07-21",36.1585,22.9492
"Scomberomorus commerson","2017-07-31",35.1711,24.4097
"Scomberomorus commerson","2015-07-14",38.6016,20.6268
"Scorpaena stephanica","1977-01-01",41.6,2.8167
"Selene dorsalis","2007-01-01",35.858,14.575
"Selene dorsalis","2017-07-01",35.8672,14.5757
"Seriola carpenteri","2016-11-01",37.237,10.177
"Seriola carpenteri","1996-01-01",35.48,12.967
"Seriola carpenteri","1997-01-01",35.48,12.967
"Seriola fasciata","2018-10-01",37.3833,27.4167
"Seriola fasciata","2018-11-01",36.11,35.9017
"Seriola fasciata","2017-06-01",38.1998,13.2392
"Seriola fasciata","2010-09-01",34.244,35.653
"Seriola fasciata","1999-01-01",38.217,14.75
"Seriola fasciata","2020-01-01",38.2178,13.2927
"Seriola fasciata","2013-10-01",35.543,35.761
"Seriola fasciata","2020-07-25",35.8269,14.4246
"Seriola fasciata","2013-11-01",36.814,30.875
"Seriola fasciata","2000-01-01",38.2,14.717
"Seriola fasciata","2016-10-01",37.992,12.022
"Seriola fasciata","1998-01-01",38.1053,14.5865
"Seriola fasciata","2019-07-01",35.4983,12.6029
"Seriola fasciata","1995-01-01",35.453,12.493
"Seriola fasciata","1989-01-01",39.379,2.609
"Seriola fasciata","2020-04-01",35.9042,14.5263
"Seriola fasciata","2008-01-01",32.857,34.933
"Seriola fasciata","1995-01-01",35.507,12.631
"Seriola fasciata","1997-01-01",35.488,12.605
"Seriola fasciata","2021-09-01",36.7725,28.4263
"Seriola fasciata","2017-06-01",38.155,13.0728
"Seriola fasciata","1998-01-01",38.217,14.7
"Seriola fasciata","2016-11-01",37.15,12.8833
"Seriola fasciata","1996-01-01",43.269,3.803
"Seriola fasciata","2022-07-28",36.3452,25.4679
"Seriola fasciata","2020-07-19",35.8189,14.4526
"Seriola fasciata","2019-07-02",35.81,14.5402
"Seriola fasciata","2021-03-01",34.8999,33.6692
"Seriola fasciata","2008-10-01",35.9078,14.5028
"Seriola fasciata","2009-09-01",35.766,14.464
"Seriola fasciata","1997-01-01",36.917,15.5
"Seriola fasciata","2019-10-01",35.8268,14.7091
"Seriola fasciata","2014-11-01",38.2641,15.6435
"Seriola fasciata","2014-07-12",35.9875,14.3271
"Seriola fasciata","2013-10-01",35.525,35.6294
"Seriola fasciata","2024-09-01",36.7628,11.9684
"Seriola fasciata","1994-01-01",38.268,15.421
"Seriola fasciata","2012-10-01",34.244,35.653
"Seriola fasciata","2005-11-01",34.297,35.667
"Seriola fasciata","2001-01-01",35.867,12.817
"Seriola fasciata","2019-08-01",35.8843,14.647
"Seriola fasciata","1993-01-01",38.2313,15.6146
"Seriola fasciata","1998-01-01",38.1,12.983
"Seriola fasciata","2002-01-01",35.433,12.817
"Seriola fasciata","1994-01-01",38.084,14.621
"Seriola fasciata","2019-07-01",36.0185,14.289
"Seriola fasciata","2019-07-20",34.9269,24.9161
"Seriola fasciata","2019-07-01",36.0024,14.4206
"Seriola fasciata","1999-01-01",35.433,12.817
"Seriola fasciata","2017-07-01",31.3488,29.6733
"Seriola fasciata","2017-07-13",35.1868,25.7184
"Seriola fasciata","2009-09-01",35.753,14.541
"Seriola fasciata","2015-11-01",36.7488,15.1365
"Seriola fasciata","1995-01-01",35.44,12.628
"Seriola fasciata","2009-09-01",35.256,15.071
"Seriola fasciata","2004-01-01",36.428,28.176
"Seriola fasciata","2012-09-01",36.808,30.628
"Seriola rivoliana","2010-08-01",39.319,3.148
"Seriola rivoliana","2004-02-01",32.914,13.238
"Seriola rivoliana","2000-01-01",35.545,11.79
"Seriola rivoliana","2003-01-01",35.417,11.699
"Seriola rivoliana","2011-08-01",39.293,3.11
"Seriola rivoliana","2012-07-01",35.3374,25.1915
"Seriola rivoliana","2010-08-01",39.347,2.891
"Seriola rivoliana","2022-06-01",40.7979,14.085
"Seriola rivoliana","2014-07-01",35.3326,25.2285
"Siganus fuscescens","2020-03-01",38.4443,15.9046
"Siganus javus","2009-10-10",35.5331,35.75
"Siganus javus","2021-12-01",31.2723,29.9907
"Siganus luridus","2011-09-01",35.369,25.121
"Siganus luridus","1975-11-01",32.623,34.913
"Siganus luridus","2020-08-10",35.4751,27.1971
"Siganus luridus","2019-05-13",34.9959,25.5722
"Siganus luridus","2019-08-09",34.9959,25.5722
"Siganus luridus","2019-11-30",36.7425,11.9879
"Siganus luridus","2021-08-24",35.3623,33.1945
"Siganus luridus","2019-01-01",35.1656,24.4199
"Siganus luridus","2008-07-01",36.4,25.782
"Siganus luridus","2021-09-20",36.6975,25.0922
"Siganus luridus","2020-06-10",37.6923,26.7265
"Siganus luridus","2016-06-01",36.4083,28.2301
"Siganus luridus","2014-08-08",36.1649,28.098
"Siganus luridus","2020-09-24",36.852,25.9522
"Siganus luridus","2021-06-06",35.0955,24.5902
"Siganus luridus","2021-08-21",34.9245,24.7796
"Siganus luridus","2019-08-01",35.0195,26.0129
"Siganus luridus","2007-01-01",36.42034,28.17563
"Siganus luridus","2020-01-01",38.917,24.466
"Siganus luridus","2019-09-08",34.9959,25.5722
"Siganus luridus","2019-01-01",37.035,25.0517
"Siganus luridus","2020-06-03",35.3209,26.3
"Siganus luridus","2019-01-01",35.1656,24.4199
"Siganus luridus","2014-01-01",37.322,26.724
"Siganus luridus","2021-08-24",35.3623,33.1945
"Siganus luridus","1996-01-01",31.356,30.044
"Siganus luridus","2010-08-01",35.8641,12.8825
"Siganus luridus","2019-05-11",34.9959,25.5722
"Siganus luridus","2020-09-20",36.6625,25.1369
"Siganus luridus","2013-09-01",35.8641,12.8825
"Siganus luridus","2016-06-29",37.6485,20.8163
"Siganus luridus","2021-08-13",35.3428,33.3473
"Siganus luridus","2020-09-01",37.6472,20.8454
"Siganus luridus","2013-07-01",31.878,19.907
"Siganus luridus","2009-01-01",36.07433,28.01541
"Siganus luridus","2019-01-01",36.4835,23.0672
"Siganus luridus","2020-07-30",35.4141,25.0202
"Siganus luridus","2020-10-11",37.3697,24.8741
"Siganus luridus","2020-01-01",36.97383,25.38194
"Siganus luridus","2020-04-18",38.0043,21.2622
"Siganus luridus","2020-09-16",36.9799,25.1482
"Siganus luridus","2019-09-29",35.1464,33.9521
"Siganus luridus","2020-07-12",34.9845,25.2993
"Siganus luridus","2021-08-13",35.3428,33.3473
"Siganus luridus","2008-07-01",36.66,24.304
"Siganus luridus","2020-04-17",32.019,34.7185
"Siganus luridus","2009-02-01",35.831,14.546
"Siganus luridus","2014-01-01",36.78603,21.72379
"Siganus luridus","2018-01-01",37.28224,26.77204
"Siganus luridus","2020-12-08",42.4563,18.4251
"Siganus luridus","2019-05-11",35.3605,33.1938
"Siganus luridus","2019-01-01",37.8027,23.8033
"Siganus luridus","2019-06-01",34.9956,25.5737
"Siganus luridus","2016-07-29",37.7335,20.9224
"Siganus luridus","2002-08-01",35.811,14.452
"Siganus luridus","2020-08-22",37.4604,24.4359
"Siganus luridus","2020-06-07",35.4233,24.6646
"Siganus luridus","2016-02-10",36.0195,14.2721
"Siganus luridus","2013-07-01",35.556,24.085
"Siganus luridus","2019-08-08",39.3953,20.2324
"Siganus luridus","2020-07-04",34.9312,24.9659
"Siganus luridus","2020-07-01",35.3374,25.1915
"Siganus luridus","2007-01-01",36.16022,28.0886
"Siganus luridus","2020-08-11",36.4312,27.3551
"Siganus luridus","2013-07-01",35.503,24.174
"Siganus luridus","2020-09-20",36.7962,25.2764
"Siganus luridus","2021-08-16",35.3436,33.3542
"Siganus luridus","2018-07-01",35.924,14.3366
"Siganus luridus","2009-01-01",37.70536,20.94477
"Siganus luridus","2019-01-01",37.0565,25.0762
"Siganus luridus","2019-08-01",39.3948,20.2327
"Siganus luridus","2022-01-01",35.1465,33.9858
"Siganus luridus","2019-09-01",36.4254,28.1646
"Siganus luridus","2017-09-16",36.388,28.2461
"Siganus luridus","2020-09-20",37.1541,25.4486
"Siganus luridus","2011-08-21",35.8208,14.452
"Siganus luridus","2019-01-01",35.51528,23.98994
"Siganus luridus","2020-09-25",36.6315,24.9355
"Siganus luridus","2020-09-04",35.4078,25.02
"Siganus luridus","2008-07-01",36.758,25.243
"Siganus luridus","2018-08-01",35.8641,12.8825
"Siganus luridus","2002-01-01",32.1321,20.0185
"Siganus luridus","2020-09-19",36.9434,25.0794
"Siganus luridus","2019-01-01",36.82778,25.85724
"Siganus luridus","2022-01-01",36.4412,23.0923
"Siganus luridus","2011-05-01",35.813,14.451
"Siganus luridus","2021-06-05",35.0291,25.9723
"Siganus luridus","2020-01-01",39.005,26.168
"Siganus luridus","2007-06-01",36.334,28.229
"Siganus luridus","2004-09-06",36.42034,28.17563
"Siganus luridus","2015-09-21",35.3612,33.1952
"Siganus luridus","2018-01-01",37.31777,26.72461
"Siganus luridus","2020-10-21",37.5989,24.3846
"Siganus luridus","2017-08-01",35.924,14.3366
"Siganus luridus","2021-07-21",36.1589,22.9491
"Siganus luridus","2021-09-21",35.3612,33.1952
"Siganus luridus","2008-07-01",36.714,24.419
"Siganus luridus","2021-08-22",37.4604,24.4359
"Siganus luridus","2009-01-01",36.42034,28.17563
"Siganus luridus","2017-01-01",35.01787,25.85732
"Siganus luridus","2009-08-01",38.187,26.032
"Siganus luridus","2021-08-31",36.7099,24.5585
"Siganus luridus","2021-06-03",35.1751,25.8846
"Siganus luridus","2019-01-01",37.272,26.7697
"Siganus luridus","2016-05-11",34.78,33.62
"Siganus luridus","2020-10-20",37.1344,24.4399
"Siganus luridus","2020-09-24",37.0871,25.8197
"Siganus luridus","2016-05-20",35.0063,34.0678
"Siganus luridus","2015-01-01",31.759,25.099
"Siganus luridus","2020-08-01",37.7046,20.9427
"Siganus luridus","2020-04-10",37.8179,23.2346
"Siganus luridus","2020-04-09",37.9311,23.4218
"Siganus luridus","2019-08-24",35.3623,33.1945
"Siganus luridus","2008-07-01",36.347,25.822
"Siganus luridus","2021-12-11",37.7976,26.6922
"Siganus luridus","2021-09-23",36.848,25.5462
"Siganus luridus","2021-06-09",35.5049,23.6977
"Siganus luridus","2020-08-31",36.7436,24.6599
"Siganus luridus","2020-01-01",34.92519,24.77858
"Siganus luridus","2017-07-25",35.6816,34.5797
"Siganus luridus","2015-08-03",35.0095,26.1561
"Siganus luridus","2020-08-08",36.1649,28.098
"Siganus luridus","2016-07-29",37.7224,20.9432
"Siganus luridus","2021-08-08",36.1649,28.098
"Siganus luridus","2019-06-22",35.8243,27.2358
"Siganus luridus","2020-09-05",34.9515,24.7543
"Siganus luridus","2016-01-25",37.451,8.795
"Siganus luridus","2020-01-01",39.0153,26.1616
"Siganus luridus","2003-08-28",36.42034,28.17563
"Siganus luridus","2020-10-14",37.5041,23.4453
"Siganus luridus","2020-06-06",35.0965,24.5576
"Siganus luridus","2003-08-14",36.42034,28.17563
"Siganus luridus","2018-06-22",35.8243,27.2358
"Siganus luridus","2020-09-01",36.7333,24.3298
"Siganus luridus","2020-06-07",35.3567,24.3065
"Siganus luridus","2021-09-17",37.0251,25.253
"Siganus luridus","2021-09-16",36.9514,25.0294
"Siganus luridus","2019-01-01",36.976,21.65
"Siganus luridus","2019-06-06",36.4288,22.4862
"Siganus luridus","2012-08-10",35.4751,27.1971
"Siganus luridus","2019-07-01",35.924,14.3366
"Siganus luridus","2017-07-01",35.924,14.3366
"Siganus luridus","2019-08-09",36.4302,27.3549
"Siganus luridus","2008-07-01",36.707,25.101
"Siganus luridus","2013-09-01",35.509,12.626
"Siganus luridus","2020-10-21",37.4091,25.2046
"Siganus luridus","2021-11-05",35.9059,14.5101
"Siganus luridus","2022-01-01",37.526,22.7314
"Siganus luridus","2022-01-01",36.9917,26.9138
"Siganus luridus","2016-10-27",35.1464,33.9521
"Siganus luridus","2003-08-13",36.42034,28.17563
"Siganus luridus","2021-10-14",37.7226,23.4401
"Siganus luridus","2014-01-01",37.282,26.772
"Siganus luridus","2017-01-01",37.20087,26.32351
"Siganus luridus","2016-05-22",35.3613,33.6306
"Siganus luridus","2020-10-14",37.5228,23.4211
"Siganus luridus","2020-01-01",37.79159,24.08323
"Siganus luridus","2019-05-01",36.4254,28.1646
"Siganus luridus","2020-09-23",37.0374,25.6271
"Siganus luridus","2018-01-01",37.28224,26.77204
"Siganus luridus","2016-07-29",37.7369,20.9194
"Siganus luridus","2015-07-25",35.6816,34.5797
"Siganus luridus","2018-08-01",35.924,14.3366
"Siganus luridus","2020-04-09",37.8058,23.2398
"Siganus luridus","2020-08-16",35.3436,33.3542
"Siganus luridus","2020-07-12",35.3299,25.3871
"Siganus luridus","2020-09-19",37.0131,25.0903
"Siganus luridus","2006-10-01",36.018,14.295
"Siganus luridus","2020-03-01",34.9962,25.5724
"Siganus luridus","2020-10-02",37.8118,23.7684
"Siganus luridus","2019-08-31",35.8193,14.4518
"Siganus luridus","2016-06-21",39.1639,25.8669
"Siganus luridus","2021-07-05",34.9412,25.0501
"Siganus luridus","2020-09-01",37.6483,20.8169
"Siganus luridus","2020-10-17",35.8195,14.4512
"Siganus luridus","2020-10-21",37.432,24.8593
"Siganus luridus","2021-09-24",36.8639,25.8774
"Siganus luridus","2019-09-01",34.9956,25.5737
"Siganus luridus","2021-08-24",36.8868,22.2304
"Siganus luridus","2013-07-26",37.7018,20.9883
"Siganus luridus","2021-06-11",35.2561,25.7411
"Siganus luridus","2021-08-03",35.1792,24.2712
"Siganus luridus","2021-08-05",35.5513,27.216
"Siganus luridus","2018-08-09",36.3248,28.2127
"Siganus luridus","2019-12-08",36.9763,25.104
"Siganus luridus","2020-10-20",37.7578,24.0785
"Siganus luridus","2020-06-10",36.2442,27.7764
"Siganus luridus","2020-08-12",36.4284,27.3575
"Siganus luridus","2016-06-20",34.9412,25.0559
"Siganus luridus","2016-07-29",37.7355,20.9209
"Siganus luridus","2021-01-01",37.526,22.7314
"Siganus luridus","2021-01-01",37.7812,26.8925
"Siganus luridus","2021-05-22",35.3613,33.6306
"Siganus luridus","2013-01-01",39.199,25.82
"Siganus luridus","2020-10-14",37.7528,23.4165
"Siganus luridus","2020-06-20",34.9412,25.0559
"Siganus luridus","2006-08-01",36.766,24.491
"Siganus luridus","2005-08-01",35.371,25.135
"Siganus luridus","2002-01-01",37.1877,10.2208
"Siganus luridus","2009-08-01",38.147,26.011
"Siganus luridus","2021-06-06",35.1088,24.5442
"Siganus luridus","2019-08-12",36.147,29.604
"Siganus luridus","2020-09-16",37.1419,25.248
"Siganus luridus","2022-01-01",37.7812,26.8925
"Siganus luridus","2016-07-29",37.7272,20.9331
"Siganus luridus","2014-08-01",35.8641,12.8825
"Siganus luridus","2020-07-30",35.1143,24.5511
"Siganus luridus","2020-04-09",37.7691,23.4378
"Siganus luridus","2020-07-01",36.3559,28.2309
"Siganus luridus","2021-06-06",35.0883,24.6859
"Siganus luridus","2016-03-01",34.9962,25.5724
"Siganus luridus","2020-09-16",37.0023,25.251
"Siganus luridus","2020-08-01",37.7237,20.9342
"Siganus luridus","2020-09-01",35.8197,14.4492
"Siganus luridus","2018-09-09",34.9743,25.2735
"Siganus luridus","2016-01-01",32.08,24.0137
"Siganus luridus","2019-09-09",34.9743,25.2735
"Siganus luridus","2020-08-05",35.5513,27.216
"Siganus luridus","2011-01-01",36.98,25.07
"Siganus luridus","2020-07-31",35.2561,25.7411
"Siganus luridus","2021-08-12",37.9067,24.6898
"Siganus luridus","2021-04-09",37.8182,23.2694
"Siganus luridus","2020-06-11",32.1607,34.7398
"Siganus luridus","1973-01-01",38.424,27.065
"Siganus luridus","2020-05-21",35.3596,33.6159
"Siganus luridus","2016-07-29",37.7208,20.9464
"Siganus luridus","2015-06-22",36.9924,26.9147
"Siganus luridus","2020-10-11",37.3751,24.8737
"Siganus luridus","2021-09-23",36.9109,25.6207
"Siganus luridus","2018-01-01",37.28224,26.77204
"Siganus luridus","2021-09-20",37.6858,24.9711
"Siganus luridus","2014-01-01",37.318,26.724
"Siganus luridus","2012-08-22",37.6808,20.8766
"Siganus luridus","2021-08-02",35.2907,26.2937
"Siganus luridus","2013-07-01",35.2019,24.1235
"Siganus luridus","2019-08-03",35.0107,26.1544
"Siganus luridus","2020-04-16",37.9603,21.224
"Siganus luridus","2020-08-13",36.9259,26.9719
"Siganus luridus","2010-09-01",45.701,13.71
"Siganus luridus","2021-01-01",36.4412,23.0923
"Siganus luridus","2018-01-01",37.28224,26.77204
"Siganus luridus","2021-09-16",36.9859,25.214
"Siganus luridus","2012-11-01",36.659,30.56
"Siganus luridus","2020-05-11",35.3605,33.1938
"Siganus luridus","2016-05-11",35.3605,33.1938
"Siganus luridus","2015-08-01",35.8641,12.8825
"Siganus luridus","2020-09-01",36.8482,24.5468
"Siganus luridus","2014-01-01",35.30358,26.30424
"Siganus luridus","2020-10-21",37.419,25.3056
"Siganus luridus","2021-10-28",37.8581,24.7814
"Siganus luridus","2021-08-12",38.0063,24.4206
"Siganus luridus","2016-07-26",37.7072,20.9806
"Siganus luridus","1966-01-01",32.834,34.951
"Siganus luridus","2008-01-01",36.426,28.185
"Siganus luridus","1976-11-01",32.606,34.911
"Siganus luridus","2020-10-14",37.6724,23.3354
"Siganus luridus","2021-01-01",35.329,25.388
"Siganus luridus","2019-01-01",36.67316,25.14755
"Siganus luridus","2019-01-01",35.8959,27.2399
"Siganus luridus","2021-09-14",37.7174,20.7294
"Siganus luridus","2021-01-01",36.8815,22.2333
"Siganus luridus","2021-08-22",37.0347,28.1865
"Siganus luridus","2018-09-01",35.924,14.3366
"Siganus luridus","2018-08-07",36.3617,25.4042
"Siganus luridus","2020-10-14",37.7208,23.4465
"Siganus luridus","2019-08-01",35.924,14.3366
"Siganus luridus","2018-11-04",34.7523,32.3925
"Siganus luridus","2020-06-05",34.9992,26.0906
"Siganus luridus","2021-09-20",36.7228,25.405
"Siganus luridus","2022-01-01",36.6136,27.1543
"Siganus luridus","2014-12-01",35.9164,35.7889
"Siganus luridus","2020-04-18",37.9838,21.2551
"Siganus luridus","2007-08-01",35.811,14.454
"Siganus luridus","2021-09-20",36.9758,25.1698
"Siganus luridus","2014-01-01",34.92922,24.9666
"Siganus luridus","2021-08-12",36.4284,27.3575
"Siganus luridus","2013-06-14",34.9535,25.2114
"Siganus luridus","2021-08-20",38.2611,20.675
"Siganus luridus","2019-01-01",37.104,26.8725
"Siganus luridus","2003-03-14",36.16022,28.0886
"Siganus luridus","2020-10-14",37.5884,23.2309
"Siganus luridus","2021-09-02",35.3337,25.2435
"Siganus luridus","2021-08-11",36.147,29.604
"Siganus luridus","2009-01-01",37.73378,20.922
"Siganus luridus","2015-08-13",35.3428,33.3473
"Siganus luridus","2020-08-12",35.3596,33.1819
"Siganus luridus","2020-01-01",34.99112,25.45222
"Siganus luridus","2021-06-04",35.2983,25.7441
"Siganus luridus","2020-03-18",37.3174,26.72454
"Siganus luridus","2021-08-12",37.9627,24.6822
"Siganus luridus","2020-07-01",36.4467,28.2064
"Siganus luridus","2011-08-01",35.839,14.568
"Siganus luridus","2001-04-01",34.389,35.726
"Siganus luridus","2021-07-28",36.3452,25.4679
"Siganus luridus","2014-01-01",36.6632,24.46618
"Siganus luridus","2021-06-03",35.2306,26.1744
"Siganus luridus","2020-09-19",36.7528,25.3557
"Siganus luridus","2020-04-09",37.775,23.4749
"Siganus luridus","2013-01-01",36.89,27.34229
"Siganus luridus","2019-06-29",35.9119,14.5076
"Siganus luridus","2021-01-01",36.9385,26.9876
"Siganus luridus","2020-06-05",35.2207,26.2838
"Siganus luridus","2020-09-19",37.0544,25.0701
"Siganus luridus","2020-08-21",38.2855,20.6119
"Siganus luridus","2018-05-21",35.3596,33.6159
"Siganus luridus","2015-01-01",30.414,19.607
"Siganus luridus","2020-04-17",37.9305,21.1699
"Siganus luridus","2015-08-09",36.3248,28.2127
"Siganus luridus","2021-08-09",36.4302,27.3549
"Siganus luridus","2019-08-01",39.3965,20.2413
"Siganus luridus","2021-08-29",37.2511,24.596
"Siganus luridus","2016-01-01",34.9415,25.0565
"Siganus luridus","2019-04-01",36.8754,15.1461
"Siganus luridus","2016-08-14",36.4074,27.3584
"Siganus luridus","2020-08-02",35.2907,26.2937
"Siganus luridus","2021-07-20",34.9269,24.9161
"Siganus luridus","2011-07-26",35.6823,34.5793
"Siganus luridus","2020-08-31",36.7821,24.5918
"Siganus luridus","2020-07-01",35.3339,25.2125
"Siganus luridus","2010-08-01",45.701,13.71
"Siganus luridus","2014-09-16",36.388,28.2461
"Siganus luridus","1980-05-10",35.1721,24.401
"Siganus luridus","2014-01-01",36.78761,21.75813
"Siganus luridus","2019-01-01",37.80109,26.69681
"Siganus luridus","2010-06-01",36.006,14.346
"Siganus luridus","2016-08-02",35.4141,25.0202
"Siganus luridus","2016-10-04",35.1453,26.2775
"Siganus luridus","2020-04-09",37.8164,23.3828
"Siganus luridus","2020-04-09",37.759,23.5644
"Siganus luridus","2012-04-01",37.812,24.782
"Siganus luridus","2020-10-06",37.6584,25.1194
"Siganus luridus","2021-08-01",38.6246,20.7195
"Siganus luridus","2014-07-26",37.7077,20.9754
"Siganus luridus","2008-01-01",35.914,27.736
"Siganus luridus","2020-03-11",37.3174,26.72454
"Siganus luridus","2021-09-16",36.9642,25.1208
"Siganus luridus","2015-08-24",35.3623,33.1945
"Siganus luridus","2016-09-14",37.7174,20.7294
"Siganus luridus","2021-09-10",34.9834,25.3058
"Siganus luridus","2015-01-01",41.891,19.158
"Siganus luridus","2020-10-21",37.1771,24.4274
"Siganus luridus","2016-06-19",32.08,24.0137
"Siganus luridus","2019-06-16",32.7184,20.9376
"Siganus luridus","2020-10-21",37.1205,24.4348
"Siganus luridus","2005-01-01",36.42034,28.17563
"Siganus luridus","2018-08-01",37.0833,11.0514
"Siganus luridus","2007-01-01",36.808,27.703
"Siganus luridus","2017-08-22",37.4604,24.4359
"Siganus luridus","2009-01-01",37.70177,20.9479
"Siganus luridus","2016-07-29",37.6923,20.8402
"Siganus luridus","2019-01-01",37.20498,26.77001
"Siganus luridus","2018-01-01",37.69826,26.96893
"Siganus luridus","2016-07-19",36.4857,22.9876
"Siganus luridus","2014-01-01",37.68439,20.87583
"Siganus luridus","2021-06-09",35.6108,23.6112
"Siganus luridus","2021-06-03",35.1932,26.3208
"Siganus luridus","2021-09-23",37.0126,25.5795
"Siganus luridus","2014-01-01",36.82737,21.69777
"Siganus luridus","2021-04-09",37.9512,23.4173
"Siganus luridus","2020-09-16",37.1393,25.2959
"Siganus luridus","2020-08-23",35.827,14.4241
"Siganus luridus","2020-10-21",37.4835,24.4176
"Siganus luridus","2021-09-20",37.0497,25.2799
"Siganus luridus","2020-10-10",35.3368,25.2809
"Siganus luridus","2020-06-04",35.2518,25.7438
"Siganus luridus","2022-01-01",37.5044,22.8645
"Siganus luridus","2021-07-25",35.6816,34.5797
"Siganus luridus","1963-01-01",33.782,35.429
"Siganus luridus","2020-10-14",37.7342,23.4286
"Siganus luridus","2016-07-26",37.7077,20.9754
"Siganus luridus","2016-07-29",37.7288,20.9267
"Siganus luridus","2016-12-01",39.901,18.069
"Siganus luridus","2020-12-06",35.8208,14.4464
"Siganus luridus","2019-07-29",37.7288,20.9267
"Siganus luridus","2020-09-20",35.3597,33.2001
"Siganus luridus","2021-08-18",35.4172,24.7869
"Siganus luridus","2014-09-01",35.924,14.3366
"Siganus luridus","2020-06-04",35.3424,25.7771
"Siganus luridus","2020-10-21",37.3705,24.463
"Siganus luridus","2020-06-05",35.1695,26.3076
"Siganus luridus","2015-07-24",35.6927,34.5604
"Siganus luridus","2020-08-01",37.7051,20.985
"Siganus luridus","2001-04-01",34.474,35.781
"Siganus luridus","2019-01-01",36.87851,25.93276
"Siganus luridus","2020-10-14",37.6826,23.354
"Siganus luridus","2011-06-20",34.941,25.0511
"Siganus luridus","2011-12-01",42.461,18.416
"Siganus luridus","2019-08-11",36.4312,27.3551
"Siganus luridus","2016-07-29",37.6991,20.8438
"Siganus luridus","2020-10-21",37.2121,24.4788
"Siganus luridus","2020-07-05",35.6927,34.5613
"Siganus luridus","2020-10-14",37.6913,23.3715
"Siganus luridus","2021-10-21",37.4976,25.3631
"Siganus luridus","2016-07-29",37.7034,20.9518
"Siganus luridus","2014-08-12",36.4284,27.3575
"Siganus luridus","2014-08-01",35.9164,35.7889
"Siganus luridus","2021-08-20",36.7528,24.488
"Siganus luridus","2019-07-01",34.9872,25.5409
"Siganus luridus","2020-09-24",37.135,25.8221
"Siganus luridus","2014-11-01",35.9164,35.7889
"Siganus luridus","2021-01-01",36.8508,22.2577
"Siganus luridus","2020-10-11",37.5184,24.8768
"Siganus luridus","2020-09-15",35.3611,33.1886
"Siganus luridus","2016-01-12",37.7807,26.8922
"Siganus luridus","2016-06-22",37.4401,24.8869
"Siganus luridus","2021-09-23",37.0712,25.692
"Siganus luridus","2021-09-24",36.7721,25.7644
"Siganus luridus","2017-10-10",35.3368,25.2809
"Siganus luridus","2001-08-01",35.444,26.983
"Siganus luridus","2021-06-07",34.8878,25.6924
"Siganus luridus","2018-10-01",35.8641,12.8825
"Siganus luridus","2014-12-20",35.8547,14.5667
"Siganus luridus","2022-01-01",38.0976,20.8084
"Siganus luridus","2021-01-01",38.0976,20.8084
"Siganus luridus","2020-09-17",37.0184,25.0873
"Siganus luridus","2018-11-05",36.1671,28.0958
"Siganus luridus","2008-07-01",36.727,24.552
"Siganus luridus","2019-01-01",37.0175,25.0255
"Siganus luridus","2022-01-01",36.9385,26.9876
"Siganus luridus","2020-04-09",37.6711,23.4749
"Siganus luridus","2020-06-07",35.3771,24.2636
"Siganus luridus","2020-09-17",36.9931,25.1289
"Siganus luridus","2015-09-02",35.3516,33.2755
"Siganus luridus","2002-01-01",36.43889,28.20444
"Siganus luridus","2020-01-11",37.7729,26.6092
"Siganus luridus","2021-08-05",35.5513,27.216
"Siganus luridus","2020-08-05",35.5513,27.216
"Siganus luridus","2020-08-25",35.4052,32.9178
"Siganus luridus","2013-09-01",35.875,12.865
"Siganus luridus","2022-01-01",36.4393,28.1582
"Siganus luridus","2020-09-25",36.6655,24.8674
"Siganus luridus","2021-09-21",35.2458,23.8364
"Siganus luridus","2020-09-25",36.6686,25.0752
"Siganus luridus","2020-09-20",36.8878,25.5333
"Siganus luridus","2019-01-01",37.0502,25.0737
"Siganus luridus","2009-01-01",36.43889,28.20444
"Siganus luridus","2013-01-01",39.203,25.849
"Siganus luridus","2021-04-17",37.9554,21.2222
"Siganus luridus","2020-10-21",37.1507,24.54
"Siganus luridus","2019-01-01",37.09257,25.13474
"Siganus luridus","2020-11-20",37.507,26.009
"Siganus luridus","2020-10-11",37.3775,24.9202
"Siganus luridus","2019-08-21",39.1023,25.9577
"Siganus luridus","2021-08-02",35.291,26.2955
"Siganus luridus","2012-07-01",36.221,27.603
"Siganus luridus","2013-08-08",35.1721,24.401
"Siganus luridus","1973-01-01",38.30098,21.10303
"Siganus luridus","2003-03-27",36.16022,28.0886
"Siganus luridus","2009-01-01",36.16022,28.0886
"Siganus luridus","2020-09-16",37.0736,25.1149
"Siganus luridus","2020-09-20",37.9282,24.8443
"Siganus luridus","2013-07-01",35.021,26.015
"Siganus luridus","2021-08-29",37.147,24.4092
"Siganus luridus","2017-09-01",35.8641,12.8825
"Siganus luridus","2020-04-18",38.1699,21.5301
"Siganus luridus","2020-09-10",36.4113,22.4908
"Siganus luridus","2020-11-20",37.6833,26.3688
"Siganus luridus","1986-01-01",36.217,29.967
"Siganus luridus","2008-07-01",36.349,25.865
"Siganus luridus","2006-10-01",35.825,14.574
"Siganus luridus","2020-01-01",35.18087,25.71285
"Siganus luridus","2018-01-01",37.31777,26.72461
"Siganus luridus","2019-01-01",34.93173,24.95315
"Siganus luridus","2013-07-01",35.018,26.033
"Siganus luridus","2008-07-01",36.762,24.554
"Siganus luridus","2003-01-01",35.85,12.917
"Siganus luridus","2016-07-29",37.7046,20.9427
"Siganus luridus","2020-06-06",34.9157,24.0154
"Siganus luridus","2020-04-10",37.8271,23.2727
"Siganus luridus","2021-06-07",35.4302,24.6952
"Siganus luridus","2013-07-01",35.025,25.89
"Siganus luridus","2019-01-01",36.9437,25.0743
"Siganus luridus","2021-04-18",38.0846,21.3306
"Siganus luridus","2020-01-01",36.94102,26.99024
"Siganus luridus","2022-01-01",40.6098,26.0603
"Siganus luridus","2020-08-05",35.363,33.1968
"Siganus luridus","2020-07-30",35.1009,24.5629
"Siganus luridus","2020-08-07",37.273,26.7388
"Siganus luridus","2013-12-01",30.827,29.0062
"Siganus luridus","2008-07-01",36.42,25.397
"Siganus luridus","2020-04-17",38.093,21.3337
"Siganus luridus","2018-01-01",37.31345,26.74014
"Siganus luridus","2020-06-03",35.2216,26.0116
"Siganus luridus","2020-10-21",37.4029,24.4923
"Siganus luridus","2015-11-01",37.194,9.878
"Siganus luridus","2002-04-01",37.197,10.209
"Siganus luridus","2016-06-01",35.6864,23.7484
"Siganus luridus","2019-04-04",35.2524,25.7589
"Siganus luridus","2001-01-01",35.49,11.111
"Siganus luridus","2016-05-12",35.2045,26.2757
"Siganus luridus","2017-08-03",35.0095,26.1561
"Siganus luridus","2019-11-03",34.9655,34.084
"Siganus luridus","2016-11-01",38.983,17.162
"Siganus luridus","2016-07-26",37.7137,20.9667
"Siganus luridus","2008-07-01",36.684,24.549
"Siganus luridus","1968-01-01",32.133,24.133
"Siganus luridus","2021-06-03",35.2317,25.7445
"Siganus luridus","2005-01-01",32.0819,24.0072
"Siganus luridus","2020-10-11",37.3945,24.8505
"Siganus luridus","2020-01-01",37.29878,26.75862
"Siganus luridus","2014-01-01",36.15706,23.0473
"Siganus luridus","2020-09-28",36.7825,27.1466
"Siganus luridus","2013-01-01",36.85569,27.34978
"Siganus luridus","2013-08-31",39.1341,9.5556
"Siganus luridus","2018-01-01",37.29744,26.76359
"Siganus luridus","2008-07-01",36.754,25.356
"Siganus luridus","2015-08-17",35.3597,33.2003
"Siganus luridus","2018-01-01",35.51465,27.20927
"Siganus luridus","2020-06-04",35.1891,25.7341
"Siganus luridus","2018-05-21",35.3596,33.6159
"Siganus luridus","2011-01-01",36.984,25.194
"Siganus luridus","2020-10-14",37.5625,23.4799
"Siganus luridus","2014-09-01",35.051,34.023
"Siganus luridus","2016-07-30",38.6358,20.768
"Siganus luridus","2020-09-17",37.1152,25.2764
"Siganus luridus","2008-07-01",36.425,25.361
"Siganus luridus","2020-10-14",37.54,23.4878
"Siganus luridus","2008-07-01",36.348,25.736
"Siganus luridus","2021-06-07",34.8857,25.7367
"Siganus luridus","2018-05-22",35.3613,33.6306
"Siganus luridus","2017-01-01",38.52722,21.07258
"Siganus luridus","2014-01-01",36.42359,28.19117
"Siganus luridus","2020-10-21",37.2482,24.5999
"Siganus luridus","2016-09-01",39.013,24.543
"Siganus luridus","2021-08-08",35.6897,27.1909
"Siganus luridus","2018-01-01",37.28224,26.77204
"Siganus luridus","2021-04-09",37.9137,23.1129
"Siganus luridus","2009-07-30",39.2772,20.4129
"Siganus luridus","2012-07-01",35.6031,27.1595
"Siganus luridus","2001-04-01",34.321,35.713
"Siganus luridus","2021-08-04",35.362,33.1991
"Siganus luridus","2021-08-12",35.3596,33.1819
"Siganus luridus","2020-09-16",37.0797,25.1171
"Siganus luridus","2016-07-29",37.7135,20.8645
"Siganus luridus","2020-01-01",36.8809,25.91752
"Siganus luridus","2021-09-19",36.9425,24.9491
"Siganus luridus","2020-01-01",37.09856,25.345
"Siganus luridus","2020-10-14",37.6742,23.4743
"Siganus luridus","2009-01-01",37.72533,20.86905
"Siganus luridus","2021-06-03",35.355,25.6711
"Siganus luridus","2019-01-01",36.9747,21.65
"Siganus luridus","2007-01-01",36.668,28.314
"Siganus luridus","2018-08-05",35.5513,27.216
"Siganus luridus","2018-07-01",36.0531,14.1886
"Siganus luridus","2020-08-07",37.3068,26.8026
"Siganus luridus","2014-08-05",35.5513,27.216
"Siganus luridus","2020-10-14",37.5824,23.3997
"Siganus luridus","2021-08-29",37.0458,24.6474
"Siganus luridus","2019-01-01",36.90711,25.97322
"Siganus luridus","2020-09-24",36.8386,25.6841
"Siganus luridus","2020-01-08",36.7663,24.53
"Siganus luridus","2019-08-02",39.3944,20.2365
"Siganus luridus","2019-01-01",37.09217,25.13444
"Siganus luridus","2020-09-25",36.5981,24.9647
"Siganus luridus","2019-01-01",37.09257,25.13464
"Siganus luridus","2020-06-03",35.2205,26.0068
"Siganus luridus","2021-08-31",35.4138,25.0196
"Siganus luridus","2020-01-07",37.955,21.2203
"Siganus luridus","2020-08-03",35.0107,26.1544
"Siganus luridus","2020-04-09",37.9476,23.187
"Siganus luridus","2020-10-22",35.4167,25.0196
"Siganus luridus","2021-08-18",36.6638,25.4471
"Siganus luridus","2019-05-19",35.1287,25.743
"Siganus luridus","2021-01-01",36.5888,27.2113
"Siganus luridus","2018-01-01",37.28224,26.77204
"Siganus luridus","2018-08-03",35.0095,26.1561
"Siganus luridus","2015-08-03",35.0095,26.1561
"Siganus luridus","2021-08-02",35.291,26.2955
"Siganus luridus","2021-04-09",37.924,23.5524
"Siganus luridus","2007-06-01",36.95,22.1333
"Siganus luridus","2021-09-23",37.6568,20.8607
"Siganus luridus","2020-08-03",35.0095,26.1561
"Siganus luridus","2016-05-17",37.6882,26.3531
"Siganus luridus","2020-04-17",38.0053,21.273
"Siganus luridus","2020-04-09",37.9707,23.2503
"Siganus luridus","2016-07-26",37.7114,20.9715
"Siganus luridus","2020-10-06",37.6853,25.0034
"Siganus luridus","2019-07-29",37.7312,20.9242
"Siganus luridus","2020-08-22",35.8667,14.5688
"Siganus luridus","2019-10-08",36.1459,29.607
"Siganus luridus","1998-01-01",31.2054,29.8087
"Siganus luridus","2021-08-31",36.7468,24.3276
"Siganus luridus","2020-01-01",35.257,25.745
"Siganus luridus","2020-10-21",37.8854,24.6894
"Siganus luridus","2020-04-09",37.8117,23.2581
"Siganus luridus","2017-01-01",31.25,29.87
"Siganus luridus","2020-09-24",37.7192,20.7353
"Siganus luridus","2021-09-19",36.9696,25.0309
"Siganus luridus","2021-06-03",35.3214,26.1812
"Siganus luridus","2021-07-21",36.3531,22.9721
"Siganus luridus","2021-06-05",35.0083,26.1819
"Siganus luridus","2016-07-29",37.7013,20.9491
"Siganus luridus","1983-01-01",36.773,34.721
"Siganus luridus","2019-01-01",36.90728,25.97491
"Siganus luridus","2021-08-05",35.363,33.1968
"Siganus luridus","2018-07-01",35.9887,14.3277
"Siganus luridus","2015-11-01",37.6788,24.1225
"Siganus luridus","2019-03-01",35.2605,25.7524
"Siganus luridus","2021-09-16",37.0287,25.261
"Siganus luridus","2008-01-01",36.045,27.969
"Siganus luridus","2014-06-01",35.5094,11.0767
"Siganus luridus","2019-01-01",37.107,25.2692
"Siganus luridus","2021-09-17",36.9619,25.0385
"Siganus luridus","2016-05-10",36.4459,28.2288
"Siganus luridus","2002-01-01",36.16022,28.0886
"Siganus luridus","2015-11-01",37.6922,24.1283
"Siganus luridus","2008-07-01",36.637,25.109
"Siganus luridus","2021-08-21",37.384,24.4577
"Siganus luridus","2016-07-29",37.7201,20.9584
"Siganus luridus","2021-06-06",35.0182,24.7497
"Siganus luridus","2021-01-01",37.5044,22.8645
"Siganus luridus","2020-01-01",37.79973,23.78898
"Siganus luridus","2008-01-01",36.424,28.136
"Siganus luridus","2008-07-01",36.646,25.337
"Siganus luridus","2016-08-13",36.4207,27.3346
"Siganus luridus","2021-01-01",37.7813,26.8936
"Siganus luridus","2020-02-01",36.3559,28.2309
"Siganus luridus","2020-10-04",38.7599,24.5753
"Siganus luridus","2021-08-24",36.361,25.4027
"Siganus luridus","1955-01-01",32.834,34.951
"Siganus luridus","2020-10-21",37.3883,24.3822
"Siganus luridus","2014-08-01",35.924,14.3366
"Siganus luridus","2013-08-01",35.924,14.3366
"Siganus luridus","2021-09-20",37.7712,24.8537
"Siganus luridus","2016-08-08",36.1649,28.098
"Siganus luridus","2022-01-01",36.8815,22.2333
"Siganus luridus","2019-09-07",34.9256,24.96199
"Siganus luridus","2017-01-01",39.15827,20.2308
"Siganus luridus","2019-01-01",34.9743,25.27354
"Siganus luridus","2021-08-13",37.0096,26.9402
"Siganus luridus","2020-10-14",37.5512,23.3587
"Siganus luridus","2016-07-29",37.6886,20.8399
"Siganus luridus","2020-01-01",39.20535,23.9714
"Siganus luridus","2020-01-08",37.016,26.9656
"Siganus luridus","2015-07-05",35.6927,34.5613
"Siganus luridus","2021-09-20",37.2036,25.5246
"Siganus luridus","2008-07-01",36.767,24.394
"Siganus luridus","2021-09-11",35.3589,33.1777
"Siganus luridus","2008-01-01",33.2745,35.1959
"Siganus luridus","2018-07-04",35.6935,34.5629
"Siganus luridus","2014-07-01",35.9164,35.7889
"Siganus luridus","2022-01-01",36.3614,25.4053
"Siganus luridus","2020-01-23",36.4509,28.2135
"Siganus luridus","2011-07-23",36.8628,22.2502
"Siganus luridus","2020-09-24",36.8287,25.911
"Siganus luridus","2021-12-11",37.7511,26.9734
"Siganus luridus","2019-08-25",36.8809,28.0281
"Siganus luridus","2020-04-09",37.6968,23.3753
"Siganus luridus","1975-06-01",36.4169,27.3871
"Siganus luridus","2008-07-01",36.708,25.243
"Siganus luridus","2020-08-17",38.4555,20.683
"Siganus luridus","2008-07-01",36.771,24.498
"Siganus luridus","2019-01-01",36.99394,25.34094
"Siganus luridus","2020-06-05",35.0919,26.2802
"Siganus luridus","2016-06-23",35.4151,24.988
"Siganus luridus","2019-01-01",35.41699,26.93234
"Siganus luridus","2020-06-08",35.3595,33.6041
"Siganus luridus","2008-07-01",36.369,25.832
"Siganus luridus","2008-07-01",36.624,25.07
"Siganus luridus","2013-12-01",35.7885,10.8338
"Siganus luridus","2025-01-01",32.1897,23.394
"Siganus luridus","2020-09-20",36.6983,25.2884
"Siganus luridus","2017-09-01",35.8621,12.8529
"Siganus luridus","1975-08-01",36.2449,33.8138
"Siganus luridus","2020-05-17",35.3596,33.1826
"Siganus luridus","2017-10-31",36.2127,28.1479
"Siganus luridus","2020-01-01",33.225,11.2918
"Siganus luridus","2021-08-26",35.4003,32.9159
"Siganus luridus","2019-08-15",37.049,28.3144
"Siganus luridus","2018-01-01",37.43323,25.42207
"Siganus luridus","2020-10-21",37.3716,25.2352
"Siganus luridus","2015-08-25",35.4052,32.9178
"Siganus luridus","2014-07-01",35.924,14.3366
"Siganus luridus","2020-01-11",37.8006,26.6744
"Siganus luridus","2008-01-01",36.94817,26.98957
"Siganus luridus","2008-01-01",36.43889,28.20444
"Siganus luridus","2020-10-21",37.5117,24.9082
"Siganus luridus","2019-01-01",37.0503,25.0738
"Siganus luridus","2019-01-01",37.0502,25.0732
"Siganus luridus","2020-09-16",35.3583,33.1878
"Siganus luridus","2020-10-21",37.4812,24.4141
"Siganus luridus","1968-01-01",36.028,27.565
"Siganus luridus","2021-08-29",36.9674,24.7626
"Siganus luridus","2021-01-01",34.996,25.572
"Siganus luridus","2020-10-21",37.4025,25.2795
"Siganus luridus","2013-09-15",35.3611,33.1886
"Siganus luridus","2015-09-15",35.3611,33.1886
"Siganus luridus","2020-10-21",36.9701,24.6587
"Siganus luridus","2020-09-08",34.9913,25.4522
"Siganus luridus","2021-09-20",37.0854,25.3344
"Siganus luridus","2021-06-05",35.0332,26.2251
"Siganus luridus","2016-08-08",35.4175,26.9317
"Siganus luridus","2016-06-20",37.6624,20.8605
"Siganus luridus","2020-06-03",35.2855,26.2348
"Siganus luridus","2021-09-19",36.7707,25.2505
"Siganus luridus","2014-01-01",36.76805,21.83798
"Siganus luridus","2020-04-09",37.8744,23.4375
"Siganus luridus","2014-09-10",36.4113,22.4908
"Siganus luridus","2020-09-24",36.927,26.0305
"Siganus luridus","1989-01-01",33.008,35.074
"Siganus luridus","2019-02-01",36.4467,28.2064
"Siganus luridus","2016-10-08",36.1459,29.607
"Siganus luridus","2002-07-01",36.42034,28.17563
"Siganus luridus","1975-11-01",32.606,34.911
"Siganus luridus","2003-08-12",36.42034,28.17563
"Siganus luridus","2022-01-01",37.6675,21.3023
"Siganus luridus","1999-01-01",32.25,20
"Siganus luridus","2019-09-17",36.1979,27.6722
"Siganus luridus","2017-01-01",35.51968,24.01446
"Siganus luridus","2021-06-05",35.2999,26.3114
"Siganus luridus","2018-08-15",37.7724,27.0598
"Siganus luridus","2016-07-08",37.0116,25.25747
"Siganus luridus","2005-09-01",35.813,14.452
"Siganus luridus","2012-09-01",38.911,24.441
"Siganus luridus","2019-01-01",36.9762,25.1043
"Siganus luridus","2016-11-20",37.6834,20.7678
"Siganus luridus","2001-01-01",36.789,30.686
"Siganus luridus","2014-01-01",35.5737,23.77783
"Siganus luridus","2013-01-01",34.99556,25.57374
"Siganus luridus","2008-01-01",36.134,27.707
"Siganus luridus","2020-04-09",37.9509,23.4558
"Siganus luridus","2016-06-13",35.2015,24.1234
"Siganus luridus","2020-01-01",37.09333,25.32505
"Siganus luridus","2015-01-01",32.072,24.018
"Siganus luridus","2021-09-19",36.6978,25.2952
"Siganus luridus","2020-09-17",37.0272,25.0405
"Siganus luridus","2020-08-21",37.384,24.4577
"Siganus luridus","2019-06-20",36.6911,25.1702
"Siganus luridus","2020-09-25",36.7204,25.1734
"Siganus luridus","2020-01-01",35.26601,23.52449
"Siganus luridus","2019-01-01",36.9905,25.1243
"Siganus luridus","2021-08-08",35.1721,24.401
"Siganus luridus","2020-09-20",37.9945,24.7189
"Siganus luridus","2019-06-27",37.3338,9.9
"Siganus luridus","2020-10-21",37.6868,24.3774
"Siganus luridus","2021-09-20",37.0593,25.5873
"Siganus luridus","2018-07-26",37.7137,20.9667
"Siganus luridus","2020-10-14",37.5977,23.3307
"Siganus luridus","2013-09-20",35.3597,33.2001
"Siganus luridus","2007-01-01",36.725,27.994
"Siganus luridus","2020-01-01",37.07155,25.58755
"Siganus luridus","2021-08-31",36.657,24.4624
"Siganus luridus","2009-08-01",36.882,25.589
"Siganus luridus","2018-08-17",36.5582,29.0601
"Siganus luridus","2012-08-01",35.924,14.3366
"Siganus luridus","2008-07-01",36.649,24.466
"Siganus luridus","2008-01-01",43.32,5.15
"Siganus luridus","2020-08-13",37.0096,26.9402
"Siganus luridus","2016-08-08",36.1649,28.098
"Siganus luridus","2009-01-01",37.70133,20.9881
"Siganus luridus","2021-09-01",36.7484,24.4747
"Siganus luridus","2020-09-23",37.0841,25.6072
"Siganus luridus","2021-08-17",35.3597,33.2003
"Siganus luridus","2020-05-19",37.706,20.9912
"Siganus luridus","1984-01-01",36.773,34.721
"Siganus luridus","2020-01-20",32.721,34.8648
"Siganus luridus","2020-08-09",36.4302,27.3549
"Siganus luridus","2020-04-10",37.8818,23.4824
"Siganus luridus","2008-07-01",36.368,25.358
"Siganus luridus","2019-01-01",37.07155,25.12252
"Siganus luridus","2019-08-20",36.7528,24.488
"Siganus luridus","2008-12-15",36.42359,28.19117
"Siganus luridus","2014-10-01",35.9164,35.7889
"Siganus luridus","2020-08-14",36.4074,27.3584
"Siganus luridus","2021-06-06",34.8626,24.0493
"Siganus luridus","2020-01-11",37.6567,26.5281
"Siganus luridus","2009-01-01",36.42359,28.19117
"Siganus luridus","2019-12-08",36.97153,25.05953
"Siganus luridus","2022-01-01",36.5888,27.2113
"Siganus luridus","2006-01-01",36.703,21.713
"Siganus luridus","2004-01-01",36.16022,28.0886
"Siganus luridus","2020-10-21",37.5243,24.3002
"Siganus luridus","2020-10-11",37.4849,24.8866
"Siganus luridus","2022-01-01",38.0911,20.8041
"Siganus luridus","2019-01-01",36.9732,25.0675
"Siganus luridus","2019-07-29",37.7135,20.8645
"Siganus luridus","2015-09-22",35.2292,23.905
"Siganus luridus","2001-08-31",37.8939,23.7159
"Siganus luridus","2008-07-01",36.796,25.284
"Siganus luridus","2018-08-31",36.7789,24.2589
"Siganus luridus","2014-07-29",37.6845,20.8673
"Siganus luridus","2011-01-01",37.142,25.232
"Siganus luridus","2020-10-21",37.5194,24.8899
"Siganus luridus","2019-01-01",37.2725,26.8018
"Siganus luridus","2020-01-01",36.14894,29.59115
"Siganus luridus","2020-05-26",32.0482,34.6893
"Siganus luridus","2018-08-01",35.8621,12.8529
"Siganus luridus","2013-09-01",35.862,12.853
"Siganus luridus","2020-10-21",37.2034,24.5278
"Siganus luridus","2004-01-01",36.43889,28.20444
"Siganus luridus","2021-09-02",35.3516,33.2755
"Siganus luridus","2021-06-07",34.8748,25.6754
"Siganus luridus","2003-01-01",35.851,12.858
"Siganus luridus","2016-07-29",37.6811,20.8736
"Siganus luridus","2020-01-01",35.92607,27.86028
"Siganus luridus","2020-01-01",39.6753,19.7104
"Siganus luridus","2001-01-01",37.866,27.181
"Siganus luridus","2020-09-05",38.9968,26.2918
"Siganus luridus","2017-01-01",36.28837,22.92162
"Siganus luridus","2021-09-20",36.9912,25.3741
"Siganus luridus","1976-01-01",38.187,21.206
"Siganus luridus","2019-01-01",35.34702,26.87164
"Siganus luridus","2023-01-01",30.8,19.9
"Siganus luridus","2015-09-01",36.1485,29.5985
"Siganus luridus","2020-04-09",37.7738,23.5483
"Siganus luridus","2021-10-14",37.7747,23.5498
"Siganus luridus","2021-08-20",36.4605,25.3812
"Siganus luridus","2020-04-17",37.9718,21.2457
"Siganus luridus","2005-01-01",32.017,24.541
"Siganus luridus","2008-07-01",36.784,25.33
"Siganus luridus","2021-01-01",36.3616,25.4025
"Siganus luridus","1998-07-28",37.7201,20.9584
"Siganus luridus","2017-06-02",35.2843,25.7589
"Siganus luridus","2019-06-04",34.8859,33.7118
"Siganus luridus","2020-10-06",37.5467,25.1144
"Siganus luridus","2015-01-01",37.79181,24.84392
"Siganus luridus","2021-08-03",35.0095,26.1561
"Siganus luridus","2020-10-21",37.677,24.9434
"Siganus luridus","2004-01-01",32.033,24.1
"Siganus luridus","2022-01-01",37.7813,26.8936
"Siganus luridus","2020-09-12",35.33,25.387
"Siganus luridus","2011-01-01",36.976,25.022
"Siganus luridus","2021-08-10",34.73,33.3487
"Siganus luridus","2007-06-01",35.825,14.573
"Siganus luridus","2013-06-23",35.3377,25.3877
"Siganus luridus","2013-07-01",35.505,23.575
"Siganus luridus","2001-04-01",33.127,35.131
"Siganus luridus","2020-04-10",37.7078,23.2544
"Siganus luridus","2008-07-01",36.751,24.33
"Siganus luridus","2020-01-08",36.4036,28.2333
"Siganus luridus","2021-07-18",35.3215,25.3926
"Siganus luridus","2020-10-14",37.6894,23.4456
"Siganus luridus","2020-10-11",37.4659,24.9532
"Siganus luridus","2016-02-02",37.6703,20.7406
"Siganus luridus","2020-01-01",37.0459,25.31758
"Siganus luridus","2018-08-01",35.9887,14.3277
"Siganus luridus","2019-12-07",36.9763,25.104
"Siganus luridus","2016-07-08",37.03519,25.26048
"Siganus luridus","2020-10-21",37.4386,25.3197
"Siganus luridus","2021-07-30",35.1009,24.5629
"Siganus luridus","2007-01-01",36.636,27.959
"Siganus luridus","2015-01-01",32.124,20.044
"Siganus luridus","2021-06-03",35.3091,25.7562
"Siganus luridus","2020-01-01",35.10225,24.56313
"Siganus luridus","2004-01-01",38.164,14.745
"Siganus luridus","2018-01-01",37.31345,26.74014
"Siganus luridus","2020-09-05",36.4222,25.3973
"Siganus luridus","2020-10-11",37.4693,24.9563
"Siganus luridus","2019-01-01",37.0223,25.0415
"Siganus luridus","2016-05-16",35.0023,25.7371
"Siganus luridus","2020-04-18",38.1561,21.588
"Siganus luridus","2021-06-03",35.1363,25.739
"Siganus luridus","2020-09-22",37.6969,20.8545
"Siganus luridus","2021-09-23",36.8544,25.4949
"Siganus luridus","2015-08-12",35.3596,33.1819
"Siganus luridus","2020-08-15",37.7952,26.9819
"Siganus luridus","2020-09-30",35.7187,27.2054
"Siganus luridus","2021-04-18",38.1828,21.4941
"Siganus luridus","2021-04-01",32.772,22.6488
"Siganus luridus","2014-01-01",36.33957,28.21042
"Siganus luridus","2021-08-13",36.4207,27.3346
"Siganus luridus","2020-01-01",38.9151,24.5736
"Siganus luridus","2016-01-01",36.60027,24.96002
"Siganus luridus","2020-10-21",37.4233,24.9609
"Siganus luridus","2021-09-16",37.1379,25.1871
"Siganus luridus","2021-10-21",37.9287,24.8514
"Siganus luridus","2013-08-07",36.1649,28.098
"Siganus luridus","2021-06-06",35.0786,24.7327
"Siganus luridus","2016-10-01",36.0663,27.996
"Siganus luridus","2002-07-26",37.6998,20.9874
"Siganus luridus","2018-06-01",37.3172,15.1158
"Siganus luridus","2019-06-22",38.7613,24.5833
"Siganus luridus","2021-06-03",35.2244,26.0899
"Siganus luridus","2021-09-03",34.9407,25.0513
"Siganus luridus","2019-05-01",36.3674,28.2424
"Siganus luridus","2021-06-26",31.9492,34.6866
"Siganus luridus","2011-08-29",39.1722,9.5738
"Siganus luridus","2020-08-19",38.4678,20.6452
"Siganus luridus","2020-10-14",37.7134,23.3652
"Siganus luridus","2019-08-02",39.397,20.2417
"Siganus luridus","2014-01-01",37.281,26.772
"Siganus luridus","2015-08-01",34.997,26.0986
"Siganus luridus","2013-04-01",36.161,29.629
"Siganus luridus","2012-07-01",35.757,27.211
"Siganus luridus","2021-08-19",35.3608,33.2036
"Siganus luridus","2021-12-21",36.4509,28.2135
"Siganus luridus","2020-09-25",36.6235,24.8747
"Siganus luridus","2021-09-01",35.3339,25.2138
"Siganus luridus","2016-01-01",36.97319,25.12328
"Siganus luridus","2000-01-01",36.704,34.81
"Siganus luridus","2020-01-08",36.1476,29.6027
"Siganus luridus","2021-01-01",38.0911,20.8041
"Siganus luridus","2013-12-01",30.8281,29.0127
"Siganus luridus","2021-06-03",35.138,25.8256
"Siganus luridus","2019-07-26",37.7142,20.9638
"Siganus luridus","2020-10-21",37.6871,24.376
"Siganus luridus","2020-06-09",35.6249,23.7087
"Siganus luridus","2008-07-01",36.669,25.069
"Siganus luridus","2019-01-01",36.9523,25.0697
"Siganus luridus","2016-06-16",35.3612,33.6456
"Siganus luridus","2018-05-17",35.3596,33.1826
"Siganus luridus","2021-10-21",37.7318,24.9919
"Siganus luridus","2016-07-29",37.7131,20.8659
"Siganus luridus","2019-07-29",37.7131,20.8659
"Siganus luridus","2020-01-01",36.93945,24.75173
"Siganus luridus","2020-08-31",37.8939,23.7159
"Siganus luridus","2021-06-05",34.9988,26.1399
"Siganus luridus","2020-10-21",37.6248,24.271
"Siganus luridus","2020-10-06",37.6259,25.0084
"Siganus luridus","2015-08-26",35.4003,32.9159
"Siganus luridus","2015-08-05",35.5513,27.216
"Siganus luridus","2020-10-04",38.7654,24.644
"Siganus luridus","2018-01-01",37.43997,25.4205
"Siganus luridus","2015-05-01",36.328,28.225
"Siganus luridus","2020-04-18",37.9619,21.1441
"Siganus luridus","2019-01-01",36.9892,25.1343
"Siganus luridus","2020-10-11",37.3712,24.9055
"Siganus luridus","2020-01-01",32.854,13.0547
"Siganus luridus","2020-04-17",37.8137,21.2011
"Siganus luridus","2013-10-09",35.4137,25.0194
"Siganus luridus","2021-08-25",35.4052,32.9178
"Siganus luridus","2021-09-19",35.0967,24.6565
"Siganus luridus","2007-08-23",36.43889,28.20444
"Siganus luridus","2020-06-21",35.1773,24.2904
"Siganus luridus","2021-06-15",35.3623,33.6497
"Siganus luridus","2021-09-16",37.133,25.2399
"Siganus luridus","2021-08-03",35.0107,26.1544
"Siganus luridus","2021-06-07",35.3602,24.2985
"Siganus luridus","2007-12-01",35.826,14.424
"Siganus luridus","2016-01-01",35.554,12.329
"Siganus luridus","1995-08-28",35.4704,24.1257
"Siganus luridus","2020-01-01",35.21607,26.11342
"Siganus luridus","2021-09-23",36.8809,25.5443
"Siganus luridus","2020-10-02",37.6546,24.0185
"Siganus luridus","2015-01-01",42.3061,18.7327
"Siganus luridus","2020-04-17",37.8372,21.1037
"Siganus luridus","2020-01-01",35.29667,25.72781
"Siganus luridus","2020-10-14",37.6984,23.3266
"Siganus luridus","2020-08-31",36.6479,24.3123
"Siganus luridus","2019-01-01",36.98637,25.02089
"Siganus luridus","2016-07-29",37.7312,20.9242
"Siganus luridus","2018-09-01",35.8869,27.2346
"Siganus luridus","2018-10-29",35.887,27.2336
"Siganus luridus","2020-09-24",37.0745,25.7081
"Siganus luridus","2019-06-06",35.4083,25.023
"Siganus luridus","2018-08-19",37.8786,20.7276
"Siganus luridus","2020-06-06",35.0887,24.6859
"Siganus luridus","2021-07-21",36.3535,22.9683
"Siganus luridus","2021-09-01",36.7077,24.5557
"Siganus luridus","2020-07-08",37.08211,25.14372
"Siganus luridus","2020-10-21",37.477,25.3087
"Siganus luridus","2008-07-01",36.633,24.332
"Siganus luridus","2020-08-13",35.4783,24.1092
"Siganus luridus","2018-08-17",35.3597,33.2003
"Siganus luridus","2020-04-09",37.9736,23.2705
"Siganus luridus","2020-09-25",36.6416,25.1
"Siganus luridus","2005-01-01",32.92,12.13
"Siganus luridus","2020-04-17",31.9492,34.6866
"Siganus luridus","1975-11-01",32.617,34.914
"Siganus luridus","2022-01-01",36.9929,26.9162
"Siganus luridus","2008-07-01",36.396,25.75
"Siganus luridus","2020-05-17",35.4014,25.0349
"Siganus luridus","2018-01-01",37.59033,24.70217
"Siganus luridus","2019-08-05",35.363,33.1968
"Siganus luridus","2021-06-06",35.1761,24.3676
"Siganus luridus","2020-04-09",37.6737,23.3199
"Siganus luridus","2020-11-20",37.5647,26.2192
"Siganus luridus","2013-01-01",36.89129,27.33172
"Siganus luridus","2020-03-01",35.191,24.3722
"Siganus luridus","2020-08-20",36.7528,24.488
"Siganus luridus","2022-01-01",36.8508,22.2577
"Siganus luridus","2020-07-25",35.366,25.0393
"Siganus luridus","2021-08-02",37.7205,20.9548
"Siganus luridus","2020-09-19",36.9534,24.9818
"Siganus luridus","1971-01-01",37.05,25.583
"Siganus luridus","2020-04-09",37.8073,23.3237
"Siganus luridus","2008-01-01",36.671,35.93
"Siganus luridus","2019-08-15",36.4323,27.3934
"Siganus luridus","2020-10-08",34.9695,25.2713
"Siganus luridus","2020-09-01",35.3559,25.0426
"Siganus luridus","2014-08-13",36.4207,27.3346
"Siganus luridus","2019-01-01",36.92,27.1355
"Siganus luridus","2020-09-24",36.8109,25.7754
"Siganus luridus","1988-01-01",36.217,29.967
"Siganus luridus","2020-10-21",36.9994,24.7296
"Siganus luridus","2020-06-11",32.1337,34.7345
"Siganus luridus","2016-01-01",34.941,25.05
"Siganus luridus","2009-08-01",38.192,25.93
"Siganus luridus","2020-01-01",36.36125,25.40343
"Siganus luridus","2020-10-21",37.2978,24.3834
"Siganus luridus","2014-01-01",37.2974,26.762
"Siganus luridus","2021-08-13",37.0096,26.9402
"Siganus luridus","2019-06-17",36.4283,28.2403
"Siganus luridus","2019-10-12",34.9607,33.831
"Siganus luridus","2020-10-14",37.563,23.4777
"Siganus luridus","2021-08-16",35.8081,14.5088
"Siganus luridus","2020-08-17",35.3597,33.2003
"Siganus luridus","2020-09-12",34.9519,24.7545
"Siganus luridus","2015-09-16",35.3583,33.1878
"Siganus luridus","2012-09-01",35.924,14.3366
"Siganus luridus","2016-07-29",37.6845,20.8748
"Siganus luridus","2020-08-01",37.6821,20.8755
"Siganus luridus","2018-09-11",35.3589,33.1777
"Siganus luridus","2020-09-16",37.0544,25.2787
"Siganus luridus","2021-08-10",35.9581,14.3379
"Siganus luridus","2016-09-22",35.3606,33.1796
"Siganus luridus","2021-09-22",35.3606,33.1796
"Siganus luridus","2020-10-21",37.3024,24.3994
"Siganus luridus","2020-04-09",37.9683,23.3742
"Siganus luridus","2021-08-29",36.9623,24.6573
"Siganus luridus","2020-09-20",37.0795,25.3297
"Siganus luridus","2015-10-14",37.6774,23.5001
"Siganus luridus","2020-04-09",37.6752,23.3203
"Siganus luridus","2015-06-07",35.3587,33.6011
"Siganus luridus","2021-06-03",35.2098,26.1201
"Siganus luridus","2021-09-23",36.8698,25.549
"Siganus luridus","2008-07-01",36.407,25.336
"Siganus luridus","2017-01-01",36.98722,26.92662
"Siganus luridus","2016-04-07",36.4561,28.2178
"Siganus luridus","2008-07-01",36.699,25.283
"Siganus luridus","2020-09-26",31.9492,34.6467
"Siganus luridus","2020-06-26",35.1306,25.8318
"Siganus luridus","2009-01-01",37.68769,20.8654
"Siganus luridus","2020-06-07",35.4625,24.257
"Siganus luridus","2010-01-01",38.361,26.791
"Siganus luridus","1998-01-01",36.294,35.546
"Siganus luridus","2019-01-01",37.63976,23.38949
"Siganus luridus","2020-05-21",31.9492,34.6467
"Siganus luridus","2013-09-01",35.8621,12.8529
"Siganus luridus","2021-06-04",35.3495,25.6707
"Siganus luridus","2019-09-08",34.9501,24.7542
"Siganus luridus","2016-07-29",37.6832,20.8702
"Siganus luridus","2021-09-20",36.9644,25.5641
"Siganus luridus","2020-01-01",37.67654,23.47503
"Siganus luridus","2019-01-01",37.14304,25.28871
"Siganus luridus","2021-08-22",36.0282,14.2128
"Siganus luridus","2009-01-01",37.68656,20.8709
"Siganus luridus","2020-08-22",37.4604,24.4359
"Siganus luridus","2017-01-01",35.35244,24.3591
"Siganus luridus","2011-07-01",36.028,14.214
"Siganus luridus","2021-08-22",37.4604,24.4359
"Siganus luridus","2013-12-01",30.8431,28.9742
"Siganus luridus","2020-09-24",36.8213,25.8462
"Siganus luridus","2020-01-01",38.82164,20.63743
"Siganus luridus","2016-01-01",35.01463,25.84866
"Siganus luridus","2020-09-20",36.9165,25.4396
"Siganus luridus","2020-09-24",36.7825,25.8513
"Siganus luridus","2019-05-11",34.996,25.572
"Siganus luridus","2020-10-14",37.6156,23.417
"Siganus luridus","2020-06-05",35.2636,26.3303
"Siganus luridus","2020-08-31",36.7762,24.4157
"Siganus luridus","2017-01-01",34.87683,25.722
"Siganus luridus","2021-07-15",38.2616,20.6739
"Siganus luridus","2008-07-01",36.702,25.4
"Siganus luridus","2018-06-07",35.3587,33.6011
"Siganus luridus","2022-01-01",36.3616,25.4025
"Siganus luridus","2021-09-20",36.6301,25.0671
"Siganus luridus","2020-10-14",37.6445,23.3773
"Siganus luridus","2020-09-24",36.8746,25.9159
"Siganus luridus","2020-10-06",37.9461,24.6803
"Siganus luridus","2018-09-01",35.8641,12.8825
"Siganus luridus","2021-06-03",35.3489,25.6999
"Siganus luridus","2013-07-01",35.591,24.097
"Siganus luridus","2020-10-02",37.7788,23.7597
"Siganus luridus","2021-06-06",34.8556,24.1303
"Siganus luridus","2020-07-11",35.3299,25.3871
"Siganus luridus","2014-01-01",34.93313,24.95065
"Siganus luridus","2021-06-12",35.1665,24.4206
"Siganus luridus","2018-08-10",35.4186,25.0224
"Siganus luridus","2020-10-08",36.1459,29.607
"Siganus luridus","2021-01-01",37.6675,21.3023
"Siganus luridus","2021-01-01",36.9917,26.9138
"Siganus luridus","2004-09-08",36.42034,28.17563
"Siganus luridus","2021-04-17",37.8276,21.1396
"Siganus luridus","2021-06-03",34.9983,25.7331
"Siganus luridus","2016-04-15",38.2317,20.7363
"Siganus luridus","2020-06-08",32.2192,34.7611
"Siganus luridus","2019-08-10",36.4302,27.3549
"Siganus luridus","2021-07-19",37.2911,21.6836
"Siganus luridus","2020-09-25",36.6162,24.9556
"Siganus luridus","2021-06-03",35.1135,26.2858
"Siganus luridus","2020-10-21",37.2978,24.5326
"Siganus luridus","2018-07-29",37.7206,20.9501
"Siganus luridus","2020-09-01",36.7066,24.4442
"Siganus luridus","2021-07-30",35.1009,24.5629
"Siganus luridus","2008-07-01",36.735,25.396
"Siganus luridus","2020-01-01",37.07196,25.32006
"Siganus luridus","2013-12-01",30.8285,29.0064
"Siganus luridus","2015-09-04",35.3613,33.1976
"Siganus luridus","2020-04-17",37.8365,21.0943
"Siganus luridus","2008-07-01",36.449,25.396
"Siganus luridus","2010-01-01",36.43889,28.20444
"Siganus luridus","2008-07-01",36.762,24.451
"Siganus luridus","2021-10-14",37.7167,23.4587
"Siganus luridus","2020-10-21",37.4055,24.3725
"Siganus luridus","2020-10-14",37.6338,23.3209
"Siganus luridus","2021-04-01",32.7747,22.6211
"Siganus luridus","2016-08-06",37.2919,26.7499
"Siganus luridus","2020-04-17",37.8983,21.1098
"Siganus luridus","2020-08-04",35.362,33.1991
"Siganus luridus","1984-01-01",36.212,34.013
"Siganus luridus","2013-12-01",30.8278,29.02
"Siganus luridus","2021-08-06",37.2919,26.7499
"Siganus luridus","2012-08-01",36.124,23.025
"Siganus luridus","2016-05-17",35.3596,33.1826
"Siganus luridus","2020-09-20",36.7228,25.1794
"Siganus luridus","2015-01-01",32.7651,22.6551
"Siganus luridus","2019-06-03",35.3096,25.5056
"Siganus luridus","2013-01-01",36.87917,27.14087
"Siganus luridus","2021-09-23",36.8232,25.4185
"Siganus luridus","2019-01-01",36.71171,25.27281
"Siganus luridus","2015-08-08",36.1649,28.098
"Siganus luridus","2020-01-01",37.67654,23.47503
"Siganus luridus","2020-07-04",35.3989,25.028
"Siganus luridus","2016-01-01",36.97527,25.12915
"Siganus luridus","2018-01-01",37.29744,26.76359
"Siganus luridus","2020-09-16",37.1021,25.274
"Siganus luridus","2014-01-01",36.22543,22.90337
"Siganus luridus","2013-07-29",33.2736,35.1818
"Siganus luridus","2013-09-01",35.8764,12.8652
"Siganus luridus","2021-10-14",37.6159,23.3033
"Siganus luridus","2008-07-01",36.666,25.155
"Siganus luridus","2020-07-27",35.5879,24.0791
"Siganus luridus","2020-06-07",35.3752,24.4801
"Siganus luridus","2021-01-01",36.6136,27.1543
"Siganus luridus","2011-07-01",35.906,14.515
"Siganus luridus","2005-11-15",36.5948,36.1702
"Siganus luridus","2020-09-23",36.9015,25.6219
"Siganus luridus","2020-09-24",36.8554,25.9522
"Siganus luridus","2021-08-22",36.5826,27.8723
"Siganus luridus","2020-04-09",37.8948,23.4933
"Siganus luridus","2014-01-01",35.26185,26.22077
"Siganus luridus","2013-07-01",38.651,26.517
"Siganus luridus","1990-01-01",36.027,27.562
"Siganus luridus","2021-08-02",37.7205,20.9548
"Siganus luridus","2021-10-21",37.9946,24.81
"Siganus luridus","2020-04-17",37.8398,21.098
"Siganus luridus","2020-09-23",36.9841,25.6372
"Siganus luridus","2013-06-27",37.78,12.43
"Siganus luridus","2021-08-16",36.0064,14.3496
"Siganus luridus","2020-06-16",35.3612,33.6456
"Siganus luridus","2019-01-01",35.2323,25.7402
"Siganus luridus","2021-08-27",35.4152,24.988
"Siganus luridus","2019-04-01",41.2075,16.6048
"Siganus luridus","2020-06-06",34.9305,24.7271
"Siganus luridus","2019-01-01",36.74969,26.9869
"Siganus luridus","2020-07-01",35.3326,25.2285
"Siganus luridus","2020-01-11",37.6795,26.581
"Siganus luridus","2021-08-29",37.212,24.5087
"Siganus luridus","2020-04-17",38.0273,21.2989
"Siganus luridus","2016-09-26",35.2564,25.7406
"Siganus luridus","2020-10-11",37.5155,24.8933
"Siganus luridus","2004-01-01",34.383,35.55
"Siganus luridus","2013-01-01",36.81711,27.20911
"Siganus luridus","2019-05-03",35.0985,24.5828
"Siganus luridus","2005-08-23",36.43889,28.20444
"Siganus luridus","1968-01-01",35.0788,34.041
"Siganus luridus","2021-08-23",38.3867,20.7361
"Siganus luridus","2016-12-01",42.4507,18.412
"Siganus luridus","2020-06-05",35.1795,26.3206
"Siganus luridus","1973-01-01",35.0788,34.041
"Siganus luridus","1953-01-01",36.15435,29.59444
"Siganus luridus","2021-01-01",40.6098,26.0603
"Siganus luridus","2007-08-24",36.43889,28.20444
"Siganus luridus","2020-05-10",32.847,34.9074
"Siganus luridus","2021-06-09",35.5482,23.7245
"Siganus luridus","2015-08-02",35.2907,26.2937
"Siganus luridus","2020-10-02",37.862,23.7307
"Siganus luridus","2021-10-21",37.4695,25.3744
"Siganus luridus","2020-02-11",32.1382,34.7345
"Siganus luridus","2019-01-01",37.1038,26.8725
"Siganus luridus","2020-08-20",36.7528,24.488
"Siganus luridus","2021-07-26",35.6823,34.5793
"Siganus luridus","2020-10-06",37.8683,24.7057
"Siganus luridus","2017-01-01",36.88816,27.32754
"Siganus luridus","2018-01-01",37.31345,26.74014
"Siganus luridus","2020-09-02",35.9824,14.3315
"Siganus luridus","2016-05-20",37.0198,22.1189
"Siganus luridus","2020-09-01",35.352,33.2495
"Siganus luridus","2013-07-01",35.4715,24.1293
"Siganus luridus","2015-01-01",30.9924,20.0624
"Siganus luridus","2020-04-09",37.799,23.2454
"Siganus luridus","2013-01-01",36.82392,27.23333
"Siganus luridus","2008-07-01",36.71,24.312
"Siganus luridus","2021-09-06",35.257,25.7402
"Siganus luridus","2020-07-01",35.3004,25.4987
"Siganus luridus","2016-10-08",36.1459,29.607
"Siganus luridus","2009-05-24",35.001,34.066
"Siganus luridus","2021-07-23",35.4907,23.5729
"Siganus luridus","2019-06-23",36.3875,25.4164
"Siganus luridus","2013-09-01",35.861,12.885
"Siganus luridus","2020-11-20",37.608,26.0307
"Siganus luridus","2019-08-16",35.3436,33.3542
"Siganus luridus","2019-08-05",35.5513,27.216
"Siganus luridus","2020-08-26",35.4003,32.9159
"Siganus luridus","2021-06-06",34.9796,24.741
"Siganus luridus","2020-06-03",35.0112,26.0366
"Siganus luridus","2020-09-16",36.9398,24.9623
"Siganus luridus","2020-10-21",37.6183,24.272
"Siganus luridus","2021-05-06",35.3575,33.1865
"Siganus luridus","2018-05-05",37.7006,20.7455
"Siganus luridus","1980-01-30",35.8208,14.452
"Siganus luridus","2021-09-24",36.7842,25.7411
"Siganus luridus","2020-01-01",40.6098,26.0603
"Siganus luridus","2020-06-03",35.0191,26.2034
"Siganus luridus","2021-06-03",35.3052,25.7521
"Siganus luridus","2017-09-01",35.9887,14.3277
"Siganus luridus","2014-01-01",37.314,26.74
"Siganus luridus","2020-01-01",35.40408,24.95591
"Siganus luridus","2002-01-01",36.42359,28.19117
"Siganus luridus","1972-01-01",36.42729,28.23565
"Siganus luridus","2019-05-11",34.996,25.572
"Siganus luridus","2020-06-03",35.3354,25.395
"Siganus luridus","2018-01-01",37.59033,24.70217
"Siganus luridus","2020-01-01",36.383,25.7313
"Siganus luridus","2019-01-01",36.93835,27.09187
"Siganus luridus","2020-01-01",36.8262,25.90625
"Siganus luridus","2020-08-05",37.6726,20.852
"Siganus luridus","2021-10-14",37.6942,23.3225
"Siganus luridus","1980-06-03",35.1324,25.8276
"Siganus luridus","2019-05-15",34.9857,34.0768
"Siganus luridus","2018-06-08",35.3595,33.6041
"Siganus luridus","2020-09-19",35.2021,24.1299
"Siganus luridus","2020-06-06",34.9294,24.7262
"Siganus luridus","1994-01-01",36.211,34.013
"Siganus luridus","2021-09-20",36.9997,25.2325
"Siganus luridus","2010-12-05",31.6913,34.5602
"Siganus luridus","2020-10-14",37.6617,23.1645
"Siganus luridus","2020-08-12",37.3167,23.471
"Siganus luridus","2016-07-01",35.257,25.745
"Siganus luridus","2017-01-01",35.26833,23.53361
"Siganus luridus","2020-08-19",36.7738,24.5811
"Siganus luridus","2020-01-19",32.9392,34.9553
"Siganus luridus","2017-08-16",35.3436,33.3542
"Siganus luridus","2020-07-01",35.1811,25.7123
"Siganus luridus","2020-06-05",34.9518,26.1407
"Siganus luridus","2020-06-03",35.1852,25.932
"Siganus luridus","2020-10-14",37.6759,23.1582
"Siganus luridus","2021-06-12",35.2013,24.1162
"Siganus luridus","2020-09-05",36.429,25.316
"Siganus luridus","2020-08-23",38.378,20.5388
"Siganus luridus","2019-01-01",37.14304,25.28871
"Siganus luridus","2016-10-04",33.2736,35.1818
"Siganus luridus","2020-04-18",38.1921,21.6843
"Siganus luridus","2019-01-01",37.1872,26.7718
"Siganus luridus","2021-01-01",36.3614,25.4053
"Siganus luridus","1988-01-01",37.144,26.093
"Siganus luridus","2008-07-01",36.645,24.399
"Siganus luridus","2021-07-04",35.6935,34.5629
"Siganus luridus","2021-10-14",37.6149,23.1768
"Siganus luridus","2019-05-15",34.996,25.572
"Siganus luridus","2020-08-01",37.7193,20.9533
"Siganus luridus","2016-06-15",35.3623,33.6497
"Siganus luridus","2021-07-31",35.1705,24.412
"Siganus luridus","2020-10-02",37.7209,23.9063
"Siganus luridus","2014-01-01",35.28523,26.28012
"Siganus luridus","2021-06-03",35.3438,25.7583
"Siganus luridus","2002-08-21",37.384,24.4577
"Siganus luridus","2020-01-01",37.75134,26.97469
"Siganus luridus","2022-08-21",37.384,24.4577
"Siganus luridus","2015-08-04",35.362,33.1991
"Siganus luridus","2018-12-09",40.6294,14.3624
"Siganus luridus","2019-01-01",36.9523,25.0693
"Siganus luridus","2004-01-01",35.248,35.793
"Siganus luridus","2019-01-01",37.0025,21.6252
"Siganus luridus","2016-07-26",37.7142,20.9638
"Siganus luridus","2010-06-01",35.838,14.396
"Siganus luridus","2021-09-01",36.6449,24.3333
"Siganus luridus","2020-09-23",36.9461,25.5664
"Siganus luridus","2001-04-01",34.245,35.642
"Siganus luridus","2020-03-20",37.3174,26.72454
"Siganus luridus","2020-10-21",37.363,24.8899
"Siganus luridus","2014-08-07",37.3068,26.8026
"Siganus luridus","2021-06-03",35.0629,26.2542
"Siganus luridus","2020-07-24",35.6927,34.5604
"Siganus luridus","2012-09-09",34.9743,25.2735
"Siganus luridus","2018-05-23",35.3605,33.6457
"Siganus luridus","2020-09-24",36.9018,26.0837
"Siganus luridus","2020-01-01",39.21074,20.17801
"Siganus luridus","2021-09-13",35.361,24.407
"Siganus luridus","2019-10-05",37.217,10.452
"Siganus luridus","1984-01-01",36.569,35.992
"Siganus luridus","2019-01-01",37.152,25.2893
"Siganus luridus","2021-06-03",35.2379,26.1984
"Siganus luridus","2021-09-01",36.7863,24.656
"Siganus luridus","2021-10-14",37.6405,23.1752
"Siganus luridus","2019-01-01",37.04293,25.07162
"Siganus luridus","2017-06-21",35.1773,24.2904
"Siganus luridus","2016-06-21",35.1773,24.2904
"Siganus luridus","2020-10-14",37.5385,23.3143
"Siganus luridus","2019-01-01",36.93815,27.09187
"Siganus luridus","2019-06-15",35.3623,33.6497
"Siganus luridus","2020-04-09",37.8962,23.3959
"Siganus luridus","2019-10-14",35.3072,25.4192
"Siganus luridus","2005-09-27",36.43889,28.20444
"Siganus luridus","2020-04-16",38.0031,21.2934
"Siganus luridus","2016-03-01",35.191,24.3722
"Siganus luridus","2021-08-31",36.5922,24.9587
"Siganus luridus","2021-10-21",37.9872,24.7155
"Siganus luridus","2016-06-04",34.8859,33.7118
"Siganus luridus","2020-10-21",37.1039,24.4959
"Siganus luridus","2021-10-14",37.672,23.4663
"Siganus luridus","2021-08-03",35.0095,26.1561
"Siganus luridus","2020-10-21",37.588,24.3786
"Siganus luridus","2020-09-01",36.6562,24.4579
"Siganus luridus","2021-06-01",34.9623,34.0806
"Siganus luridus","2014-01-01",37.294,26.75
"Siganus luridus","2020-10-14",37.7218,23.3844
"Siganus luridus","2014-01-01",36.646,24.33237
"Siganus luridus","2016-01-26",36.4579,25.3716
"Siganus luridus","2021-10-14",37.5532,23.3871
"Siganus luridus","2010-08-01",35.252,23.571
"Siganus luridus","2020-02-28",37.3174,26.72454
"Siganus luridus","2020-04-17",37.9441,21.128
"Siganus luridus","2019-01-01",36.90819,25.97064
"Siganus luridus","2016-07-29",37.6871,20.8699
"Siganus luridus","2021-06-01",34.9489,34.0728
"Siganus luridus","2018-05-06",35.3575,33.1865
"Siganus luridus","2016-06-27",37.3338,9.9
"Siganus luridus","2020-06-27",35.2663,26.2634
"Siganus luridus","2018-07-02",35.3619,33.6148
"Siganus luridus","2020-06-11",35.2677,25.7313
"Siganus luridus","2020-09-16",36.9752,25.1671
"Siganus luridus","2013-01-01",36.75116,26.98829
"Siganus luridus","1969-01-01",36.81,10.35
"Siganus luridus","2013-12-01",30.8274,29.0026
"Siganus luridus","2021-10-14",37.5318,23.4551
"Siganus luridus","2021-10-21",38.0045,24.802
"Siganus luridus","2016-06-12",37.0221,22.1161
"Siganus luridus","2008-08-15",36.42359,28.19117
"Siganus luridus","2014-08-19",35.3608,33.2036
"Siganus luridus","2020-08-13",37.0096,26.9402
"Siganus luridus","2016-05-31",36.4492,28.2134
"Siganus luridus","2020-10-04",35.1453,26.2775
"Siganus luridus","2020-08-31",36.7912,24.6325
"Siganus luridus","2021-06-05",35.0392,26.2436
"Siganus luridus","2021-07-21",36.1585,22.9492
"Siganus luridus","2020-09-04",35.3613,33.1976
"Siganus luridus","2016-06-30",35.366,25.0393
"Siganus luridus","2021-08-17",37.6575,24.0187
"Siganus luridus","2014-08-07",37.3664,26.7466
"Siganus luridus","2019-11-17",35.172,24.4012
"Siganus luridus","2021-09-20",37.8682,24.7216
"Siganus luridus","2021-09-20",36.8389,25.4115
"Siganus luridus","2008-07-01",36.478,25.36
"Siganus luridus","2015-06-06",38.209,13.231
"Siganus luridus","2019-01-01",37.3055,26.8033
"Siganus luridus","2021-09-20",37.1421,25.1779
"Siganus luridus","2020-06-05",35.1125,26.2855
"Siganus luridus","1995-01-01",32.076,34.732
"Siganus luridus","2020-07-23",35.4885,23.5727
"Siganus luridus","2020-09-04",39.0163,26.5738
"Siganus luridus","2020-10-21",37.0326,24.6317
"Siganus luridus","2019-05-21",35.551,24.0696
"Siganus luridus","2020-09-19",35.1994,24.1048
"Siganus luridus","2018-10-08",36.1459,29.607
"Siganus luridus","2018-05-23",35.3605,33.6457
"Siganus luridus","2007-01-01",36.701,27.726
"Siganus luridus","2020-01-01",36.90827,25.97089
"Siganus luridus","2018-07-09",40.9239,12.9898
"Siganus luridus","2021-09-08",35.2561,25.7411
"Siganus luridus","1990-11-27",37.0114,27.4442
"Siganus luridus","2016-12-19",34.6295,32.8697
"Siganus luridus","2010-11-01",42.808,17.58
"Siganus luridus","2019-01-01",37.04246,25.07207
"Siganus luridus","2019-01-01",37.14364,25.28931
"Siganus luridus","2016-06-01",37.5378,22.8153
"Siganus luridus","2012-07-01",38.662,26.515
"Siganus luridus","2020-08-19",35.3608,33.2036
"Siganus luridus","2020-09-25",36.5974,24.9538
"Siganus luridus","2020-07-02",35.3619,33.6148
"Siganus luridus","2021-01-01",37.6667,21.3039
"Siganus luridus","2020-08-24",38.3111,20.4885
"Siganus luridus","2018-01-26",36.9943,27.9762
"Siganus luridus","2008-07-01",36.693,25.188
"Siganus luridus","2019-05-23",35.5519,24.0708
"Siganus luridus","2021-05-26",35.2677,25.7313
"Siganus luridus","2020-09-24",36.8919,25.8963
"Siganus luridus","2022-01-01",37.7999,23.7889
"Siganus luridus","1974-01-01",34.717,10.779
"Siganus luridus","2020-09-16",36.9641,25.1239
"Siganus luridus","2021-08-07",37.3664,26.7466
"Siganus luridus","1997-01-01",34.502,32.788
"Siganus luridus","2005-11-15",36.5948,36.1702
"Siganus luridus","2020-01-01",36.78612,25.82739
"Siganus luridus","2011-07-24",35.6927,34.5604
"Siganus luridus","2019-09-08",34.9256,24.96199
"Siganus luridus","2021-06-08",35.4596,24.2558
"Siganus luridus","2012-11-01",36.939,22.141
"Siganus luridus","2018-05-06",35.3575,33.1865
"Siganus luridus","2018-06-16",35.3612,33.6456
"Siganus luridus","2012-08-01",37.455,23.535
"Siganus luridus","2015-08-27",35.3521,33.2511
"Siganus luridus","2020-01-11",37.723,26.5632
"Siganus luridus","2020-08-31",36.8462,24.5798
"Siganus luridus","2001-04-01",34.301,35.646
"Siganus luridus","2020-10-11",37.4606,24.9599
"Siganus luridus","2018-09-01",35.8621,12.8529
"Siganus luridus","2021-06-07",34.8669,25.7155
"Siganus luridus","2019-01-01",37.13685,25.42273
"Siganus luridus","2016-08-16",36.3225,28.2106
"Siganus luridus","2009-01-01",35.92756,27.8536
"Siganus luridus","2021-07-01",35.3004,25.4987
"Siganus luridus","2006-08-01",36.43889,28.20444
"Siganus luridus","2020-10-14",37.7718,23.4498
"Siganus luridus","2021-01-01",36.9929,26.9162
"Siganus luridus","2014-09-16",35.3583,33.1878
"Siganus luridus","2017-06-28",35.4033,25.0345
"Siganus luridus","2019-01-01",37.04253,25.07162
"Siganus luridus","2017-08-04",35.5513,27.216
"Siganus luridus","2019-01-01",35.5821,23.58583
"Siganus luridus","2020-10-06",37.7771,24.8375
"Siganus luridus","2020-07-01",35.2967,25.7276
"Siganus luridus","2021-06-06",35.1761,24.2336
"Siganus luridus","2019-08-08",35.4175,26.9317
"Siganus luridus","2014-01-01",37.3053,26.7882
"Siganus luridus","2014-01-01",36.19823,28.13847
"Siganus luridus","2020-05-10",32.847,34.9393
"Siganus luridus","2019-01-01",36.9882,26.9207
"Siganus luridus","2019-09-01",34.9654,25.582
"Siganus luridus","2021-09-01",36.7591,24.5688
"Siganus luridus","2016-06-16",37.6609,20.8591
"Siganus luridus","2020-08-07",37.3678,26.7272
"Siganus luridus","2016-10-01",39.013,26.543
"Siganus luridus","2008-07-01",36.665,25.404
"Siganus luridus","1985-01-01",32.878,35.022
"Siganus luridus","2012-10-01",35.8621,12.8529
"Siganus luridus","2021-07-24",35.5502,24.0673
"Siganus luridus","2020-01-01",38.853,24.507
"Siganus luridus","2016-07-01",37.1361,10.8156
"Siganus luridus","2015-06-27",36.3705,28.2341
"Siganus luridus","2020-06-07",34.8771,25.704
"Siganus luridus","1988-05-17",35.3596,33.1826
"Siganus luridus","2015-12-01",42.208,18.924
"Siganus luridus","2020-08-27",35.3521,33.2511
"Siganus luridus","2020-09-20",36.7927,25.2709
"Siganus luridus","2021-08-27",35.3521,33.2511
"Siganus luridus","2019-01-01",37.13675,25.42303
"Siganus luridus","2005-09-28",36.43889,28.20444
"Siganus luridus","2021-06-07",35.381,24.5594
"Siganus luridus","2016-07-26",37.7173,20.9632
"Siganus luridus","2021-09-20",37.7923,24.9871
"Siganus luridus","2020-01-01",35.30045,25.49824
"Siganus luridus","2016-06-08",35.3595,33.6041
"Siganus luridus","2007-08-22",36.43889,28.20444
"Siganus luridus","2020-10-14",37.7386,23.5419
"Siganus luridus","2020-10-11",37.4562,24.9545
"Siganus luridus","2019-01-01",37.14077,25.20466
"Siganus luridus","2019-01-01",36.90812,25.97049
"Siganus luridus","2019-01-01",37.0537,21.5732
"Siganus luridus","2013-12-01",30.8289,29.0143
"Siganus luridus","1970-01-01",36.083,28.25
"Siganus luridus","2020-04-09",37.6921,23.3764
"Siganus luridus","2020-09-16",36.9781,25.1912
"Siganus luridus","2014-11-01",42.2055,18.9309
"Siganus luridus","1983-01-01",36.212,34.012
"Siganus luridus","2021-06-06",34.8006,24.1287
"Siganus luridus","2020-04-09",37.7093,23.33
"Siganus luridus","2008-07-01",36.358,25.486
"Siganus luridus","2020-06-09",35.5195,23.6218
"Siganus luridus","2021-08-29",36.8973,24.7096
"Siganus luridus","2020-01-01",40.0282,25.4257
"Siganus luridus","2020-10-21",37.4402,25.2165
"Siganus luridus","2020-09-24",36.8737,25.6656
"Siganus luridus","2017-01-01",36.943,27.165
"Siganus luridus","2020-06-03",35.1498,25.7315
"Siganus luridus","2020-10-21",37.9047,24.9587
"Siganus luridus","2014-08-15",36.4323,27.3934
"Siganus luridus","2021-08-31",36.65,24.8353
"Siganus luridus","2020-06-07",35.3687,24.407
"Siganus luridus","2019-01-01",37.04226,25.07157
"Siganus luridus","2019-01-01",36.90754,25.96965
"Siganus luridus","2019-07-29",37.0161,28.0655
"Siganus luridus","2020-07-24",35.5501,24.067
"Siganus luridus","2019-01-01",37.1085,25.2708
"Siganus luridus","2020-10-11",37.4533,24.889
"Siganus luridus","2016-06-12",35.2012,24.1198
"Siganus luridus","2020-09-19",36.6598,25.3944
"Siganus luridus","2018-07-15",36.2314,27.5148
"Siganus luridus","2020-04-17",37.9391,21.1229
"Siganus luridus","2021-08-31",36.7965,24.5118
"Siganus luridus","2016-08-28",35.9035,14.5207
"Siganus luridus","2011-06-04",34.8859,33.7118
"Siganus luridus","2020-04-18",38.1647,21.6311
"Siganus luridus","2008-07-01",36.725,25.161
"Siganus luridus","2021-06-03",35.1762,25.7164
"Siganus luridus","2016-06-01",35.0969,24.6544
"Siganus luridus","2019-07-29",37.6857,20.8629
"Siganus luridus","2019-01-01",40.6098,26.0603
"Siganus luridus","2020-09-20",36.8629,25.4919
"Siganus luridus","2020-10-14",37.7011,23.5246
"Siganus luridus","2019-06-07",35.3587,33.6011
"Siganus luridus","2022-01-01",37.6667,21.3039
"Siganus luridus","2020-04-09",37.7173,23.5311
"Siganus luridus","2021-06-08",35.4668,24.2101
"Siganus luridus","2015-09-03",35.6038,27.159
"Siganus luridus","2012-06-01",36.928,25.558
"Siganus luridus","2019-04-01",41.2086,16.6013
"Siganus luridus","2014-04-01",36.353,28.218
"Siganus luridus","2015-01-01",36.36929,25.49115
"Siganus luridus","2017-08-08",31.2791,32.2955
"Siganus luridus","2019-01-01",36.7762,22.5763
"Siganus luridus","2016-10-01",39.0149,26.5573
"Siganus luridus","2021-08-29",37.1079,24.5068
"Siganus luridus","2008-07-01",36.344,25.371
"Siganus luridus","2019-01-01",39.2021,25.8235
"Siganus luridus","2021-01-01",37.7999,23.7889
"Siganus luridus","2015-01-01",32.902,21.96
"Siganus luridus","2020-09-20",37.1304,25.2886
"Siganus luridus","2020-08-21",37.384,24.4577
"Siganus luridus","2020-06-03",34.9966,26.1341
"Siganus luridus","2020-10-21",37.5201,24.2832
"Siganus luridus","2021-06-08",35.4759,24.2406
"Siganus luridus","2008-07-01",36.446,25.321
"Siganus luridus","2016-10-01",35.4357,26.8534
"Siganus luridus","2006-08-02",36.43889,28.20444
"Siganus luridus","2021-08-12",37.9549,24.5318
"Siganus luridus","2016-07-18",44.153,8.3109
"Siganus luridus","2020-10-14",37.7025,23.5277
"Siganus luridus","2020-09-24",36.9105,25.6498
"Siganus luridus","2020-10-14",37.723,23.5404
"Siganus luridus","2018-01-01",40.6098,26.0603
"Siganus luridus","2020-08-07",37.3664,26.7466
"Siganus luridus","2020-01-07",36.528,23.0169
"Siganus luridus","2018-07-29",37.6857,20.8629
"Siganus luridus","2020-09-16",36.9999,25.2354
"Siganus luridus","2001-01-01",36.941,27.843
"Siganus luridus","2021-09-24",36.7831,25.8455
"Siganus luridus","2014-01-01",35.22699,26.19538
"Siganus luridus","2020-04-17",37.9216,21.12
"Siganus luridus","2020-06-07",35.3587,33.6011
"Siganus luridus","2021-08-15",32.262,34.785
"Siganus luridus","2021-06-03",34.9285,26.1464
"Siganus luridus","2017-01-01",40.6098,26.0603
"Siganus luridus","1995-01-01",32.871,35.028
"Siganus luridus","2021-08-05",37.6831,20.8706
"Siganus luridus","2020-09-24",36.9287,25.9691
"Siganus luridus","2019-09-06",35.1489,25.7244
"Siganus luridus","2019-01-01",36.90755,25.96963
"Siganus luridus","2000-01-01",36.544,35.734
"Siganus luridus","2016-10-20",38.1664,26.7721
"Siganus luridus","2020-11-20",37.6787,26.2851
"Siganus luridus","2013-07-01",35.6081,23.5826
"Siganus luridus","2021-08-10",36.1257,29.5788
"Siganus luridus","2019-12-09",36.97153,25.05953
"Siganus luridus","2014-08-07",37.3678,26.7272
"Siganus luridus","2019-07-28",39.2706,20.4244
"Siganus luridus","2018-05-11",35.0397,32.27
"Siganus luridus","2021-06-03",35.202,26.129
"Siganus luridus","2015-09-01",35.352,33.2495
"Siganus luridus","2014-01-01",36.14508,22.9996
"Siganus luridus","2020-10-14",37.5148,23.4
"Siganus luridus","2021-10-06",37.6133,25.2583
"Siganus luridus","2019-01-01",37.1405,25.22358
"Siganus luridus","2010-03-01",36.006,14.204
"Siganus luridus","2013-12-01",30.8274,29.0166
"Siganus luridus","2020-10-06",37.5293,25.2223
"Siganus luridus","2021-07-14",38.6016,20.6268
"Siganus luridus","2016-08-05",37.6831,20.8706
"Siganus luridus","2020-10-14",37.7016,23.462
"Siganus luridus","2019-09-06",35.1489,25.7244
"Siganus luridus","2020-05-23",35.3605,33.6457
"Siganus luridus","2011-06-01",37.065,25.725
"Siganus luridus","2021-04-18",38.179,21.6647
"Siganus luridus","2007-01-01",38.178,26.746
"Siganus luridus","2019-08-18",35.3226,25.5672
"Siganus luridus","2010-08-01",35.812,14.452
"Siganus luridus","2019-01-01",37.06752,25.58592
"Siganus luridus","2017-03-01",37.112,13.857
"Siganus luridus","2020-06-28",35.009,25.8308
"Siganus luridus","2020-04-18",38.2034,21.363
"Siganus luridus","2001-04-01",34.249,35.656
"Siganus luridus","2013-01-01",36.7561,27.10572
"Siganus luridus","2019-01-01",36.9842,25.1542
"Siganus luridus","2021-04-09",37.9299,23.4652
"Siganus rivulatus","2019-01-01",32.8682,35.0023
"Siganus rivulatus","2002-01-01",36.42359,28.19117
"Siganus rivulatus","2019-01-01",37.4022,23.106
"Siganus rivulatus","1984-01-01",36.773,34.721
"Siganus rivulatus","2015-01-01",37.231,9.865
"Siganus rivulatus","2021-07-25",35.6816,34.5797
"Siganus rivulatus","2019-10-21",37.4029,24.4923
"Siganus rivulatus","2021-09-25",36.6416,25.1
"Siganus rivulatus","2021-01-01",36.4412,23.0923
"Siganus rivulatus","2004-05-15",34.9959,25.5722
"Siganus rivulatus","2021-09-22",35.3606,33.1796
"Siganus rivulatus","2021-10-02",31.9492,34.6866
"Siganus rivulatus","2021-01-01",36.5888,27.2113
"Siganus rivulatus","2016-01-01",32.8682,35.0023
"Siganus rivulatus","2021-09-27",31.992,34.668
"Siganus rivulatus","2022-01-01",36.4412,23.0923
"Siganus rivulatus","1927-01-01",31.55,34.42
"Siganus rivulatus","2020-10-21",37.4091,25.2046
"Siganus rivulatus","2020-09-25",36.5981,24.9647
"Siganus rivulatus","2020-09-23",37.0374,25.6271
"Siganus rivulatus","2021-01-01",36.3614,25.4053
"Siganus rivulatus","2020-12-21",36.4509,28.2135
"Siganus rivulatus","2020-01-20",32.4375,34.7717
"Siganus rivulatus","2020-08-01",37.7046,20.9427
"Siganus rivulatus","2020-09-20",37.0497,25.2799
"Siganus rivulatus","2019-01-01",36.61687,22.48807
"Siganus rivulatus","2021-09-23",36.8809,25.5443
"Siganus rivulatus","2021-06-17",31.92,34.6254
"Siganus rivulatus","1979-01-01",37.256,21.076
"Siganus rivulatus","2018-01-01",35.51927,24.0146
"Siganus rivulatus","2017-01-01",36.22146,27.61243
"Siganus rivulatus","2019-01-01",36.7101,24.5454
"Siganus rivulatus","2021-09-20",36.7228,25.405
"Siganus rivulatus","2019-01-01",37.8052,23.8248
"Siganus rivulatus","2021-10-14",37.6894,23.4456
"Siganus rivulatus","2008-08-12",36.42359,28.19117
"Siganus rivulatus","2014-01-01",37.281,26.772
"Siganus rivulatus","2022-01-01",36.9917,26.9138
"Siganus rivulatus","2021-05-11",35.3605,33.1938
"Siganus rivulatus","2020-09-25",36.6235,24.8747
"Siganus rivulatus","2021-10-21",37.4025,25.2795
"Siganus rivulatus","2020-10-11",37.5184,24.8768
"Siganus rivulatus","2020-09-24",37.135,25.8221
"Siganus rivulatus","2019-01-01",37.8078,23.8182
"Siganus rivulatus","2017-01-01",37.97275,23.36581
"Siganus rivulatus","2007-08-22",36.43889,28.20444
"Siganus rivulatus","2015-01-23",32.1337,34.7345
"Siganus rivulatus","2009-07-01",34.9956,25.5737
"Siganus rivulatus","2021-10-11",37.4849,24.8866
"Siganus rivulatus","2007-08-23",36.43889,28.20444
"Siganus rivulatus","2018-01-01",38.1737,25.9629
"Siganus rivulatus","2020-10-21",37.1205,24.4348
"Siganus rivulatus","2020-09-16",36.9514,25.0294
"Siganus rivulatus","2020-07-15",32.1045,34.7185
"Siganus rivulatus","2015-10-10",32.892,34.9366
"Siganus rivulatus","2017-12-28",31.7647,34.4552
"Siganus rivulatus","1994-01-01",36.768,34.687
"Siganus rivulatus","2008-01-01",37.1495,25.2962
"Siganus rivulatus","2017-01-01",37.39711,24.88098
"Siganus rivulatus","2016-09-01",37.5186,8.9361
"Siganus rivulatus","2019-01-01",38.2154,25.8866
"Siganus rivulatus","2021-09-16",36.9799,25.1482
"Siganus rivulatus","2020-09-17",37.0251,25.253
"Siganus rivulatus","2021-08-12",37.9067,24.6898
"Siganus rivulatus","2020-01-01",35.2316,11.1631
"Siganus rivulatus","2020-01-01",35.3339,25.21248
"Siganus rivulatus","2020-09-03",34.9407,25.0513
"Siganus rivulatus","2020-09-23",36.9015,25.6219
"Siganus rivulatus","2012-07-01",35.757,27.211
"Siganus rivulatus","2020-10-02",31.9492,34.6866
"Siganus rivulatus","2020-10-21",37.2121,24.4788
"Siganus rivulatus","2018-01-01",38.4347,25.95565
"Siganus rivulatus","2013-07-01",35.021,26.015
"Siganus rivulatus","2020-10-14",37.7256,23.4349
"Siganus rivulatus","2002-07-01",36.16022,28.0886
"Siganus rivulatus","2021-08-29",37.2511,24.596
"Siganus rivulatus","2021-08-14",36.4074,27.3584
"Siganus rivulatus","2019-01-01",36.7101,24.5454
"Siganus rivulatus","2014-01-01",39.79549,19.92097
"Siganus rivulatus","2018-01-01",37.69826,26.96893
"Siganus rivulatus","2022-01-01",36.3614,25.4053
"Siganus rivulatus","2019-01-01",36.9762,25.1038
"Siganus rivulatus","1988-05-19",35.1287,25.743
"Siganus rivulatus","2021-05-15",32.5072,34.8728
"Siganus rivulatus","2020-01-01",36.53111,26.46776
"Siganus rivulatus","2020-09-19",36.9434,25.0794
"Siganus rivulatus","2011-01-01",36.16022,28.0886
"Siganus rivulatus","2016-01-01",36.838,25.4801
"Siganus rivulatus","2012-11-01",36.659,30.56
"Siganus rivulatus","2020-10-14",37.7342,23.4286
"Siganus rivulatus","2018-01-01",37.31777,26.72461
"Siganus rivulatus","2016-01-01",36.9728,27.0362
"Siganus rivulatus","2021-10-08",36.1459,29.607
"Siganus rivulatus","2021-08-10",35.4751,27.1971
"Siganus rivulatus","2021-09-28",32.1045,34.7185
"Siganus rivulatus","2020-08-10",31.92,34.6254
"Siganus rivulatus","2015-12-04",32.1607,34.7398
"Siganus rivulatus","2016-01-01",38.1737,25.9629
"Siganus rivulatus","2020-09-19",36.9534,24.9818
"Siganus rivulatus","2020-01-01",34.7138,10.7667
"Siganus rivulatus","2020-09-20",37.9945,24.7189
"Siganus rivulatus","2020-09-19",36.9696,25.0309
"Siganus rivulatus","2020-09-24",36.8639,25.8774
"Siganus rivulatus","2014-07-01",35.9164,35.7889
"Siganus rivulatus","2017-11-12",31.9492,34.6866
"Siganus rivulatus","2020-01-01",35.25862,25.73679
"Siganus rivulatus","2013-12-01",30.8281,29.0053
"Siganus rivulatus","2021-02-23",31.7647,34.4552
"Siganus rivulatus","2019-01-01",37.936,24.0175
"Siganus rivulatus","2019-01-01",38.1338,21.3595
"Siganus rivulatus","2019-01-01",37.0227,25.357
"Siganus rivulatus","2020-06-23",31.92,34.6254
"Siganus rivulatus","2015-01-01",31.759,25.099
"Siganus rivulatus","2020-09-20",37.7712,24.8537
"Siganus rivulatus","2021-09-20",37.6858,24.9711
"Siganus rivulatus","2014-01-01",37.282,26.772
"Siganus rivulatus","2017-01-01",35.51871,24.0186
"Siganus rivulatus","2021-01-01",38.0911,20.8041
"Siganus rivulatus","2018-01-01",36.7101,24.5454
"Siganus rivulatus","2014-07-12",34.9845,25.2993
"Siganus rivulatus","2021-10-21",37.4386,25.3197
"Siganus rivulatus","2018-10-01",32.019,34.676
"Siganus rivulatus","2015-12-26",31.7647,34.4552
"Siganus rivulatus","2020-10-14",37.5228,23.4211
"Siganus rivulatus","2020-09-16",36.9859,25.214
"Siganus rivulatus","2019-01-01",36.4835,23.0672
"Siganus rivulatus","2019-01-01",37.793,23.8407
"Siganus rivulatus","2019-01-01",37.39059,23.10053
"Siganus rivulatus","1929-01-01",35.243,33.915
"Siganus rivulatus","2013-01-01",36.85569,27.34978
"Siganus rivulatus","2020-09-16",36.9642,25.1208
"Siganus rivulatus","2011-09-01",35.369,25.121
"Siganus rivulatus","2020-08-01",37.7051,20.985
"Siganus rivulatus","2021-01-19",32.892,34.9127
"Siganus rivulatus","2010-05-01",31.322,30.058
"Siganus rivulatus","2020-01-01",33.7157,10.7423
"Siganus rivulatus","2018-01-01",37.4149,24.9645
"Siganus rivulatus","2020-09-21",35.3612,33.1952
"Siganus rivulatus","2013-07-01",35.556,24.085
"Siganus rivulatus","2020-10-27",32.9662,34.9393
"Siganus rivulatus","2021-10-14",37.5041,23.4453
"Siganus rivulatus","2020-10-21",37.8854,24.6894
"Siganus rivulatus","2019-01-01",37.035,25.0517
"Siganus rivulatus","2021-09-23",37.0126,25.5795
"Siganus rivulatus","2020-05-28",31.9492,34.6866
"Siganus rivulatus","2008-01-01",33.2745,35.1959
"Siganus rivulatus","2021-01-23",32.082,34.7079
"Siganus rivulatus","2021-09-01",36.7077,24.5557
"Siganus rivulatus","2021-01-01",36.8815,22.2333
"Siganus rivulatus","2021-07-04",35.6935,34.5629
"Siganus rivulatus","2019-01-01",37.07155,25.12252
"Siganus rivulatus","2016-01-01",38.2154,25.8866
"Siganus rivulatus","2019-01-01",36.9115,25.6032
"Siganus rivulatus","2009-01-01",36.07433,28.01541
"Siganus rivulatus","2020-10-14",37.6913,23.3715
"Siganus rivulatus","2003-09-01",36.799,27.365
"Siganus rivulatus","2021-01-01",36.8508,22.2577
"Siganus rivulatus","2021-09-23",36.848,25.5462
"Siganus rivulatus","2021-09-08",34.9913,25.4522
"Siganus rivulatus","2020-10-14",37.5884,23.2309
"Siganus rivulatus","2021-09-11",35.3589,33.1777
"Siganus rivulatus","2008-01-01",36.045,27.969
"Siganus rivulatus","2009-09-03",36.16022,28.0886
"Siganus rivulatus","2019-01-01",36.7245,22.556
"Siganus rivulatus","2015-11-01",37.6817,24.1266
"Siganus rivulatus","2021-10-02",31.92,34.6254
"Siganus rivulatus","2022-01-01",36.8508,22.2577
"Siganus rivulatus","2021-09-25",36.6315,24.9355
"Siganus rivulatus","2019-01-01",36.9728,27.0362
"Siganus rivulatus","2020-09-10",34.9834,25.3058
"Siganus rivulatus","2020-09-20",36.6975,25.0922
"Siganus rivulatus","2007-04-18",36.16022,28.0886
"Siganus rivulatus","2019-01-01",36.7217,22.5412
"Siganus rivulatus","2025-01-01",32.1897,23.394
"Siganus rivulatus","2022-01-01",37.526,22.7314
"Siganus rivulatus","2021-09-25",31.9492,34.6467
"Siganus rivulatus","2020-10-14",37.7747,23.5498
"Siganus rivulatus","2001-04-01",34.474,35.781
"Siganus rivulatus","2020-10-14",37.6774,23.5001
"Siganus rivulatus","2021-10-14",37.6742,23.4743
"Siganus rivulatus","2020-10-21",37.3705,24.463
"Siganus rivulatus","2021-06-24",32.1337,34.7345
"Siganus rivulatus","2021-06-10",32.1337,34.7345
"Siganus rivulatus","2015-01-12",37.9658,23.3656
"Siganus rivulatus","2021-01-01",40.6098,26.0603
"Siganus rivulatus","2020-10-21",37.4812,24.4141
"Siganus rivulatus","2021-05-19",32.1337,34.7664
"Siganus rivulatus","2020-08-29",31.9492,34.6467
"Siganus rivulatus","2020-10-14",37.8167,23.266
"Siganus rivulatus","2019-01-01",36.87851,25.93276
"Siganus rivulatus","2020-11-20",37.507,26.009
"Siganus rivulatus","2020-12-23",31.92,34.6254
"Siganus rivulatus","2020-05-26",31.992,34.7052
"Siganus rivulatus","2005-01-01",32.92,12.13
"Siganus rivulatus","2020-10-02",37.6546,24.0185
"Siganus rivulatus","2016-01-01",37.1495,25.2962
"Siganus rivulatus","2020-01-01",34.92519,24.77858
"Siganus rivulatus","2021-09-20",36.6625,25.1369
"Siganus rivulatus","2020-11-30",32.3182,34.7052
"Siganus rivulatus","2001-04-01",34.321,35.713
"Siganus rivulatus","2020-10-14",37.746,23.5588
"Siganus rivulatus","2021-09-16",37.0544,25.2787
"Siganus rivulatus","2019-01-01",37.0888,25.2678
"Siganus rivulatus","2021-10-30",32.1337,34.7345
"Siganus rivulatus","2020-11-24",31.8705,34.4898
"Siganus rivulatus","2018-09-15",35.3611,33.1886
"Siganus rivulatus","2020-10-14",37.7706,23.4225
"Siganus rivulatus","2019-01-01",37.70319,23.33361
"Siganus rivulatus","2020-11-20",37.6833,26.3688
"Siganus rivulatus","2020-10-21",36.9994,24.7296
"Siganus rivulatus","2019-01-01",37.0368,26.935
"Siganus rivulatus","2021-10-11",37.3945,24.8505
"Siganus rivulatus","2021-10-28",31.9762,34.66
"Siganus rivulatus","2017-01-01",37.38813,23.2571
"Siganus rivulatus","2009-09-02",36.16022,28.0886
"Siganus rivulatus","2019-01-01",34.9743,25.27354
"Siganus rivulatus","2021-08-15",32.289,34.785
"Siganus rivulatus","2014-10-01",34.9956,25.5737
"Siganus rivulatus","2018-01-01",36.838,25.4801
"Siganus rivulatus","2014-01-01",34.9956,25.5737
"Siganus rivulatus","2020-10-30",32.2192,34.7611
"Siganus rivulatus","2020-06-12",32.1337,34.7664
"Siganus rivulatus","2021-12-22",32.1337,34.7664
"Siganus rivulatus","2008-01-01",36.07433,28.01541
"Siganus rivulatus","2021-08-09",35.7567,27.2105
"Siganus rivulatus","2019-10-11",37.3697,24.8741
"Siganus rivulatus","2015-10-12",32.1922,34.7504
"Siganus rivulatus","2021-09-01",36.7066,24.4442
"Siganus rivulatus","2021-09-16",37.0287,25.261
"Siganus rivulatus","2011-01-01",36.9728,27.0362
"Siganus rivulatus","2017-10-10",32.289,34.7185
"Siganus rivulatus","2020-09-16",37.133,25.2399
"Siganus rivulatus","2020-09-16",37.1021,25.274
"Siganus rivulatus","2020-10-21",37.3024,24.3994
"Siganus rivulatus","2014-12-03",32.1337,34.7345
"Siganus rivulatus","2020-01-01",34.7174,10.7662
"Siganus rivulatus","2020-10-21",37.2482,24.5999
"Siganus rivulatus","2021-11-29",32.3182,34.7052
"Siganus rivulatus","2008-08-15",36.42359,28.19117
"Siganus rivulatus","2022-01-01",38.0911,20.8041
"Siganus rivulatus","2019-09-01",36.4254,28.1646
"Siganus rivulatus","2020-10-21",37.677,24.9434
"Siganus rivulatus","2019-01-01",37.8838,23.6917
"Siganus rivulatus","1970-06-01",32.061,24.014
"Siganus rivulatus","2019-01-01",36.8322,25.5228
"Siganus rivulatus","2013-12-01",30.829,29.0064
"Siganus rivulatus","2019-01-01",36.7247,22.5568
"Siganus rivulatus","2001-04-01",34.389,35.726
"Siganus rivulatus","2019-08-10",32.1877,34.7478
"Siganus rivulatus","2005-01-01",32.0815,24.008
"Siganus rivulatus","2020-08-01",37.7237,20.9342
"Siganus rivulatus","2019-01-01",37.7927,23.7688
"Siganus rivulatus","2019-01-01",36.835,25.841
"Siganus rivulatus","2020-09-19",36.7528,25.3557
"Siganus rivulatus","2021-08-05",35.1821,25.7131
"Siganus rivulatus","2020-01-01",35.329,25.388
"Siganus rivulatus","2020-09-01",37.6472,20.8454
"Siganus rivulatus","2019-01-01",36.75411,24.49055
"Siganus rivulatus","2018-01-01",37.29744,26.76359
"Siganus rivulatus","2020-01-13",31.7647,34.5084
"Siganus rivulatus","2020-01-14",31.9492,34.6866
"Siganus rivulatus","1980-09-28",35.8817,27.7698
"Siganus rivulatus","2020-08-03",32.892,34.9366
"Siganus rivulatus","2019-05-14",34.996,25.6078
"Siganus rivulatus","2021-10-14",37.5512,23.3587
"Siganus rivulatus","2020-10-21",38.0045,24.802
"Siganus rivulatus","2013-01-01",36.8414,25.6856
"Siganus rivulatus","2019-01-01",36.4838,23.0673
"Siganus rivulatus","2017-10-23",32.1922,34.7504
"Siganus rivulatus","2001-04-01",34.301,35.646
"Siganus rivulatus","2019-01-01",37.8027,23.8033
"Siganus rivulatus","2021-01-23",36.4509,28.2135
"Siganus rivulatus","2021-10-02",37.862,23.7307
"Siganus rivulatus","2009-01-01",36.43889,28.20444
"Siganus rivulatus","2019-01-01",35.51528,23.99013
"Siganus rivulatus","2016-05-10",34.996,25.572
"Siganus rivulatus","2006-08-01",36.43889,28.20444
"Siganus rivulatus","2020-09-01",35.3339,25.2138
"Siganus rivulatus","2018-01-01",37.1495,25.2962
"Siganus rivulatus","2018-01-01",35.01769,25.85746
"Siganus rivulatus","2020-09-16",37.1393,25.2959
"Siganus rivulatus","2021-08-12",31.992,34.668
"Siganus rivulatus","2019-01-01",36.8539,25.686
"Siganus rivulatus","2020-01-01",38.8435,24.5355
"Siganus rivulatus","2020-02-23",31.7647,34.5084
"Siganus rivulatus","2000-10-01",42.581,18.19
"Siganus rivulatus","2017-01-01",35.97966,27.7388
"Siganus rivulatus","2008-01-01",36.426,28.185
"Siganus rivulatus","2022-01-01",38.0976,20.8084
"Siganus rivulatus","2020-09-16",37.0797,25.1171
"Siganus rivulatus","2008-01-01",35.914,27.736
"Siganus rivulatus","2020-10-06",37.6584,25.1194
"Siganus rivulatus","2020-10-09",31.92,34.5855
"Siganus rivulatus","2007-04-19",36.16022,28.0886
"Siganus rivulatus","2021-01-12",31.8885,34.3967
"Siganus rivulatus","2020-10-21",37.1771,24.4274
"Siganus rivulatus","2001-04-01",33.127,35.131
"Siganus rivulatus","2021-09-23",36.4453,28.2286
"Siganus rivulatus","2021-01-01",38.2563,15.7077
"Siganus rivulatus","2014-01-01",36.838,25.4801
"Siganus rivulatus","2020-10-14",37.7208,23.4465
"Siganus rivulatus","2014-07-01",34.9956,25.5737
"Siganus rivulatus","2017-11-30",32.1607,34.7398
"Siganus rivulatus","2020-11-26",32.2192,34.7611
"Siganus rivulatus","2019-01-01",36.8532,25.4851
"Siganus rivulatus","2014-07-01",35.924,14.3366
"Siganus rivulatus","2019-12-08",36.9763,25.104
"Siganus rivulatus","2020-10-14",37.7561,23.4161
"Siganus rivulatus","2002-01-01",36.8414,25.6856
"Siganus rivulatus","2013-12-01",30.8274,29.0026
"Siganus rivulatus","2014-01-12",38.0095,23.576
"Siganus rivulatus","2021-06-01",34.9623,34.0806
"Siganus rivulatus","2019-01-01",36.9762,25.1043
"Siganus rivulatus","2020-09-20",36.9758,25.1698
"Siganus rivulatus","2018-01-01",37.31345,26.74014
"Siganus rivulatus","2020-11-29",32.1382,34.7345
"Siganus rivulatus","2021-09-04",35.3613,33.1976
"Siganus rivulatus","2013-07-01",31.878,19.907
"Siganus rivulatus","2019-01-01",36.9902,25.1095
"Siganus rivulatus","2021-09-04",35.3613,33.1976
"Siganus rivulatus","2020-09-23",36.8544,25.4949
"Siganus rivulatus","2020-09-23",37.0712,25.692
"Siganus rivulatus","2014-01-01",39.7796,19.93824
"Siganus rivulatus","2015-01-01",35.51915,24.01735
"Siganus rivulatus","2021-01-01",37.526,22.7314
"Siganus rivulatus","2018-01-01",34.9956,25.5737
"Siganus rivulatus","2017-07-01",35.4962,12.6036
"Siganus rivulatus","2020-09-16",37.0023,25.251
"Siganus rivulatus","2020-01-01",36.9597,8.7614
"Siganus rivulatus","2020-05-01",36.3559,28.2309
"Siganus rivulatus","2015-01-22",32.307,34.8223
"Siganus rivulatus","2020-10-02",37.8118,23.7684
"Siganus rivulatus","2021-09-24",36.8109,25.7754
"Siganus rivulatus","2010-01-01",36.8474,25.5119
"Siganus rivulatus","1976-11-01",32.606,34.911
"Siganus rivulatus","2020-10-21",37.432,24.8593
"Siganus rivulatus","2022-01-01",36.8815,22.2333
"Siganus rivulatus","2020-06-25",32.1337,34.7345
"Siganus rivulatus","2017-01-01",38.1921,25.9314
"Siganus rivulatus","2020-06-24",32.1337,34.7345
"Siganus rivulatus","2021-10-21",37.5989,24.3846
"Siganus rivulatus","2018-01-01",37.29744,26.76359
"Siganus rivulatus","2020-11-25",32.1045,34.652
"Siganus rivulatus","2020-10-14",37.6826,23.354
"Siganus rivulatus","2020-04-16",31.92,34.6254
"Siganus rivulatus","2017-01-01",35.51816,24.01669
"Siganus rivulatus","2020-09-24",37.0871,25.8197
"Siganus rivulatus","2020-08-30",32.0257,34.6786
"Siganus rivulatus","2015-01-01",32.124,20.044
"Siganus rivulatus","2017-10-02",31.92,34.6254
"Siganus rivulatus","2020-08-12",32.082,34.7079
"Siganus rivulatus","2019-01-01",37.9185,23.6907
"Siganus rivulatus","2019-01-01",37.9188,23.6898
"Siganus rivulatus","2020-08-30",32.1337,34.7345
"Siganus rivulatus","2005-11-10",36.5948,36.1702
"Siganus rivulatus","2017-10-12",32.1922,34.7504
"Siganus rivulatus","2019-01-01",36.7476,25.3671
"Siganus rivulatus","2021-09-22",35.3606,33.1796
"Siganus rivulatus","2022-01-01",36.6136,27.1543
"Siganus rivulatus","2014-04-01",36.385,28.247
"Siganus rivulatus","2018-01-01",37.28224,26.77204
"Siganus rivulatus","2021-10-21",37.6871,24.376
"Siganus rivulatus","2019-05-01",36.4254,28.1646
"Siganus rivulatus","2020-12-01",31.5715,30.1064
"Siganus rivulatus","2016-05-15",34.9959,25.5722
"Siganus rivulatus","2020-07-01",36.3559,28.2309
"Siganus rivulatus","2019-03-10",37.767,23.4395
"Siganus rivulatus","2020-10-14",37.7226,23.4401
"Siganus rivulatus","2018-01-01",37.5822,24.7517
"Siganus rivulatus","2015-01-01",32.7651,22.6551
"Siganus rivulatus","2021-01-01",38.0976,20.8084
"Siganus rivulatus","2021-08-24",36.361,25.4027
"Siganus rivulatus","2019-01-01",36.835,25.841
"Siganus rivulatus","2020-04-28",31.9492,34.6467
"Siganus rivulatus","2020-11-01",31.9762,34.66
"Siganus rivulatus","2020-01-01",33.9243,10.1069
"Siganus rivulatus","2020-09-20",36.6983,25.2884
"Siganus rivulatus","2020-10-21",37.2034,24.5278
"Siganus rivulatus","2006-01-01",36.835,25.841
"Siganus rivulatus","2021-08-21",32.1112,34.7185
"Siganus rivulatus","2015-01-31",35.7766,10.8533
"Siganus rivulatus","2017-12-25",31.7647,34.5084
"Siganus rivulatus","2021-02-24",31.9492,34.6467
"Siganus rivulatus","2011-01-01",36.995,25.134
"Siganus rivulatus","2017-12-28",31.7647,34.5084
"Siganus rivulatus","2020-01-01",35.33735,25.19152
"Siganus rivulatus","2021-01-01",36.9929,26.9162
"Siganus rivulatus","2021-06-26",32.1922,34.7504
"Siganus rivulatus","2016-01-01",31.3248,30.0531
"Siganus rivulatus","2020-07-15",32.1337,34.66
"Siganus rivulatus","2020-08-01",37.6821,20.8755
"Siganus rivulatus","2020-04-29",32.1607,34.668
"Siganus rivulatus","2021-07-08",38.3456,15.5628
"Siganus rivulatus","2020-10-21",37.1507,24.54
"Siganus rivulatus","2019-01-01",35.34702,26.87164
"Siganus rivulatus","2019-01-01",37.09257,25.13474
"Siganus rivulatus","2020-06-19",31.992,34.668
"Siganus rivulatus","2021-09-25",36.0081,14.4258
"Siganus rivulatus","2020-06-24",32.082,34.7451
"Siganus rivulatus","2019-01-01",37.75394,23.55555
"Siganus rivulatus","2021-09-28",31.965,34.6573
"Siganus rivulatus","2021-11-03",31.965,34.6573
"Siganus rivulatus","2020-10-21",37.5243,24.3002
"Siganus rivulatus","2021-09-13",31.992,34.668
"Siganus rivulatus","2019-01-01",36.68066,22.37266
"Siganus rivulatus","2020-08-31",36.9746,11.8607
"Siganus rivulatus","2016-01-01",36.9728,27.0362
"Siganus rivulatus","2021-09-16",37.0736,25.1149
"Siganus rivulatus","2005-08-24",36.16022,28.0886
"Siganus rivulatus","2019-01-01",37.8255,23.7682
"Siganus rivulatus","2021-10-21",37.419,25.3056
"Siganus rivulatus","2021-08-18",35.4172,24.7869
"Siganus rivulatus","2021-09-19",37.0131,25.0903
"Siganus rivulatus","2016-06-27",35.8714,27.2351
"Siganus rivulatus","2014-10-01",34.361,35.729
"Siganus rivulatus","2020-01-01",35.257,25.745
"Siganus rivulatus","2020-10-08",36.1459,29.607
"Siganus rivulatus","1975-11-01",32.606,34.911
"Siganus rivulatus","2021-09-14",37.7174,20.7294
"Siganus rivulatus","2021-10-08",36.1459,29.607
"Siganus rivulatus","2020-10-21",37.477,25.3087
"Siganus rivulatus","2020-10-30",32.1607,34.7398
"Siganus rivulatus","2016-01-01",36.838,25.4801
"Siganus rivulatus","1975-11-01",32.623,34.913
"Siganus rivulatus","2007-01-01",36.808,27.703
"Siganus rivulatus","2020-06-24",32.1337,34.7664
"Siganus rivulatus","2021-01-01",35.8262,10.6488
"Siganus rivulatus","2021-09-26",31.9492,34.6467
"Siganus rivulatus","2020-10-14",37.7386,23.5419
"Siganus rivulatus","2022-01-01",36.9929,26.9162
"Siganus rivulatus","2020-01-01",40.6098,26.0603
"Siganus rivulatus","2015-11-01",37.6788,24.1225
"Siganus rivulatus","2019-01-01",36.726,22.569
"Siganus rivulatus","2021-08-12",35.4452,27.0831
"Siganus rivulatus","2018-01-01",37.31345,26.74014
"Siganus rivulatus","2020-09-17",36.9619,25.0385
"Siganus rivulatus","2019-01-01",37.7917,23.7863
"Siganus rivulatus","2020-09-20",37.0795,25.3297
"Siganus rivulatus","2021-09-25",36.7204,25.1734
"Siganus rivulatus","2015-01-29",32.1382,34.7345
"Siganus rivulatus","2017-01-01",35.19164,25.72301
"Siganus rivulatus","2021-11-30",32.262,34.6839
"Siganus rivulatus","2021-11-30",32.3182,34.7052
"Siganus rivulatus","2020-07-26",36.4453,28.23
"Siganus rivulatus","2014-01-01",37.322,26.724
"Siganus rivulatus","2019-03-09",37.767,23.4395
"Siganus rivulatus","2005-02-21",36.16022,28.0886
"Siganus rivulatus","2015-05-13",34.9959,25.5722
"Siganus rivulatus","2020-10-21",37.588,24.3786
"Siganus rivulatus","2019-01-01",35.41699,26.93234
"Siganus rivulatus","2020-09-20",35.3597,33.2001
"Siganus rivulatus","1983-01-01",36.212,34.014
"Siganus rivulatus","2020-10-08",32.8717,34.9287
"Siganus rivulatus","2019-01-01",39.4015,20.1037
"Siganus rivulatus","2019-01-01",36.754,24.5724
"Siganus rivulatus","2020-10-21",37.3883,24.3822
"Siganus rivulatus","1994-01-01",36.852,30.721
"Siganus rivulatus","1994-01-01",36.632,29.064
"Siganus rivulatus","2020-06-10",32.1337,34.7345
"Siganus rivulatus","2014-01-01",37.2974,26.762
"Siganus rivulatus","2021-01-01",34.5146,10.4986
"Siganus rivulatus","2018-01-01",36.8322,25.5228
"Siganus rivulatus","2020-09-28",32.1337,34.7345
"Siganus rivulatus","2019-01-01",37.11675,25.27591
"Siganus rivulatus","2021-10-14",37.563,23.4777
"Siganus rivulatus","2020-09-20",37.2036,25.5246
"Siganus rivulatus","2020-10-14",37.6159,23.3033
"Siganus rivulatus","2014-10-01",32.019,34.676
"Siganus rivulatus","2017-12-18",32.2192,34.7611
"Siganus rivulatus","2020-09-24",36.852,25.9522
"Siganus rivulatus","2021-05-27",31.9492,34.6866
"Siganus rivulatus","2020-09-20",36.8878,25.5333
"Siganus rivulatus","2021-09-28",32.1337,34.7345
"Siganus rivulatus","2021-11-02",32.082,34.7079
"Siganus rivulatus","2020-08-19",35.3608,33.2036
"Siganus rivulatus","2019-01-01",37.6667,24.04228
"Siganus rivulatus","2002-07-22",36.5948,36.1702
"Siganus rivulatus","2020-09-24",36.7825,25.8513
"Siganus rivulatus","2021-09-24",36.8554,25.9522
"Siganus rivulatus","2020-08-10",31.992,34.668
"Siganus rivulatus","2012-07-01",36.221,27.603
"Siganus rivulatus","2019-01-01",36.97153,25.05953
"Siganus rivulatus","2021-05-11",32.5432,34.8808
"Siganus rivulatus","2020-09-24",36.7721,25.7644
"Siganus rivulatus","2008-01-01",36.424,28.136
"Siganus rivulatus","2020-01-12",31.9762,34.5642
"Siganus rivulatus","2020-10-28",37.8581,24.7814
"Siganus rivulatus","2020-10-14",37.6894,23.527
"Siganus rivulatus","2001-04-01",34.249,35.656
"Siganus rivulatus","2019-01-01",36.9523,25.0693
"Siganus rivulatus","2016-01-01",37.5822,24.7517
"Siganus rivulatus","2020-10-02",37.7209,23.9063
"Siganus rivulatus","2014-01-01",36.835,25.841
"Siganus rivulatus","2020-10-21",37.0326,24.6317
"Siganus rivulatus","2019-01-01",36.9755,21.6413
"Siganus rivulatus","2007-01-01",36.668,28.314
"Siganus rivulatus","2020-04-27",31.9492,34.6467
"Siganus rivulatus","2020-10-02",31.9492,34.6467
"Siganus rivulatus","2021-09-19",37.0544,25.0701
"Siganus rivulatus","2020-01-01",33.8961,10.1178
"Siganus rivulatus","2022-01-01",36.9385,26.9876
"Siganus rivulatus","2020-09-05",34.9515,24.7543
"Siganus rivulatus","1998-01-01",37.5084,24.8936
"Siganus rivulatus","2016-01-01",37.5084,24.8936
"Siganus rivulatus","2020-09-23",36.9461,25.5664
"Siganus rivulatus","2020-09-26",31.9492,34.6467
"Siganus rivulatus","2014-08-01",35.924,14.3366
"Siganus rivulatus","2021-06-09",32.1337,34.7345
"Siganus rivulatus","2013-07-01",35.503,24.174
"Siganus rivulatus","2020-10-21",37.5117,24.9082
"Siganus rivulatus","2019-01-01",36.90728,25.97491
"Siganus rivulatus","2017-12-26",31.7647,34.5084
"Siganus rivulatus","2019-01-01",37.14364,25.28931
"Siganus rivulatus","2020-09-16",35.3583,33.1878
"Siganus rivulatus","2021-09-20",36.9165,25.4396
"Siganus rivulatus","2018-05-10",34.996,25.572
"Siganus rivulatus","2020-10-22",35.4167,25.0196
"Siganus rivulatus","2019-01-01",36.9755,25.1062
"Siganus rivulatus","2020-09-25",36.6686,25.0752
"Siganus rivulatus","2020-10-21",37.9946,24.81
"Siganus rivulatus","2019-01-01",38.1427,21.3598
"Siganus rivulatus","2020-01-01",34.996,25.572
"Siganus rivulatus","2019-01-01",36.82778,25.85724
"Siganus rivulatus","2021-10-11",37.3775,24.9202
"Siganus rivulatus","2006-08-02",36.43889,28.20444
"Siganus rivulatus","2021-01-01",37.7812,26.8925
"Siganus rivulatus","2019-01-01",37.5822,24.7517
"Siganus rivulatus","2020-10-14",37.7688,23.5696
"Siganus rivulatus","2013-07-01",35.591,24.097
"Siganus rivulatus","2019-01-01",37.8255,23.7682
"Siganus rivulatus","2004-06-01",36.698,27.035
"Siganus rivulatus","2004-09-08",36.16022,28.0886
"Siganus rivulatus","2019-01-01",38.65328,20.72086
"Siganus rivulatus","2022-01-01",37.7813,26.8936
"Siganus rivulatus","2004-09-06",36.16022,28.0886
"Siganus rivulatus","2020-03-11",37.3174,26.72454
"Siganus rivulatus","2013-07-01",35.505,23.575
"Siganus rivulatus","2021-09-01",36.7333,24.3298
"Siganus rivulatus","2021-01-01",37.6675,21.3023
"Siganus rivulatus","2020-10-08",36.1459,29.607
"Siganus rivulatus","1934-01-01",36.45,28.231
"Siganus rivulatus","2021-11-20",37.608,26.0307
"Siganus rivulatus","2018-01-01",36.9728,27.0362
"Siganus rivulatus","2020-09-05",32.019,34.676
"Siganus rivulatus","2020-06-11",32.1607,34.7398
"Siganus rivulatus","2020-09-01",36.6449,24.3333
"Siganus rivulatus","2021-04-28",31.7647,34.5882
"Siganus rivulatus","2021-10-20",37.1344,24.4399
"Siganus rivulatus","2016-01-01",36.8414,25.6856
"Siganus rivulatus","2020-02-14",32.1337,34.7664
"Siganus rivulatus","2019-12-07",36.9763,25.104
"Siganus rivulatus","2015-11-26",32.2192,34.7611
"Siganus rivulatus","2017-11-30",32.2192,34.7611
"Siganus rivulatus","2021-11-04",32.0257,34.6786
"Siganus rivulatus","2020-09-16",36.9752,25.1671
"Siganus rivulatus","2008-01-01",36.134,27.707
"Siganus rivulatus","2019-01-01",37.7918,23.4583
"Siganus rivulatus","2020-10-21",37.4976,25.3631
"Siganus rivulatus","2021-02-24",31.9492,34.6228
"Siganus rivulatus","2020-01-01",36.45634,25.37463
"Siganus rivulatus","2020-10-21",37.4835,24.4176
"Siganus rivulatus","2020-10-14",37.6942,23.3225
"Siganus rivulatus","2020-01-01",36.8336,11.1094
"Siganus rivulatus","2020-09-17",37.0272,25.0405
"Siganus rivulatus","2020-10-21",36.9701,24.6587
"Siganus rivulatus","2022-01-01",37.5044,22.8645
"Siganus rivulatus","2015-01-01",35.01774,25.85957
"Siganus rivulatus","2020-05-20",31.92,34.6733
"Siganus rivulatus","2020-06-09",31.92,34.6733
"Siganus rivulatus","2019-01-01",38.4765,20.9685
"Siganus rivulatus","2021-04-01",32.7692,22.6528
"Siganus rivulatus","2021-06-25",31.92,34.6733
"Siganus rivulatus","2007-01-01",36.725,27.994
"Siganus rivulatus","2020-09-20",36.7228,25.1794
"Siganus rivulatus","1984-01-01",36.212,34.015
"Siganus rivulatus","2014-01-01",36.9253,26.9859
"Siganus rivulatus","2020-10-04",33.2555,35.211
"Siganus rivulatus","2005-01-01",36.9115,25.6032
"Siganus rivulatus","2019-01-01",36.93524,27.15105
"Siganus rivulatus","2021-09-16",36.9781,25.1912
"Siganus rivulatus","2020-10-21",37.2978,24.3834
"Siganus rivulatus","2020-06-09",32.1337,34.7345
"Siganus rivulatus","2010-04-01",38.396,26.762
"Siganus rivulatus","2019-01-01",37.4149,24.9645
"Siganus rivulatus","2020-09-23",37.0841,25.6072
"Siganus rivulatus","2021-09-27",31.92,34.6254
"Siganus rivulatus","2016-01-01",38.3196,25.9404
"Siganus rivulatus","2018-01-01",36.9678,25.1219
"Siganus rivulatus","2011-01-01",37.033,25.259
"Siganus rivulatus","2018-01-01",37.69588,26.96572
"Siganus rivulatus","2012-08-01",35.924,14.3366
"Siganus rivulatus","2018-12-01",37.356,9.7451
"Siganus rivulatus","2020-06-18",32.1922,34.7504
"Siganus rivulatus","2017-10-31",32.1922,34.7504
"Siganus rivulatus","2012-01-01",36.7476,25.3671
"Siganus rivulatus","2002-12-01",36.5948,36.1702
"Siganus rivulatus","2021-01-22",32.307,34.7877
"Siganus rivulatus","1995-01-01",36.8539,25.686
"Siganus rivulatus","2021-09-12",36.5826,27.8723
"Siganus rivulatus","2010-05-01",31.253,32.308
"Siganus rivulatus","2021-09-24",36.8919,25.8963
"Siganus rivulatus","2005-09-27",36.43889,28.20444
"Siganus rivulatus","2014-08-01",35.9164,35.7889
"Siganus rivulatus","2022-01-01",36.5888,27.2113
"Siganus rivulatus","2019-01-01",35.917,24.3748
"Siganus rivulatus","2019-01-01",37.8255,23.751
"Siganus rivulatus","2021-09-01",35.352,33.2495
"Siganus rivulatus","2020-02-27",32.1112,34.7558
"Siganus rivulatus","2016-05-17",35.2328,25.74
"Siganus rivulatus","2020-01-01",33.2962,11.2012
"Siganus rivulatus","2021-09-13",35.361,24.407
"Siganus rivulatus","2021-05-27",32.1112,34.7558
"Siganus rivulatus","2021-04-18",37.7596,15.2162
"Siganus rivulatus","2020-05-21",31.9492,34.6467
"Siganus rivulatus","2019-01-01",36.9523,25.0697
"Siganus rivulatus","2021-08-12",38.0063,24.4206
"Siganus rivulatus","2021-08-12",37.9627,24.6822
"Siganus rivulatus","2019-01-01",37.63976,23.38949
"Siganus rivulatus","2021-08-12",32.0482,34.6893
"Siganus rivulatus","2020-10-01",31.9492,34.6467
"Siganus rivulatus","2020-06-23",31.9492,34.6467
"Siganus rivulatus","2020-08-09",34.9971,25.3723
"Siganus rivulatus","2020-05-26",32.0482,34.6893
"Siganus rivulatus","2020-01-01",36.90827,25.97089
"Siganus rivulatus","2021-04-28",31.9492,34.6467
"Siganus rivulatus","2020-09-02",35.3516,33.2755
"Siganus rivulatus","2016-01-01",37.5084,24.8936
"Siganus rivulatus","2017-12-23",31.7647,34.5084
"Siganus rivulatus","2019-01-01",37.0227,25.357
"Siganus rivulatus","2020-09-20",36.9912,25.3741
"Siganus rivulatus","2021-08-31",35.4138,25.0196
"Siganus rivulatus","2021-08-31",35.4138,25.0196
"Siganus rivulatus","2021-08-22",35.0073,24.7571
"Siganus rivulatus","2014-01-01",36.44897,28.2275
"Siganus rivulatus","2007-06-01",36.334,28.228
"Siganus rivulatus","2021-09-27",31.9492,34.6467
"Siganus rivulatus","2016-01-01",36.8414,25.6856
"Siganus rivulatus","2020-02-27",32.1337,34.7664
"Siganus rivulatus","2020-01-01",35.10225,24.56313
"Siganus rivulatus","2004-01-01",36.43889,28.20444
"Siganus rivulatus","2021-10-14",37.6156,23.417
"Siganus rivulatus","2019-01-01",37.1085,25.2708
"Siganus rivulatus","2020-08-08",35.6897,27.1909
"Siganus rivulatus","2005-08-23",36.43889,28.20444
"Siganus rivulatus","2019-01-01",37.8255,23.751
"Siganus rivulatus","2013-01-01",36.80441,27.18752
"Siganus rivulatus","2020-09-20",37.1541,25.4486
"Siganus rivulatus","2020-09-01",35.3559,25.0426
"Siganus rivulatus","2020-04-28",32.9662,34.9393
"Siganus rivulatus","2020-09-01",36.8482,24.5468
"Siganus rivulatus","2018-01-01",38.2479,25.8632
"Siganus rivulatus","2004-03-18",36.16022,28.0886
"Siganus rivulatus","2018-01-01",38.2479,25.8632
"Siganus rivulatus","2020-12-01",31.7807,30.6178
"Siganus rivulatus","2021-09-10",36.4113,22.4908
"Siganus rivulatus","2019-01-01",36.754,24.5724
"Siganus rivulatus","2020-09-06",35.257,25.7402
"Siganus rivulatus","2019-01-01",38.63785,20.72434
"Siganus rivulatus","2020-07-01",36.4467,28.2064
"Siganus rivulatus","2014-01-01",34.93313,24.95065
"Siganus rivulatus","2006-01-01",36.16022,28.0886
"Siganus rivulatus","2013-07-01",35.018,26.033
"Siganus rivulatus","2020-01-01",35.18087,25.71285
"Siganus rivulatus","1980-11-26",32.1337,34.6361
"Siganus rivulatus","2022-01-01",37.6675,21.3023
"Siganus rivulatus","1934-01-01",36.764,27.046
"Siganus rivulatus","2021-02-22",31.7647,34.4552
"Siganus rivulatus","2017-12-27",31.7647,34.4552
"Siganus rivulatus","2021-09-16",32.2192,34.7611
"Siganus rivulatus","2021-05-26",32.019,34.676
"Siganus rivulatus","2010-01-01",36.8532,25.4851
"Siganus rivulatus","2017-12-04",32.019,34.676
"Siganus rivulatus","2015-07-01",34.9956,25.5737
"Siganus rivulatus","2013-07-01",35.025,25.89
"Siganus rivulatus","2020-10-14",37.8155,23.4551
"Siganus rivulatus","2020-01-01",35.5001,11.0704
"Siganus rivulatus","2013-07-01",35.2019,24.1235
"Siganus rivulatus","2021-08-21",32.1337,34.7345
"Siganus rivulatus","2021-04-18",31.9492,34.6866
"Siganus rivulatus","2018-01-01",37.0201,22.11219
"Siganus rivulatus","2020-11-20",37.5647,26.2192
"Siganus rivulatus","2020-05-10",31.992,34.668
"Siganus rivulatus","2020-10-14",37.6767,23.4618
"Siganus rivulatus","2013-12-01",30.8281,29.0127
"Siganus rivulatus","2019-01-01",36.7898,22.6085
"Siganus rivulatus","2021-05-15",32.5072,34.8542
"Siganus rivulatus","2020-10-10",35.3368,25.2809
"Siganus rivulatus","2020-09-23",36.9841,25.6372
"Siganus rivulatus","2018-01-01",35.51907,24.02007
"Siganus rivulatus","2014-01-20",35.904,14.4962
"Siganus rivulatus","2020-05-19",31.92,34.6733
"Siganus rivulatus","2020-01-01",35.30045,25.49824
"Siganus rivulatus","2020-10-14",37.7756,23.4689
"Siganus rivulatus","2020-10-14",37.6984,23.3266
"Siganus rivulatus","2021-10-14",37.5977,23.3307
"Siganus rivulatus","1990-11-29",37.0114,27.4442
"Siganus rivulatus","2021-11-24",32.082,34.6148
"Siganus rivulatus","1990-11-29",37.0114,27.4442
"Siganus rivulatus","2020-01-01",33.4916,11.1205
"Siganus rivulatus","2020-09-01",37.6483,20.8169
"Siganus rivulatus","2020-10-29",32.1337,34.7345
"Siganus rivulatus","2021-10-14",37.6724,23.3354
"Siganus rivulatus","2021-06-01",34.9489,34.0728
"Siganus rivulatus","2021-09-16",37.1379,25.1871
"Siganus rivulatus","2020-02-26",31.8705,34.6467
"Siganus rivulatus","2018-01-01",37.4149,24.9645
"Siganus rivulatus","2009-01-01",36.85842,27.35226
"Siganus rivulatus","2019-01-01",36.8322,25.5228
"Siganus rivulatus","2021-12-23",32.1337,34.7345
"Siganus rivulatus","2020-06-11",32.1337,34.7345
"Siganus rivulatus","1983-01-01",36.773,34.721
"Siganus rivulatus","2019-01-01",38.4753,20.9932
"Siganus rivulatus","2017-01-01",37.15533,21.56499
"Siganus rivulatus","1929-01-01",35.49,35.788
"Siganus rivulatus","2011-01-01",36.993,25.211
"Siganus rivulatus","2019-01-01",37.8378,23.6907
"Siganus rivulatus","2021-08-11",32.1337,34.7345
"Siganus rivulatus","2019-01-01",36.37232,28.2277
"Siganus rivulatus","2020-10-14",37.6149,23.1768
"Siganus rivulatus","2002-01-01",36.43889,28.20444
"Siganus rivulatus","2021-06-09",32.1045,34.7185
"Siganus rivulatus","2020-02-24",31.9492,34.6228
"Siganus rivulatus","2018-01-01",36.9546,25.0779
"Siganus rivulatus","2005-09-28",36.43889,28.20444
"Siganus rivulatus","2020-10-14",37.6927,23.3753
"Siganus rivulatus","2018-01-01",37.28224,26.77204
"Siganus rivulatus","2014-01-01",36.82737,21.69777
"Siganus rivulatus","2019-01-01",37.0223,25.0415
"Siganus rivulatus","2021-10-14",37.6445,23.3773
"Siganus rivulatus","2021-09-23",36.8698,25.549
"Siganus rivulatus","2021-08-04",32.8717,35.0164
"Siganus rivulatus","2020-08-04",32.8717,35.0164
"Siganus rivulatus","2021-10-10",32.0055,34.6733
"Siganus rivulatus","2014-01-01",36.19823,28.13847
"Siganus rivulatus","2021-09-20",36.9997,25.2325
"Siganus rivulatus","2017-01-01",34.9343,26.1565
"Siganus rivulatus","2014-01-01",37.294,26.75
"Siganus rivulatus","2009-01-01",36.76805,21.83798
"Siganus rivulatus","2021-10-28",32.847,34.9393
"Siganus rivulatus","2012-01-01",37.5822,24.7517
"Siganus rivulatus","2020-06-24",31.965,34.6946
"Siganus rivulatus","2021-12-04",32.0482,34.6893
"Siganus rivulatus","2019-01-01",39.1543,20.5532
"Siganus rivulatus","2020-10-21",37.6248,24.271
"Siganus rivulatus","2021-09-08",35.2561,25.7411
"Siganus rivulatus","2020-01-14",31.7647,34.5084
"Siganus rivulatus","2015-05-01",36.328,28.225
"Siganus rivulatus","2021-08-03",35.1792,24.2712
"Siganus rivulatus","2019-01-01",37.5084,24.8936
"Siganus rivulatus","2021-09-01",36.7863,24.656
"Siganus rivulatus","2019-01-01",36.8424,25.6854
"Siganus rivulatus","2021-10-27",35.5879,24.0791
"Siganus rivulatus","2020-10-21",37.2978,24.5326
"Siganus rivulatus","2020-11-29",32.2552,34.8063
"Siganus rivulatus","2021-09-24",36.8213,25.8462
"Siganus rivulatus","2021-06-18",31.9492,34.6467
"Siganus rivulatus","2020-09-19",35.0967,24.6565
"Siganus rivulatus","2016-08-01",34.9956,25.5737
"Siganus rivulatus","1985-01-01",32.792,34.944
"Siganus rivulatus","2017-01-01",35.50542,24.17569
"Siganus rivulatus","2020-10-09",32.847,34.9074
"Siganus rivulatus","2019-01-01",37.52488,22.93562
"Siganus rivulatus","2019-01-01",36.7762,22.5763
"Siganus rivulatus","2020-10-11",37.4693,24.9563
"Siganus rivulatus","2020-09-04",35.4078,25.02
"Siganus rivulatus","2010-01-01",36.43889,28.20444
"Siganus rivulatus","2017-01-01",37.02301,22.12224
"Siganus rivulatus","2020-10-14",37.6886,23.5262
"Siganus rivulatus","2020-10-06",37.5467,25.1144
"Siganus rivulatus","2020-09-02",35.3337,25.2435
"Siganus rivulatus","2020-01-01",34.99112,25.45222
"Siganus rivulatus","2017-10-09",32.9662,34.9393
"Siganus rivulatus","2018-09-08",34.9959,25.5722
"Siganus rivulatus","2014-01-01",37.0596,10.9699
"Siganus rivulatus","2010-08-01",35.251,23.571
"Siganus rivulatus","2020-01-01",36.8809,25.91752
"Siganus rivulatus","2020-10-21",37.7318,24.9919
"Siganus rivulatus","2016-01-01",37.5822,24.7517
"Siganus rivulatus","1984-01-01",36.569,35.992
"Siganus rivulatus","2004-03-02",36.16022,28.0886
"Siganus rivulatus","2019-01-01",37.80575,23.76823
"Siganus rivulatus","2021-11-28",32.1922,34.785
"Siganus rivulatus","2019-02-01",36.4467,28.2064
"Siganus rivulatus","2020-10-21",37.4233,24.9609
"Siganus rivulatus","2016-09-08",34.9501,24.7542
"Siganus rivulatus","2021-01-01",36.9917,26.9138
"Siganus rivulatus","2014-08-01",34.9956,25.5737
"Siganus rivulatus","2019-01-01",36.838,25.4801
"Siganus rivulatus","2020-08-11",32.1607,34.7398
"Siganus rivulatus","2020-12-22",32.1337,34.7664
"Siganus rivulatus","2020-12-23",32.1337,34.7664
"Siganus rivulatus","2021-12-25",31.7647,34.5882
"Siganus rivulatus","2015-01-01",32.902,21.96
"Siganus rivulatus","2014-11-29",32.2192,34.7611
"Siganus rivulatus","2021-08-28",32.0257,34.6786
"Siganus rivulatus","2007-01-01",36.636,27.959
"Siganus rivulatus","2016-07-01",34.9956,25.5737
"Siganus rivulatus","2021-01-01",36.6136,27.1543
"Siganus rivulatus","2020-10-14",37.54,23.4878
"Siganus rivulatus","2021-10-09",32.847,34.9074
"Siganus rivulatus","2019-01-01",37.7263,24.1218
"Siganus rivulatus","2020-08-01",37.7193,20.9533
"Siganus rivulatus","2014-01-01",36.42297,28.16349
"Siganus rivulatus","2021-09-05",31.992,34.668
"Siganus rivulatus","2021-01-01",37.7999,23.7889
"Siganus rivulatus","2022-01-01",37.7999,23.7889
"Siganus rivulatus","2020-12-11",37.7511,26.9734
"Siganus rivulatus","2019-01-01",37.6867,23.3223
"Siganus rivulatus","2016-01-01",36.9253,26.9859
"Siganus rivulatus","2020-10-21",37.6868,24.3774
"Siganus rivulatus","2019-01-01",37.6912,23.3245
"Siganus rivulatus","2020-09-20",37.9282,24.8443
"Siganus rivulatus","2020-09-20",37.0593,25.5873
"Siganus rivulatus","2020-09-20",37.8682,24.7216
"Siganus rivulatus","2013-12-01",30.8278,29.02
"Siganus rivulatus","2021-08-29",37.147,24.4092
"Siganus rivulatus","2020-09-17",37.0184,25.0873
"Siganus rivulatus","2020-10-14",37.8191,23.2462
"Siganus rivulatus","2016-08-11",35.4259,24.2588
"Siganus rivulatus","2014-01-01",36.9545,25.4123
"Siganus rivulatus","2021-10-21",37.9287,24.8514
"Siganus rivulatus","2019-01-01",37.8,23.7932
"Siganus rivulatus","2014-01-01",36.15706,23.0473
"Siganus rivulatus","2020-07-15",32.1112,34.7185
"Siganus rivulatus","2021-09-23",36.8232,25.4185
"Siganus rivulatus","2020-02-26",32.1337,34.7345
"Siganus rivulatus","2020-10-14",37.6794,23.3472
"Siganus rivulatus","2020-09-29",31.8885,34.6041
"Siganus rivulatus","2021-11-24",32.1045,34.652
"Siganus rivulatus","2020-09-01",36.7484,24.4747
"Siganus rivulatus","2014-11-27",32.1382,34.6627
"Siganus rivulatus","2021-09-20",36.7962,25.2764
"Siganus rivulatus","2019-05-01",36.3674,28.2424
"Siganus rivulatus","2020-06-26",31.9492,34.6866
"Siganus rivulatus","2020-10-11",37.3751,24.8737
"Siganus rivulatus","2020-08-28",32.1337,34.7345
"Siganus rivulatus","2021-09-17",37.1152,25.2764
"Siganus rivulatus","2019-01-01",37.0502,25.0732
"Siganus rivulatus","2023-01-01",30.8,19.9
"Siganus rivulatus","2020-10-14",37.7134,23.3652
"Siganus rivulatus","2014-09-01",35.924,14.3366
"Siganus rivulatus","2013-04-01",36.183,29.643
"Siganus rivulatus","2015-01-01",32.072,24.018
"Siganus rivulatus","2018-01-01",37.31345,26.74014
"Siganus rivulatus","2021-10-31",32.3992,34.8196
"Siganus rivulatus","2005-08-01",35.371,25.135
"Siganus rivulatus","2020-11-05",36.0041,14.2447
"Siganus rivulatus","2020-10-21",37.4055,24.3725
"Siganus rivulatus","2021-11-29",32.262,34.6839
"Siganus rivulatus","2019-01-01",36.9905,25.1243
"Siganus rivulatus","2021-09-01",35.352,33.2495
"Siganus rivulatus","2008-01-01",36.671,35.93
"Siganus rivulatus","2021-09-02",39.0139,26.5572
"Siganus rivulatus","2020-06-10",32.1112,34.7558
"Siganus rivulatus","2020-01-01",35.33288,25.22842
"Siganus rivulatus","2019-01-01",36.98637,25.02089
"Siganus rivulatus","1970-01-01",32.919,13.245
"Siganus rivulatus","2019-01-01",36.9523,25.0695
"Siganus rivulatus","2019-01-01",38.2479,25.8632
"Siganus rivulatus","2021-01-22",32.307,34.8223
"Siganus rivulatus","2021-01-01",34.2183,10.114
"Siganus rivulatus","2018-01-01",35.02833,24.7529
"Siganus rivulatus","2019-01-01",39.1533,20.5542
"Siganus rivulatus","2020-10-28",31.9762,34.66
"Siganus rivulatus","2020-01-01",36.383,25.7313
"Siganus rivulatus","2021-01-01",36.9385,26.9876
"Siganus rivulatus","2019-01-01",39.1087,20.5913
"Siganus rivulatus","2020-11-20",37.6787,26.2851
"Siganus rivulatus","2020-09-20",37.1304,25.2886
"Siganus rivulatus","2020-10-18",37.6689,23.9474
"Siganus rivulatus","2015-01-01",30.414,19.607
"Siganus rivulatus","2020-10-21",37.3716,25.2352
"Siganus rivulatus","2019-01-01",37.8837,23.7208
"Siganus rivulatus","2020-10-14",37.6405,23.1752
"Siganus rivulatus","2020-10-14",37.7528,23.4165
"Siganus rivulatus","2016-01-01",36.82207,27.21792
"Siganus rivulatus","2021-09-24",36.7842,25.7411
"Siganus rivulatus","2015-10-01",36.7535,14.6276
"Siganus rivulatus","2019-01-01",37.9092,23.689
"Siganus rivulatus","2020-01-01",33.2158,11.3592
"Siganus rivulatus","2019-01-01",37.14304,25.28871
"Siganus rivulatus","2010-01-01",36.8868,25.6835
"Siganus rivulatus","2016-10-29",31.9492,34.6467
"Siganus rivulatus","2020-12-01",31.5749,31.7388
"Siganus rivulatus","2020-09-05",36.4222,25.3973
"Siganus rivulatus","2021-08-02",32.9797,34.9446
"Siganus rivulatus","2020-10-14",37.7167,23.4587
"Siganus rivulatus","2020-09-27",32.0257,34.6786
"Siganus rivulatus","2014-11-01",35.9164,35.7889
"Siganus rivulatus","2021-06-24",31.92,34.6733
"Siganus rivulatus","2019-01-01",37.8372,23.7408
"Siganus rivulatus","2020-09-01",36.6562,24.4579
"Siganus rivulatus","2017-10-08",32.9662,34.9393
"Siganus rivulatus","2014-01-01",37.318,26.724
"Siganus rivulatus","2017-01-01",35.01756,25.86096
"Siganus rivulatus","2005-01-01",32.412,15.095
"Siganus rivulatus","2021-08-27",35.4152,24.988
"Siganus rivulatus","1983-01-01",36.569,35.992
"Siganus rivulatus","2020-10-11",37.4533,24.889
"Siganus rivulatus","2006-01-01",36.9253,26.9859
"Siganus rivulatus","2021-09-24",37.0745,25.7081
"Siganus rivulatus","2020-09-24",36.927,26.0305
"Siganus rivulatus","2014-08-13",35.4783,24.1092
"Siganus rivulatus","2020-10-06",37.6853,25.0034
"Siganus rivulatus","2019-01-01",36.90815,25.97037
"Siganus rivulatus","2017-12-04",32.0482,34.6893
"Siganus rivulatus","2021-01-23",32.1607,34.7744
"Siganus rivulatus","2020-10-14",37.7759,23.5382
"Siganus rivulatus","2021-01-01",36.8087,10.3097
"Siganus rivulatus","2020-10-01",32.019,34.676
"Siganus rivulatus","2019-01-01",36.9842,25.1542
"Siganus rivulatus","2013-07-01",35.6081,23.5826
"Siganus rivulatus","2017-01-01",35.88723,23.29454
"Siganus rivulatus","2013-12-01",30.8431,28.9742
"Siganus rivulatus","1983-10-01",32.617,34.914
"Siganus rivulatus","2015-10-23",32.2192,34.7611
"Siganus rivulatus","2016-10-01",34.9956,25.5737
"Siganus rivulatus","2014-09-01",35.051,34.023
"Siganus rivulatus","2020-09-16",36.9999,25.2354
"Siganus rivulatus","2016-10-01",34.9956,25.5737
"Siganus rivulatus","2021-09-25",36.5974,24.9538
"Siganus rivulatus","2013-07-01",35.4716,24.1294
"Siganus rivulatus","2020-10-29",32.1382,34.7345
"Siganus rivulatus","2017-11-27",32.1382,34.7345
"Siganus rivulatus","2020-09-19",36.6978,25.2952
"Siganus rivulatus","2019-01-01",37.1418,25.2946
"Siganus rivulatus","2014-05-19",35.1287,25.743
"Siganus rivulatus","2021-01-01",33.701,10.363
"Siganus rivulatus","2020-10-14",37.6338,23.3209
"Siganus rivulatus","2020-10-14",37.7011,23.5246
"Siganus rivulatus","2019-01-01",36.6003,24.96
"Siganus rivulatus","2020-09-20",36.6301,25.0671
"Siganus rivulatus","2013-12-01",30.8284,29.0169
"Siganus rivulatus","2013-01-01",36.7561,27.10572
"Siganus rivulatus","2017-01-01",37.67651,23.15265
"Siganus rivulatus","2021-01-01",33.2635,11.2305
"Siganus rivulatus","2016-01-01",38.2479,25.8632
"Siganus rivulatus","2020-10-11",37.4606,24.9599
"Siganus rivulatus","2019-01-01",37.65781,24.10146
"Siganus rivulatus","2020-09-12",35.33,25.387
"Siganus rivulatus","2020-01-01",34.2868,10.0962
"Siganus rivulatus","2021-11-01",31.9762,34.66
"Siganus rivulatus","2001-04-01",34.245,35.642
"Siganus rivulatus","2021-08-29",37.212,24.5087
"Siganus rivulatus","2020-10-14",37.7143,23.5318
"Siganus rivulatus","2021-09-06",32.0482,34.6893
"Siganus rivulatus","2020-10-06",37.6259,25.0084
"Siganus rivulatus","2021-05-21",31.9492,34.6467
"Siganus rivulatus","2018-01-01",37.29744,26.76359
"Siganus rivulatus","2016-01-01",37.4149,24.9645
"Siganus rivulatus","2020-09-16",36.9398,24.9623
"Siganus rivulatus","2016-01-01",36.8322,25.5228
"Siganus rivulatus","2020-10-14",37.5625,23.4799
"Siganus rivulatus","2021-01-22",32.1337,34.7345
"Siganus rivulatus","2020-10-14",37.7786,23.485
"Siganus rivulatus","2020-12-29",34.778,32.4023
"Siganus rivulatus","2020-09-23",36.9109,25.6207
"Siganus rivulatus","2019-01-01",37.152,25.2893
"Siganus rivulatus","2020-10-14",37.5318,23.4551
"Siganus rivulatus","2019-05-14",34.996,25.608
"Siganus rivulatus","2014-05-17",35.23,25.74
"Siganus rivulatus","2018-01-01",36.9253,26.9859
"Siganus rivulatus","2020-10-06",37.9461,24.6803
"Siganus rivulatus","2017-10-28",32.082,34.644
"Siganus rivulatus","2017-01-01",37.02285,22.10713
"Siganus rivulatus","2016-01-01",37.5934,24.7076
"Siganus rivulatus","2019-01-01",37.5934,24.7076
"Siganus rivulatus","2008-01-01",36.43889,28.20444
"Siganus rivulatus","2016-01-01",37.5934,24.7076
"Siganus rivulatus","2020-10-21",37.9872,24.7155
"Siganus rivulatus","2020-09-21",37.5618,15.1631
"Siganus rivulatus","2021-01-01",36.3616,25.4025
"Siganus rivulatus","2020-08-15",34.899,33.6417
"Siganus rivulatus","2020-10-26",32.847,34.9393
"Siganus rivulatus","2020-09-17",36.9931,25.1289
"Siganus rivulatus","2020-10-11",37.5155,24.8933
"Siganus rivulatus","2020-10-08",34.9695,25.2713
"Siganus rivulatus","2021-10-14",37.7218,23.3844
"Siganus rivulatus","2014-01-01",37.3053,26.7882
"Siganus rivulatus","2019-01-01",37.0028,21.6252
"Siganus rivulatus","2020-03-18",37.3174,26.72454
"Siganus rivulatus","2021-10-14",37.5532,23.3871
"Siganus rivulatus","2017-01-01",36.943,27.165
"Siganus rivulatus","2021-09-24",36.8737,25.6656
"Siganus rivulatus","2021-08-29",37.1079,24.5068
"Siganus rivulatus","2020-10-27",32.847,34.9393
"Siganus rivulatus","2021-10-14",37.723,23.5404
"Siganus rivulatus","2019-01-01",37.13685,25.42273
"Siganus rivulatus","2021-06-30",32.028,34.6786
"Siganus rivulatus","2000-01-01",37.5084,24.8936
"Siganus rivulatus","2014-01-01",36.22543,22.90337
"Siganus rivulatus","2019-01-01",37.04226,25.07157
"Siganus rivulatus","2019-06-29",31.9492,34.6467
"Siganus rivulatus","2020-10-14",37.5148,23.4
"Siganus rivulatus","2019-01-01",37.63636,23.40088
"Siganus rivulatus","2019-01-01",36.9892,25.1343
"Siganus rivulatus","2021-06-16",31.9492,34.6467
"Siganus rivulatus","2020-10-11",37.4562,24.9545
"Siganus rivulatus","2021-04-18",31.9492,34.6866
"Siganus rivulatus","2020-01-28",31.92,34.6733
"Siganus rivulatus","2011-01-01",37.008,25.244
"Siganus rivulatus","2021-09-24",36.8746,25.9159
"Siganus rivulatus","2019-01-01",36.6003,24.96
"Siganus rivulatus","2020-09-20",36.8389,25.4115
"Siganus rivulatus","2017-01-01",37.1418,25.2946
"Siganus rivulatus","2020-12-11",37.7976,26.6922
"Siganus rivulatus","2019-01-01",37.79183,23.45833
"Siganus rivulatus","2014-04-01",36.353,28.218
"Siganus rivulatus","2020-01-01",35.40408,24.95591
"Siganus rivulatus","2019-01-01",37.9898,24.225
"Siganus rivulatus","2021-02-14",31.92,34.6733
"Siganus rivulatus","2021-08-08",35.1721,24.401
"Siganus rivulatus","2020-01-01",34.1139,10.0574
"Siganus rivulatus","2021-08-14",35.5875,27.0699
"Siganus rivulatus","2021-08-12",37.9549,24.5318
"Siganus rivulatus","2019-01-01",36.7873,24.6383
"Siganus rivulatus","2019-01-01",37.8765,23.719
"Siganus rivulatus","2018-01-01",37.38357,23.24547
"Siganus rivulatus","2019-01-01",36.70231,21.88406
"Siganus rivulatus","2021-01-01",37.7813,26.8936
"Siganus rivulatus","2020-10-14",37.7718,23.4498
"Siganus rivulatus","2003-03-27",36.16022,28.0886
"Siganus rivulatus","2019-01-01",39.4025,20.1037
"Siganus rivulatus","2003-08-19",36.16022,28.0886
"Siganus rivulatus","2012-09-01",35.924,14.3366
"Siganus rivulatus","2019-01-01",36.9892,25.1343
"Siganus rivulatus","2021-10-21",37.1039,24.4959
"Siganus rivulatus","2022-01-01",36.3616,25.4025
"Siganus rivulatus","2020-09-20",37.1421,25.1779
"Siganus rivulatus","2020-09-20",37.7923,24.9871
"Siganus rivulatus","2021-12-18",32.1607,34.7398
"Siganus rivulatus","2020-12-04",32.019,34.676
"Siganus rivulatus","2020-10-14",37.7197,23.4498
"Siganus rivulatus","2021-09-12",31.9492,34.6467
"Siganus rivulatus","2020-09-19",36.6598,25.3944
"Siganus rivulatus","2021-09-25",36.6162,24.9556
"Siganus rivulatus","2017-10-01",32.019,34.676
"Siganus rivulatus","2020-10-21",37.4402,25.2165
"Siganus rivulatus","2021-05-11",32.5072,34.8542
"Siganus rivulatus","2020-10-14",37.7025,23.5277
"Siganus rivulatus","2020-09-25",36.6655,24.8674
"Siganus rivulatus","2017-01-01",37.77736,23.88705
"Siganus rivulatus","2020-10-21",37.5194,24.8899
"Siganus rivulatus","2020-11-05",35.4718,27.1942
"Siganus rivulatus","2020-10-06",37.8683,24.7057
"Siganus rivulatus","2019-01-01",36.93835,27.09187
"Siganus rivulatus","2019-01-01",36.9253,26.9859
"Siganus rivulatus","2019-01-01",38.65348,20.72066
"Siganus rivulatus","2020-08-10",32.1045,34.7185
"Siganus rivulatus","2021-09-12",32.0257,34.6786
"Siganus rivulatus","2012-07-01",35.6028,27.1598
"Siganus rivulatus","2020-10-11",37.3712,24.9055
"Siganus rivulatus","2020-01-01",37.6941,23.4513
"Siganus rivulatus","2019-01-01",36.9678,25.1219
"Siganus rivulatus","2019-07-01",34.9956,25.5737
"Siganus rivulatus","2020-10-06",37.5293,25.2223
"Siganus rivulatus","2013-01-01",36.835,25.841
"Siganus rivulatus","2020-01-01",35.29667,25.72781
"Siganus rivulatus","2020-10-04",35.1453,26.2775
"Siganus rivulatus","2021-04-16",31.7647,34.5084
"Siganus rivulatus","2020-11-03",31.8885,34.6041
"Siganus rivulatus","2019-01-01",36.90754,25.96965
"Siganus rivulatus","2021-10-26",32.847,34.9393
"Siganus rivulatus","2021-06-25",31.9492,34.6866
"Siganus rivulatus","2010-05-01",31.203,29.895
"Siganus rivulatus","2014-10-01",35.9164,35.7889
"Siganus rivulatus","2017-10-02",32.082,34.644
"Siganus rivulatus","2017-01-01",36.4598,25.36889
"Siganus rivulatus","2021-09-01",36.7591,24.5688
"Siganus rivulatus","1974-01-01",33.881,10.227
"Siganus rivulatus","2020-10-14",37.6759,23.1582
"Siganus rivulatus","2021-09-24",36.9018,26.0837
"Siganus rivulatus","2020-10-21",37.4695,25.3744
"Siganus rivulatus","2020-08-12",32.1382,34.7345
"Siganus rivulatus","2019-01-01",38.3196,25.9404
"Siganus rivulatus","2019-01-01",36.9678,25.1219
"Siganus rivulatus","2021-08-03",32.9797,34.9446
"Siganus rivulatus","2021-09-24",36.9287,25.9691
"Siganus rivulatus","2020-08-29",32.019,34.676
"Siganus rivulatus","2019-01-01",37.13675,25.42303
"Siganus rivulatus","2021-04-27",31.9492,34.6467
"Siganus rivulatus","2020-10-21",37.6183,24.272
"Siganus rivulatus","2020-10-21",37.363,24.8899
"Siganus rivulatus","2020-10-06",37.7771,24.8375
"Siganus rivulatus","2021-06-24",32.1337,34.7664
"Siganus rivulatus","2017-01-01",37.66017,24.31227
"Siganus rivulatus","2020-09-19",36.7707,25.2505
"Siganus rivulatus","2020-10-01",31.992,34.6068
"Siganus rivulatus","2013-01-01",37.1418,25.2946
"Siganus rivulatus","2021-09-19",36.9425,24.9491
"Siganus rivulatus","2020-10-14",37.6617,23.1645
"Siganus rivulatus","2014-09-01",35.9164,35.7889
"Siganus rivulatus","2020-11-30",32.505,34.7717
"Siganus rivulatus","2020-09-12",34.9519,24.7545
"Siganus rivulatus","2020-09-20",37.0854,25.3344
"Siganus rivulatus","2017-01-01",37.93028,23.64778
"Siganus rivulatus","2020-01-01",35.7787,10.8356
"Siganus rivulatus","2019-01-01",37.8895,23.707
"Siganus rivulatus","2019-01-01",37.2025,26.805
"Siganus rivulatus","2020-09-29",31.9492,34.6467
"Siganus rivulatus","2017-11-29",32.2462,34.777
"Siganus rivulatus","2014-01-01",36.76805,21.83798
"Siganus rivulatus","2019-01-01",36.8424,25.6854
"Siganus rivulatus","2021-04-24",32.0257,34.6786
"Siganus rivulatus","2003-08-13",36.16022,28.0886
"Siganus rivulatus","2020-10-11",37.4659,24.9532
"Siganus rivulatus","2015-08-01",34.9956,25.5737
"Siganus rivulatus","2020-10-06",37.6133,25.2583
"Siganus rivulatus","2019-01-01",36.6187,24.9854
"Siganus rivulatus","2007-01-01",36.701,27.726
"Siganus rivulatus","2021-09-05",34.9515,24.7543
"Siganus rivulatus","2020-10-02",37.7788,23.7597
"Siganus rivulatus","1995-01-01",32.792,34.944
"Siganus rivulatus","2020-10-14",37.5385,23.3143
"Siganus rivulatus","2018-01-01",37.5084,24.8936
"Siganus rivulatus","2017-10-01",31.992,34.6068
"Siganus rivulatus","2017-01-01",37.24596,22.86576
"Siganus rivulatus","2021-05-28",31.992,34.7052
"Siganus rivulatus","2019-01-01",36.9732,25.0675
"Siganus rivulatus","2019-01-01",37.81338,23.7655
"Siganus rivulatus","2021-09-05",36.429,25.316
"Siganus rivulatus","2020-04-28",31.7647,34.5084
"Siganus rivulatus","2014-12-01",35.9164,35.7889
"Siganus rivulatus","2020-09-16",36.9641,25.1239
"Siganus rivulatus","2020-01-23",32.1112,34.7185
"Siganus rivulatus","2013-12-01",30.8293,29.0145
"Siganus rivulatus","2019-01-01",37.0025,21.6222
"Siganus rivulatus","2013-01-01",36.82392,27.23333
"Siganus rivulatus","2021-12-03",32.019,34.676
"Siganus rivulatus","2020-12-18",32.2192,34.7611
"Siganus rivulatus","2003-03-14",36.16022,28.0886
"Siganus rivulatus","2020-09-20",36.7927,25.2709
"Siganus rivulatus","2008-01-01",36.739,21.678
"Siganus rivulatus","2020-09-24",36.8386,25.6841
"Siganus rivulatus","2012-01-01",36.9302,25.9641
"Siganus rivulatus","2019-01-01",36.7873,24.6383
"Siganus rivulatus","2017-12-21",31.9762,34.5642
"Siganus rivulatus","2004-08-01",35.416,27.123
"Siganus rivulatus","2020-09-25",31.9492,34.6467
"Siganus rivulatus","2021-10-14",37.5824,23.3997
"Siganus rivulatus","2020-08-15",32.262,34.785
"Siganus rivulatus","2018-01-01",37.2888,26.79037
"Siganus rivulatus","2022-07-01",35.822,14.565
"Siganus rivulatus","2020-10-20",37.7578,24.0785
"Siganus rivulatus","2021-08-15",32.262,34.785
"Siganus rivulatus","2020-09-16",37.1419,25.248
"Siganus rivulatus","2020-09-24",36.9105,25.6498
"Siganus rivulatus","2015-01-01",30.9863,20.0665
"Siganus rivulatus","2009-01-01",36.42359,28.19117
"Siganus rivulatus","2021-09-05",32.0527,34.6919
"Siganus rivulatus","2014-10-09",32.9392,34.926
"Siganus rivulatus","2019-01-01",36.8868,25.6835
"Siganus rivulatus","2019-01-01",37.1405,25.22358
"Siganus rivulatus","2003-08-12",36.16022,28.0886
"Siganus rivulatus","2016-01-01",36.835,25.841
"Siganus rivulatus","2021-09-22",37.6969,20.8545
"Siganus rivulatus","2022-01-01",36.4393,28.1582
"Siganus rivulatus","2021-01-01",37.6667,21.3039
"Siganus rivulatus","2021-09-24",36.7831,25.8455
"Siganus rivulatus","2020-10-14",37.6776,23.4622
"Siganus rivulatus","2019-01-01",36.90812,25.97055
"Siganus rivulatus","2021-08-22",31.9492,34.6467
"Siganus rivulatus","2020-08-17",36.6747,24.516
"Siganus rivulatus","2020-10-21",37.5201,24.2832
"Siganus rivulatus","2022-01-01",37.7812,26.8925
"Siganus rivulatus","2020-09-25",32.1112,34.7185
"Siganus rivulatus","2022-01-01",37.6667,21.3039
"Siganus rivulatus","2007-08-24",36.43889,28.20444
"Siganus rivulatus","2022-01-01",35.1465,33.9858
"Siganus rivulatus","2021-01-01",37.5044,22.8645
"Siganus rivulatus","2020-10-14",37.7016,23.462
"Siganus rivulatus","2020-10-21",37.9047,24.9587
"Siganus rivulatus","2020-10-14",37.672,23.4663
"Siganus rivulatus","2019-01-01",36.9302,25.9641
"Siganus rivulatus","2021-09-30",31.9492,34.6467
"Siganus rivulatus","2020-09-20",36.8629,25.4919
"Siganus rivulatus","2021-06-25",32.1112,34.7185
"Siganus rivulatus","2021-09-20",36.9644,25.5641
"Siganus rivulatus","2021-01-01",37.2685,9.8927
"Siganus rivulatus","2020-09-24",36.8287,25.911
"Siganus rivulatus","2020-01-01",33.9264,10.0996
"Siganus rivulatus","2002-08-28",36.16022,28.0886
"Siganus rivulatus","2019-01-01",36.9907,25.124
"Silhouettea aegyptia","1972-01-01",31.188,33.224
"Sillago suezensis","2015-06-12",32.1337,34.7664
"Sillago suezensis","2014-08-15",32.289,34.785
"Sillago suezensis","2015-09-08",35.2561,25.7411
"Sillago suezensis","1994-01-01",36.562,35.613
"Sillago suezensis","2014-06-10",37.6923,26.7265
"Sillago suezensis","2009-01-01",34.785,32.371
"Sillago suezensis","2019-05-26",35.2677,25.7313
"Sillago suezensis","2015-08-12",31.992,34.668
"Sillago suezensis","1984-01-01",36.419,35.833
"Sillago suezensis","2020-02-14",32.1337,34.7664
"Sillago suezensis","2014-06-15",35.3623,33.6497
"Sillago suezensis","2014-08-11",32.1337,34.7345
"Sillago suezensis","2015-02-12",32.1045,34.7185
"Sillago suezensis","2015-08-11",32.1607,34.7398
"Sillago suezensis","2019-08-31",33.8419,10.2693
"Sillago suezensis","2014-06-28",33.7527,10.4238
"Sillago suezensis","2019-05-07",38.7733,23.0193
"Sillago suezensis","2019-06-13",32.505,34.7957
"Sillago suezensis","1983-01-01",36.668,34.556
"Sillago suezensis","2015-05-02",31.9762,34.66
"Sillago suezensis","2017-07-02",35.4783,24.1092
"Sillago suezensis","2020-07-10",40.2705,23.1439
"Sillago suezensis","2019-04-20",31.9762,34.66
"Sillago suezensis","2020-08-13",35.4783,24.1092
"Sillago suezensis","2014-09-12",32.0257,34.6786
"Sillago suezensis","2020-02-10",35.9215,10.6938
"Sillago suezensis","2019-04-17",32.019,34.7185
"Sillago suezensis","2019-08-24",35.8546,12.8635
"Sillago suezensis","2022-08-01",37.0351,28.2817
"Sillago suezensis","2020-01-28",31.7647,34.5084
"Sillago suezensis","2016-08-15",32.289,34.785
"Sillago suezensis","2016-04-02",35.9027,14.5066
"Sillago suezensis","2014-08-12",32.1382,34.7345
"Sillago suezensis","2015-04-02",35.9027,14.5207
"Sillago suezensis","2015-09-12",32.0257,34.6786
"Sillago suezensis","2019-02-28",35.8303,14.5326
"Sillago suezensis","1997-01-01",36.9302,25.9641
"Sillago suezensis","2019-07-27",35.8933,14.5183
"Sillago suezensis","2016-04-23",36.3867,28.2505
"Sillago suezensis","2014-02-22",32.163,34.7398
"Sillago suezensis","2014-08-24",36.361,25.4027
"Sillago suezensis","2015-03-16",37.6998,20.9906
"Sillago suezensis","2014-08-11",32.1607,34.7398
"Sillago suezensis","2017-07-25",37.1371,24.4626
"Sillago suezensis","2014-05-14",32.1112,34.7185
"Sillago suezensis","2019-04-19",32.0482,34.6893
"Sillago suezensis","2014-08-28",32.0527,34.6919
"Sillago suezensis","2017-07-15",32.1112,34.7185
"Sillago suezensis","2015-09-27",32.0257,34.6786
"Sillago suezensis","2014-02-22",31.965,34.6573
"Sillago suezensis","2014-08-26",35.4003,32.9159
"Sillago suezensis","1984-01-01",36.662,34.554
"Sillago suezensis","2008-01-01",36.671,35.93
"Sillago suezensis","2019-08-19",35.8967,14.5001
"Sillago suezensis","2015-01-01",36.852,30.717
"Sillago suezensis","2016-04-28",31.992,34.668
"Sillago suezensis","2014-06-09",31.92,34.6733
"Sillago suezensis","2014-08-10",32.1045,34.7185
"Sillago suezensis","2017-06-11",35.2561,25.7411
"Sillago suezensis","1983-01-01",36.597,35.663
"Sillago suezensis","2015-08-05",35.363,33.1968
"Sillago suezensis","2018-11-01",36.2289,28.15
"Sillago suezensis","2003-04-01",36.5948,36.1702
"Sillago suezensis","2019-07-26",35.6823,34.5793
"Sillago suezensis","2014-05-27",32.1112,34.7558
"Sillago suezensis","2014-08-28",32.0257,34.6786
"Sillago suezensis","2020-06-09",32.1045,34.7185
"Sillago suezensis","2015-08-17",36.7216,24.4582
"Sillago suezensis","2014-07-31",35.2561,25.7411
"Sillago suezensis","2019-08-01",34.6957,11.1967
"Sillago suezensis","2015-06-23",31.9762,34.6201
"Sillago suezensis","2015-03-31",35.9232,14.3429
"Sillago suezensis","2015-08-15",32.262,34.785
"Sillago suezensis","2020-02-27",32.1382,34.7345
"Sillago suezensis","2015-09-25",31.9492,34.6467
"Sillago suezensis","2017-06-29",31.9492,34.6467
"Sillago suezensis","2014-06-07",35.9021,14.5146
"Sillago suezensis","2017-02-12",31.9492,34.6467
"Sillago suezensis","2019-08-11",32.1337,34.7345
"Sillago suezensis","2014-09-05",34.9515,24.7543
"Sillago suezensis","2020-07-26",37.1376,24.4549
"Sillago suezensis","2014-07-15",32.1337,34.66
"Sillago suezensis","2020-07-15",36.9613,25.4056
"Sillago suezensis","2015-08-12",32.0482,34.6893
"Sillago suezensis","2014-05-01",31.8975,34.6121
"Sillago suezensis","2014-08-17",35.3597,33.2003
"Sillago suezensis","2019-07-30",36.3717,28.2298
"Sillago suezensis","2019-05-23",35.3605,33.6457
"Sillago suezensis","2014-02-22",32.2462,34.777
"Sillago suezensis","2011-01-01",36.9302,25.9641
"Sillago suezensis","2016-04-21",32.019,34.676
"Sillago suezensis","2015-02-23",32.0257,34.6786
"Sillago suezensis","1985-01-01",32.076,34.732
"Sillago suezensis","2020-02-11",32.2192,34.7611
"Sillago suezensis","2017-07-15",32.1045,34.7185
"Sillago suezensis","2015-05-26",32.1112,34.7185
"Sillago suezensis","2014-09-21",35.3612,33.1952
"Sillago suezensis","2019-02-11",32.1382,34.7345
"Sillago suezensis","2015-08-28",32.082,34.7079
"Sillago suezensis","2015-09-26",31.9492,34.6467
"Sillago suezensis","2003-04-01",36.5948,36.1702
"Sillago suezensis","2014-09-15",35.3611,33.1886
"Sillago suezensis","2019-08-02",38.7588,22.8615
"Sillago suezensis","2020-09-26",31.9492,34.6467
"Sillago suezensis","2019-02-14",31.92,34.6733
"Solea senegalensis","2018-07-01",35.1407,-2.8233
"Solea senegalensis","2017-10-27",40.5854,22.9306
"Solea senegalensis","2017-10-16",35.8976,14.4956
"Solea senegalensis","1973-01-01",37.263,10.234
"Solea senegalensis","2021-10-30",32.2192,34.7611
"Solea senegalensis","1920-01-01",36.667,-2.402
"Solea senegalensis","2017-09-06",32.0482,34.6893
"Solea senegalensis","1981-01-01",37.186,9.872
"Solea senegalensis","2018-09-26",31.9492,34.6467
"Solea senegalensis","1998-01-01",36.925,8.315
"Ratabulus prionotus","1947-01-01",32.076,34.732
"Sphoeroides marmoratus","2005-01-01",38.118,-0.454
"Sphoeroides marmoratus","2000-12-01",36.498,-4.196
"Sphoeroides marmoratus","1977-01-01",39.994,17.831
"Sphoeroides pachygaster","1987-01-01",35.991,-5.264
"Sphoeroides pachygaster","1987-01-01",36.741,-2.469
"Sphoeroides pachygaster","1999-01-01",37.984,-0.445
"Sphoeroides pachygaster","1992-01-01",43.609,15.581
"Sphoeroides pachygaster","1984-01-01",41.138,1.947
"Sphoeroides pachygaster","2015-01-01",31.192,29.779
"Sphoeroides pachygaster","2021-01-01",39.9946,25.2513
"Sphoeroides pachygaster","1992-01-01",32.321,34.828
"Sphoeroides pachygaster","2015-01-01",36.436,11.048
"Sphoeroides pachygaster","2020-01-01",39.1313,23.7765
"Sphoeroides pachygaster","1979-01-01",39.234,3.213
"Sphoeroides pachygaster","1983-01-01",39.261,3.311
"Sphoeroides pachygaster","1985-01-01",43.725,7.802
"Sphoeroides pachygaster","2008-11-01",37.524,7.949
"Sphoeroides pachygaster","2000-01-01",34.152,11.296
"Sphoeroides pachygaster","1991-01-01",40.079,16.841
"Sphoeroides pachygaster","1993-01-01",41.081,17.232
"Sphoeroides pachygaster","1984-01-01",38.973,9.107
"Sphoeroides pachygaster","1987-01-01",44.282,9.262
"Sphoeroides pachygaster","1988-01-01",44.286,9.301
"Sphoeroides pachygaster","2017-10-23",32.1922,34.7504
"Sphoeroides pachygaster","2014-01-01",36.8085,31.2396
"Sphoeroides pachygaster","2005-08-01",42.699,10.159
"Sphoeroides pachygaster","1996-01-01",42.694,10.207
"Sphoeroides pachygaster","2020-10-29",32.1382,34.7345
"Sphoeroides pachygaster","1998-01-01",44.761,13.722
"Sphoeroides pachygaster","2015-01-01",34.795,13.966
"Sphoeroides pachygaster","1992-01-01",34.458,10.813
"Sphoeroides pachygaster","1990-01-01",36.242,13.974
"Sphoeroides pachygaster","1988-01-01",38.0704,13.978
"Sphoeroides pachygaster","2015-01-01",37.045,10.831
"Sphoeroides pachygaster","2015-01-01",35.03,14.15
"Sphoeroides pachygaster","2015-01-01",34.608,14.2
"Sphoeroides pachygaster","1996-01-01",34.024,10.855
"Sphoeroides pachygaster","2001-01-01",39.787,26.017
"Sphoeroides pachygaster","2014-01-01",36.8969,30.7133
"Sphoeroides pachygaster","2004-01-01",41.331,12.571
"Sphoeroides pachygaster","2006-07-01",36.517,26.394
"Sphoeroides pachygaster","2015-01-01",34.36,11.124
"Sphoeroides pachygaster","2005-01-01",34.642,33.159
"Sphoeroides pachygaster","2005-06-01",37.023,24.431
"Sphoeroides pachygaster","1991-01-01",31.825,34.576
"Sphoeroides pachygaster","2003-08-01",36.6176,25.1409
"Sphoeroides pachygaster","1992-01-01",35.866,27.913
"Sphoeroides pachygaster","1984-01-01",37.466,12.092
"Sphoeroides pachygaster","2020-01-01",40.6098,26.0603
"Sphoeroides pachygaster","2015-01-01",34.398,13.641
"Sphoeroides pachygaster","2015-01-01",34.895,13.966
"Sphoeroides pachygaster","2017-04-01",34.563,35.934
"Sphoeroides pachygaster","2011-10-31",32.2462,34.777
"Sphoeroides pachygaster","1994-01-01",38.137,15.616
"Sphoeroides pachygaster","2015-01-01",34.459,13.223
"Sphoeroides pachygaster","1999-01-01",40.481,26.334
"Sphoeroides pachygaster","2016-10-24",31.992,34.668
"Sphoeroides pachygaster","2015-01-01",34.545,13.835
"Sphoeroides pachygaster","2005-06-01",35.975,23.925
"Sphoeroides pachygaster","2007-01-01",37.9177,15.9774
"Sphoeroides pachygaster","2017-10-01",32.019,34.676
"Sphoeroides pachygaster","2021-10-10",32.0055,34.6733
"Sphoeroides pachygaster","1993-01-01",41.486,19.38
"Sphoeroides pachygaster","2016-04-01",38.717,26.591
"Sphoeroides pachygaster","2006-07-01",37.111,26.736
"Sphyraena chrysotaenia","2019-04-21",36.0619,28.1207
"Sphyraena chrysotaenia","1994-01-01",36.768,34.687
"Sphyraena chrysotaenia","2004-10-15",36.5948,36.1702
"Sphyraena chrysotaenia","2020-07-04",35.6935,34.5629
"Sphyraena chrysotaenia","2018-01-01",33.8903,10.741
"Sphyraena chrysotaenia","2015-06-26",32.1922,34.7504
"Sphyraena chrysotaenia","2018-01-01",36.9499,25.627
"Sphyraena chrysotaenia","2019-04-20",31.9492,34.6866
"Sphyraena chrysotaenia","2017-01-23",32.1337,34.7345
"Sphyraena chrysotaenia","2017-01-01",31.25,29.87
"Sphyraena chrysotaenia","2018-01-01",36.8539,25.686
"Sphyraena chrysotaenia","2011-08-01",36.779,21.935
"Sphyraena chrysotaenia","2019-04-17",31.9492,34.6866
"Sphyraena chrysotaenia","2016-06-25",32.1922,34.7504
"Sphyraena chrysotaenia","2015-11-02",32.082,34.7079
"Sphyraena chrysotaenia","2008-01-01",33.2745,35.1959
"Sphyraena chrysotaenia","2021-11-26",32.019,34.676
"Sphyraena chrysotaenia","2020-07-24",35.6927,34.5604
"Sphyraena chrysotaenia","2019-11-12",31.9492,34.6866
"Sphyraena chrysotaenia","2014-06-15",35.3623,33.6497
"Sphyraena chrysotaenia","2015-06-25",32.1922,34.7504
"Sphyraena chrysotaenia","2017-05-27",31.9492,34.6866
"Sphyraena chrysotaenia","2019-01-08",35.6093,27.1529
"Sphyraena chrysotaenia","1989-01-01",36.569,35.992
"Sphyraena chrysotaenia","2014-07-01",35.1811,25.7123
"Sphyraena chrysotaenia","2014-01-30",32.1337,34.66
"Sphyraena chrysotaenia","1983-01-01",36.773,34.721
"Sphyraena chrysotaenia","2014-12-18",31.9492,34.6866
"Sphyraena chrysotaenia","2021-01-01",37.231,9.865
"Sphyraena chrysotaenia","2013-07-01",35.503,24.174
"Sphyraena chrysotaenia","2018-01-01",36.9482,10.7094
"Sphyraena chrysotaenia","2015-11-24",31.8705,34.4898
"Sphyraena chrysotaenia","2014-08-16",35.3436,33.3542
"Sphyraena chrysotaenia","1962-04-05",36.5948,36.1702
"Sphyraena chrysotaenia","2014-08-17",35.3597,33.2003
"Sphyraena chrysotaenia","2014-08-05",35.363,33.1968
"Sphyraena chrysotaenia","2014-08-19",35.3608,33.2036
"Sphyraena chrysotaenia","2014-05-17",35.4014,25.0349
"Sphyraena chrysotaenia","1983-01-01",36.569,35.992
"Sphyraena chrysotaenia","1984-01-01",36.569,35.992
"Sphyraena chrysotaenia","2014-06-27",35.2663,26.2634
"Sphyraena chrysotaenia","2014-12-03",32.1337,34.7345
"Sphyraena chrysotaenia","2014-08-10",36.4287,27.3536
"Sphyraena chrysotaenia","2013-07-01",35.025,25.89
"Sphyraena chrysotaenia","1994-01-01",36.632,29.064
"Sphyraena chrysotaenia","2019-10-27",32.892,34.9366
"Sphyraena chrysotaenia","2018-07-05",34.9412,25.0501
"Sphyraena chrysotaenia","2021-10-26",35.4783,24.1092
"Sphyraena chrysotaenia","2015-11-24",32.082,34.6148
"Sphyraena chrysotaenia","2021-01-01",36.7491,11.1227
"Sphyraena chrysotaenia","2015-07-28",36.3452,25.4679
"Sphyraena chrysotaenia","2017-12-23",31.92,34.6254
"Sphyraena chrysotaenia","2017-01-01",37.9793,24.3553
"Sphyraena chrysotaenia","2014-12-04",32.1607,34.7398
"Sphyraena chrysotaenia","2019-07-29",33.2627,35.1922
"Sphyraena chrysotaenia","2014-12-19",32.2192,34.6946
"Sphyraena chrysotaenia","1997-01-01",36.6003,24.96
"Sphyraena chrysotaenia","2015-01-08",36.4036,28.2333
"Sphyraena chrysotaenia","2017-01-19",36.4433,28.2414
"Sphyraena chrysotaenia","2017-12-23",32.1337,34.7345
"Sphyraena chrysotaenia","2015-05-18",36.79,10.29
"Sphyraena chrysotaenia","2014-11-01",31.9762,34.66
"Sphyraena chrysotaenia","2002-12-01",36.5948,36.1702
"Sphyraena chrysotaenia","2015-08-03",35.0107,26.1544
"Sphyraena chrysotaenia","2014-08-10",36.1257,29.5788
"Sphyraena chrysotaenia","2018-12-23",35.8904,14.5245
"Sphyraena chrysotaenia","2021-10-01",31.992,34.6068
"Sphyraena chrysotaenia","2014-01-27",32.9392,34.918
"Sphyraena chrysotaenia","2017-01-08",36.1485,29.5985
"Sphyraena chrysotaenia","2010-09-01",32.653,34.851
"Sphyraena chrysotaenia","1997-01-01",36.754,24.5724
"Sphyraena chrysotaenia","2012-07-01",35.757,27.211
"Sphyraena chrysotaenia","2017-05-21",35.3596,33.6159
"Sphyraena chrysotaenia","2018-01-01",36.9115,25.6032
"Sphyraena chrysotaenia","2013-07-01",35.505,23.575
"Sphyraena chrysotaenia","1994-01-01",36.562,35.613
"Sphyraena chrysotaenia","2008-01-01",36.671,35.93
"Sphyraena chrysotaenia","2016-04-28",32.847,34.9074
"Sphyraena chrysotaenia","2021-11-26",32.2192,34.7611
"Sphyraena chrysotaenia","2021-09-01",37.6967,20.9985
"Sphyraena chrysotaenia","2020-01-01",36.9482,10.7094
"Sphyraena chrysotaenia","2019-07-02",35.3619,33.6148
"Sphyraena chrysotaenia","1989-01-01",36.773,34.721
"Sphyraena chrysotaenia","2014-01-01",33.8952,10.6175
"Sphyraena chrysotaenia","1966-01-01",36.776,34.624
"Sphyraena chrysotaenia","2008-01-01",35.914,27.736
"Sphyraena chrysotaenia","2015-12-25",32.1922,34.7504
"Sphyraena chrysotaenia","2005-01-01",32.412,15.095
"Sphyraena chrysotaenia","2014-01-01",35.257,25.745
"Sphyraena chrysotaenia","2015-06-24",32.1112,34.7558
"Sphyraena chrysotaenia","2005-01-01",36.6187,24.9854
"Sphyraena chrysotaenia","2021-01-01",39.9946,25.2513
"Sphyraena chrysotaenia","2014-07-04",34.9312,24.9659
"Sphyraena chrysotaenia","2015-11-08",31.2791,32.2955
"Sphyraena chrysotaenia","2019-07-29",33.2736,35.1818
"Sphyraena chrysotaenia","2014-01-29",32.5432,34.8622
"Sphyraena chrysotaenia","2005-01-01",32.92,12.13
"Sphyraena chrysotaenia","2014-05-23",35.3605,33.6457
"Sphyraena chrysotaenia","2015-01-01",33.8952,10.6175
"Sphyraena chrysotaenia","1989-08-13",37.0395,28.326
"Sphyraena chrysotaenia","2016-02-28",32.1382,34.7345
"Sphyraena chrysotaenia","2014-05-17",35.3596,33.1826
"Sphyraena chrysotaenia","2014-12-26",31.7647,34.5084
"Sphyraena chrysotaenia","2014-08-24",35.3623,33.1945
"Sphyraena chrysotaenia","2014-12-04",32.019,34.676
"Sphyraena chrysotaenia","1993-01-01",35.962,14.435
"Sphyraena chrysotaenia","2022-01-01",36.4393,28.1582
"Sphyraena chrysotaenia","2020-11-30",32.1607,34.7398
"Sphyraena chrysotaenia","1983-01-01",36.212,34.016
"Sphyraena chrysotaenia","2014-07-29",33.2613,35.1842
"Sphyraena chrysotaenia","2014-07-29",39.4638,26.3923
"Sphyraena chrysotaenia","2004-01-01",37.888,26.993
"Sphyraena chrysotaenia","2016-02-26",32.1337,34.7345
"Sphyraena chrysotaenia","2014-07-30",35.1143,24.5511
"Sphyraena chrysotaenia","2018-01-01",36.7476,25.3671
"Sphyraena chrysotaenia","2020-05-11",35.3605,33.1938
"Sphyraena chrysotaenia","2015-08-14",36.4074,27.3584
"Sphyraena chrysotaenia","2016-11-29",32.262,34.6839
"Sphyraena chrysotaenia","2015-05-22",35.3613,33.6306
"Sphyraena chrysotaenia","2019-12-23",32.1337,34.7345
"Sphyraena chrysotaenia","2015-07-01",35.1825,24.3001
"Sphyraena chrysotaenia","2019-01-09",34.9338,24.9826
"Sphyraena chrysotaenia","2008-01-01",36.426,28.185
"Sphyraena chrysotaenia","2017-06-20",32.7762,22.6437
"Sphyraena chrysotaenia",NA,32.0527,34.6919
"Sphyraena chrysotaenia","2018-01-01",36.8474,25.5119
"Sphyraena chrysotaenia","2014-05-19",35.1026,24.564
"Sphyraena chrysotaenia","2016-06-07",36.5272,23.0301
"Sphyraena chrysotaenia","2015-02-27",32.1877,34.7478
"Sphyraena chrysotaenia","2014-06-01",37.1229,25.2858
"Sphyraena chrysotaenia","2018-01-01",33.2558,11.2378
"Sphyraena chrysotaenia","2016-05-27",31.9492,34.6866
"Sphyraena chrysotaenia","2014-06-14",37.5362,22.9197
"Sphyraena chrysotaenia","2014-11-30",32.2192,34.7611
"Sphyraena chrysotaenia","2014-07-06",35.0417,32.2765
"Sphyraena chrysotaenia","2015-11-29",32.3182,34.7052
"Sphyraena chrysotaenia","2014-06-08",35.3595,33.6041
"Sphyraena chrysotaenia","2016-04-28",32.847,34.9393
"Sphyraena chrysotaenia","2019-10-26",32.847,34.9393
"Sphyraena chrysotaenia","2014-10-27",38.8359,22.888
"Sphyraena chrysotaenia","2014-11-24",31.8412,34.4711
"Sphyraena chrysotaenia","2015-12-04",32.0482,34.6893
"Sphyraena chrysotaenia","2014-07-05",35.6927,34.5613
"Sphyraena chrysotaenia","2016-02-28",32.1607,34.668
"Sphyraena chrysotaenia","2016-06-12",35.1665,24.4206
"Sphyraena chrysotaenia","2020-04-18",32.019,34.7185
"Sphyraena chrysotaenia","2014-07-25",35.6816,34.5797
"Sphyraena chrysotaenia","2012-07-01",36.221,27.603
"Sphyraena chrysotaenia","2014-08-11",36.147,29.604
"Sphyraena chrysotaenia","2014-05-28",31.9492,34.6866
"Sphyraena chrysotaenia","1968-02-13",36.774,34.66
"Sphyraena chrysotaenia","2017-07-30",35.1009,24.5629
"Sphyraena chrysotaenia","2014-07-20",34.9269,24.9161
"Sphyraena chrysotaenia","2014-07-26",35.6823,34.5793
"Sphyraena chrysotaenia","2015-08-05",35.5591,27.2042
"Sphyraena chrysotaenia","2021-10-10",32.289,34.7185
"Sphyraena chrysotaenia","2006-08-01",37.034,25.298
"Sphyraena chrysotaenia","2020-05-10",36.4457,28.2287
"Sphyraena chrysotaenia","2017-08-05",35.5373,27.2126
"Sphyraena chrysotaenia","2019-10-30",32.2192,34.7611
"Sphyraena chrysotaenia","1984-01-01",36.773,34.721
"Sphyraena chrysotaenia","2020-04-19",32.0482,34.6893
"Sphyraena chrysotaenia","2020-04-17",34.9297,24.9242
"Sphyraena chrysotaenia","2014-06-07",35.3587,33.6011
"Sphyraena chrysotaenia","1984-01-01",36.212,34.017
"Sphyraena chrysotaenia","2014-08-06",35.5281,27.2053
"Sphyraena chrysotaenia","1970-01-01",32.926,13.255
"Sphyraena chrysotaenia","2014-06-16",35.3612,33.6456
"Sphyraena chrysotaenia","2015-05-27",32.1112,34.7558
"Sphyraena chrysotaenia","2013-07-01",35.021,26.015
"Sphyraena chrysotaenia","2018-04-01",35.3592,25.1063
"Sphyraena chrysotaenia","2005-04-24",36.0803,35.9405
"Sphyraena chrysotaenia","2018-09-29",31.9492,34.6467
"Sphyraena chrysotaenia","2020-10-10",32.289,34.7185
"Sphyraena chrysotaenia","2008-01-01",36.045,27.969
"Sphyraena chrysotaenia","2021-11-27",32.0482,34.6893
"Sphyraena chrysotaenia","2021-11-08",35.3541,25.0429
"Sphyraena chrysotaenia","2017-08-08",36.1644,28.0946
"Sphyraena chrysotaenia","2019-10-28",32.847,34.9393
"Sphyraena chrysotaenia","2019-10-27",32.847,34.9393
"Sphyraena chrysotaenia","2014-08-27",35.3521,33.2511
"Sphyraena chrysotaenia","2017-05-06",35.3575,33.1865
"Sphyraena chrysotaenia","2017-11-30",32.1607,34.7398
"Sphyraena chrysotaenia","2020-10-19",32.1112,34.6547
"Sphyraena chrysotaenia","2015-02-28",31.9492,34.6467
"Sphyraena chrysotaenia","2019-07-19",35.2574,25.7398
"Sphyraena chrysotaenia","2017-08-15",36.4323,27.3934
"Sphyraena chrysotaenia","2015-06-21",35.1773,24.2904
"Sphyraena chrysotaenia","2015-08-25",35.4052,32.9178
"Sphyraena chrysotaenia","2019-09-30",31.9492,34.6467
"Sphyraena chrysotaenia","2019-07-29",33.2541,35.1841
"Sphyraena chrysotaenia","2017-01-07",35.4718,27.1943
"Sphyraena chrysotaenia","2017-06-09",35.5192,23.6524
"Sphyraena chrysotaenia","2015-01-30",32.1045,34.7185
"Sphyraena chrysotaenia","2019-09-28",32.1045,34.7185
"Sphyraena chrysotaenia","2021-10-02",32.082,34.644
"Sphyraena chrysotaenia","2017-07-03",35.5725,24.075
"Sphyraena chrysotaenia","2017-07-12",34.9845,25.2993
"Sphyraena chrysotaenia","2014-07-18",35.3215,25.3926
"Sphyraena chrysotaenia","2019-07-29",33.2598,35.1975
"Sphyraena chrysotaenia","2014-08-02",35.2907,26.2937
"Sphyraena chrysotaenia","2015-12-04",32.0527,34.6919
"Sphyraena chrysotaenia","2017-04-17",32.019,34.7185
"Sphyraena chrysotaenia","2019-08-11",36.147,29.604
"Sphyraena chrysotaenia","2015-07-01",35.2967,25.7276
"Sphyraena chrysotaenia","2008-01-01",36.134,27.707
"Sphyraena chrysotaenia","2014-05-26",35.2677,25.7313
"Sphyraena chrysotaenia","2019-03-01",34.9962,25.5724
"Sphyraena chrysotaenia","2005-01-01",32.081,24.0085
"Sphyraena chrysotaenia","2000-01-01",42.385,18.551
"Sphyraena chrysotaenia","2014-08-26",35.4003,32.9159
"Sphyraena chrysotaenia","2014-07-29",33.2524,35.1834
"Sphyraena chrysotaenia","2018-01-01",36.9546,25.0779
"Sphyraena chrysotaenia","2013-07-01",35.2019,24.1235
"Sphyraena chrysotaenia","2015-02-23",31.9492,34.6467
"Sphyraena chrysotaenia","2014-06-03",36.2851,28.1828
"Sphyraena chrysotaenia","2021-12-26",35.8976,14.4956
"Sphyraena chrysotaenia","2014-06-28",35.009,25.8308
"Sphyraena chrysotaenia","2014-08-12",35.3596,33.1819
"Sphyraena chrysotaenia","2014-05-05",35.0047,25.7402
"Sphyraena chrysotaenia","2018-01-08",36.1476,29.6027
"Sphyraena chrysotaenia","2014-07-10",34.925,24.7782
"Sphyraena chrysotaenia","2017-01-28",32.3992,34.7584
"Sphyraena chrysotaenia","2014-12-18",32.1877,34.7478
"Sphyraena chrysotaenia","2008-01-01",36.424,28.136
"Sphyraena chrysotaenia","2014-05-07",34.9298,24.9241
"Sphyraena chrysotaenia","2014-08-02",35.291,26.2955
"Sphyraena chrysotaenia","2016-04-28",32.9392,34.926
"Sphyraena flavicauda","2005-01-01",32.0806,24.0082
"Sphyraena flavicauda","2005-01-01",32.412,15.095
"Sphyraena flavicauda","2005-05-10",35.4158,25.0203
"Sphyraena flavicauda","2019-02-01",37.0642,7.3886
"Sphyraena flavicauda","2014-01-01",33.9,10.1269
"Sphyraena flavicauda","1991-01-01",32.06,34.756
"Sphyraena flavicauda","2020-08-13",35.3428,33.3473
"Sphyraena flavicauda","2015-05-01",36.328,28.225
"Sphyraena flavicauda","2020-08-04",35.362,33.1991
"Sphyraena flavicauda","2017-01-01",36.9678,25.1219
"Sphyraena flavicauda","2005-01-01",32.92,12.13
"Sphyraena flavicauda","2003-01-01",36.103,28.127
"Sphyraena flavicauda","2018-05-10",35.4158,25.0203
"Sphyraena flavicauda","2009-01-01",36.7101,24.5454
"Sphyraena flavicauda","2003-01-01",36.436,28.191
"Sphyraena flavicauda","2018-05-19",35.128,25.744
"Sphyraena flavicauda","2001-01-01",36.798,30.893
"Sphyrna mokarran","1969-01-01",44.2876,9.2108
"Spratelloides delicatulus","1973-01-01",32.076,34.732
"Spratelloides delicatulus","2014-09-01",35.051,34.023
"Spratelloides delicatulus","2014-09-01",35.0512,34.0226
"Stegastes variabilis","2022-04-01",32.5078,34.8911
"Stegastes variabilis","2013-09-01",35.8913,14.5138
"Stephanolepis diaspros","2014-04-01",36.385,28.247
"Stephanolepis diaspros","2004-10-14",36.5948,36.1702
"Stephanolepis diaspros","2018-07-14",36.1622,29.6294
"Stephanolepis diaspros","2018-09-01",36.9002,15.1526
"Stephanolepis diaspros","2004-01-01",37.215,9.866
"Stephanolepis diaspros","1984-01-01",36.773,34.721
"Stephanolepis diaspros","2018-01-29",32.1922,34.7504
"Stephanolepis diaspros","2019-01-20",32.4375,34.7717
"Stephanolepis diaspros","2017-02-23",32.1922,34.7504
"Stephanolepis diaspros","2021-08-19",35.2075,26.1115
"Stephanolepis diaspros","2023-11-01",38.033,12.92
"Stephanolepis diaspros","2021-01-01",36.3614,25.4053
"Stephanolepis diaspros","2021-01-23",32.082,34.7079
"Stephanolepis diaspros","2021-01-01",39.1313,23.7765
"Stephanolepis diaspros","2014-01-24",32.1922,34.7504
"Stephanolepis diaspros","2018-07-31",35.8193,14.4518
"Stephanolepis diaspros","2021-09-11",35.3589,33.1777
"Stephanolepis diaspros","2011-05-01",35.988,14.326
"Stephanolepis diaspros","2017-02-28",31.9492,34.6467
"Stephanolepis diaspros","2019-01-27",31.7647,34.5084
"Stephanolepis diaspros","2017-02-12",31.9492,34.6467
"Stephanolepis diaspros","2017-07-14",36.1622,29.6294
"Stephanolepis diaspros","2017-07-04",35.957,14.4172
"Stephanolepis diaspros","1997-08-15",34.6868,33.0726
"Stephanolepis diaspros","2010-08-05",35.0412,34.0342
"Stephanolepis diaspros","2018-03-24",32.1922,34.6813
"Stephanolepis diaspros","2001-04-01",34.321,35.713
"Stephanolepis diaspros","2020-01-24",31.9492,34.6467
"Stephanolepis diaspros","2018-07-21",35.002,34.0678
"Stephanolepis diaspros","2014-07-01",37.99,12.024
"Stephanolepis diaspros","1983-01-01",36.569,35.992
"Stephanolepis diaspros","2020-03-31",32.082,34.7079
"Stephanolepis diaspros","2010-05-01",37.458,24.447
"Stephanolepis diaspros","2020-07-01",36.3559,28.2309
"Stephanolepis diaspros","2013-03-01",37.458,27.024
"Stephanolepis diaspros","2017-07-10",36.6617,28.8513
"Stephanolepis diaspros","2020-01-01",39.1313,23.7765
"Stephanolepis diaspros","2005-01-01",32.92,12.13
"Stephanolepis diaspros","2013-05-01",37.458,27.024
"Stephanolepis diaspros","2018-05-19",35.128,25.744
"Stephanolepis diaspros","2019-01-01",39.1313,23.7765
"Stephanolepis diaspros","2020-01-01",35.9052,27.8329
"Stephanolepis diaspros","2019-01-28",32.433,34.7717
"Stephanolepis diaspros","2012-08-05",35.0412,34.0342
"Stephanolepis diaspros","2018-05-21",35.9342,14.3405
"Stephanolepis diaspros","2020-09-01",37.6472,20.8454
"Stephanolepis diaspros","2021-09-22",35.1975,24.0595
"Stephanolepis diaspros","2017-07-10",36.6617,28.8513
"Stephanolepis diaspros","2021-09-22",35.3606,33.1796
"Stephanolepis diaspros","2017-07-10",36.6617,28.8513
"Stephanolepis diaspros","2019-01-24",32.1922,34.6813
"Stephanolepis diaspros","2017-02-27",32.1877,34.7478
"Stephanolepis diaspros","2021-09-10",34.9834,25.3058
"Stephanolepis diaspros","2017-01-13",31.7647,34.5084
"Stephanolepis diaspros","2020-12-19",32.2192,34.6946
"Stephanolepis diaspros","1984-01-01",36.569,35.992
"Stephanolepis diaspros","2019-09-15",35.9071,14.3367
"Stephanolepis diaspros","1983-01-01",36.773,34.721
"Stephanolepis diaspros","2004-10-15",36.5948,36.1702
"Stephanolepis diaspros","2010-09-01",45.538,13.527
"Stephanolepis diaspros","2017-02-12",32.1045,34.7185
"Stephanolepis diaspros","1984-01-01",36.212,34.019
"Stephanolepis diaspros","2018-08-05",35.1821,25.7131
"Stephanolepis diaspros","2017-04-21",32.019,34.676
"Stephanolepis diaspros","2013-02-01",37.458,27.024
"Stephanolepis diaspros","2013-04-01",37.458,27.024
"Stephanolepis diaspros","1994-01-01",36.562,35.613
"Stephanolepis diaspros","2017-02-27",32.1922,34.785
"Stephanolepis diaspros","2002-09-29",36.2978,30.4733
"Stephanolepis diaspros","2021-01-28",32.505,34.8542
"Stephanolepis diaspros","2017-02-23",31.7647,34.4552
"Stephanolepis diaspros","1931-01-01",35.181,35.854
"Stephanolepis diaspros","2022-01-01",39.1313,23.7765
"Stephanolepis diaspros","2018-09-29",36.2978,30.4733
"Stephanolepis diaspros","2015-12-10",36.722,15.1238
"Stephanolepis diaspros","2019-03-24",32.0257,34.6786
"Stephanolepis diaspros","2021-10-08",36.1459,29.607
"Stephanolepis diaspros","2014-08-01",37.191,26.433
"Stephanolepis diaspros","2018-07-10",35.9678,14.3215
"Stephanolepis diaspros","2017-03-23",32.1607,34.668
"Stephanolepis diaspros","2021-08-08",35.6897,27.1909
"Stephanolepis diaspros","2015-08-03",35.8193,14.4518
"Stephanolepis diaspros","2017-01-01",39.1313,23.7765
"Stephanolepis diaspros","2021-08-18",35.0959,24.6912
"Stephanolepis diaspros","2018-01-20",32.4712,34.785
"Stephanolepis diaspros","2022-01-01",40.6098,26.0603
"Stephanolepis diaspros","2019-01-30",32.1045,34.652
"Stephanolepis diaspros","2019-01-01",40.6098,26.0603
"Stephanolepis diaspros","1965-07-17",36.774,34.66
"Stephanolepis diaspros","2020-10-22",35.4167,25.0196
"Stephanolepis diaspros","2014-02-27",32.3407,34.7132
"Stephanolepis diaspros","2021-09-04",35.3613,33.1976
"Stephanolepis diaspros","2020-09-06",35.257,25.7402
"Stephanolepis diaspros","2020-07-01",34.9965,25.7772
"Stephanolepis diaspros","2002-07-14",36.1622,29.6294
"Stephanolepis diaspros","2008-12-01",35.819,14.459
"Stephanolepis diaspros","2017-07-02",36.1614,29.6287
"Stephanolepis diaspros","2011-09-01",35.369,25.121
"Stephanolepis diaspros","1976-01-01",35.346,25.481
"Stephanolepis diaspros","2018-01-28",32.649,34.8435
"Stephanolepis diaspros","2002-07-02",36.1614,29.6287
"Stephanolepis diaspros","2020-09-03",34.9407,25.0513
"Stephanolepis diaspros","2017-09-30",36.3223,28.2106
"Stephanolepis diaspros","2019-02-12",32.0527,34.6919
"Stephanolepis diaspros","2005-01-01",32.412,15.095
"Stephanolepis diaspros","2013-01-01",37.458,27.024
"Stephanolepis diaspros","2020-09-08",34.9913,25.4522
"Stephanolepis diaspros","2001-04-01",34.389,35.726
"Stephanolepis diaspros","2018-04-29",35.8651,14.5683
"Stephanolepis diaspros","2021-08-28",34.9902,25.3563
"Stephanolepis diaspros","2020-09-02",35.3516,33.2755
"Stephanolepis diaspros","2021-08-14",35.5875,27.0699
"Stephanolepis diaspros","2020-08-09",35.7567,27.2105
"Stephanolepis diaspros","2021-01-01",40.6098,26.0603
"Stephanolepis diaspros","2022-01-01",36.3616,25.4025
"Stephanolepis diaspros","2018-09-27",37.5903,24.7022
"Stephanolepis diaspros","2014-08-01",37.175,26.454
"Stephanolepis diaspros","2019-02-26",31.8885,34.6041
"Stephanolepis diaspros","1947-01-01",36.394,27.919
"Stephanolepis diaspros","2018-01-01",39.1313,23.7765
"Stephanolepis diaspros","1988-01-01",38.2332,15.6361
"Stephanolepis diaspros","2007-08-01",35.6937,34.5781
"Stephanolepis diaspros","2008-01-01",33.2745,35.1959
"Stephanolepis diaspros","2001-04-01",34.245,35.642
"Stephanolepis diaspros","2019-07-28",36.9652,27.4616
"Stephanolepis diaspros","1983-01-01",36.212,34.018
"Stephanolepis diaspros","2017-01-01",31.25,29.87
"Stephanolepis diaspros","2019-06-01",35.8193,14.4518
"Stephanolepis diaspros","2021-01-29",32.5432,34.8622
"Stephanolepis diaspros","2000-10-20",36.0101,14.3281
"Stephanolepis diaspros","2011-01-01",35.819,14.459
"Stephanolepis diaspros","2016-07-10",36.6617,28.8513
"Stephanolepis diaspros","2010-07-01",35.984,14.33
"Stephanolepis diaspros","2019-02-01",36.4467,28.2064
"Stephanolepis diaspros","2014-02-28",32.1607,34.668
"Stephanolepis diaspros","2017-01-29",32.2462,34.676
"Stephanolepis diaspros","2014-01-12",31.7647,34.4153
"Stephanolepis diaspros","2007-01-01",36.636,27.959
"Stephanolepis diaspros","2022-01-01",36.3614,25.4053
"Stephanolepis diaspros","2001-04-01",34.301,35.646
"Stephanolepis diaspros","2021-08-12",35.4452,27.0831
"Stephanolepis diaspros","2001-04-01",34.474,35.781
"Stephanolepis diaspros","2007-01-01",36.701,27.726
"Stephanolepis diaspros","2021-10-04",33.2613,35.1842
"Stephanolepis diaspros","2018-09-30",36.3223,28.2106
"Stephanolepis diaspros","2017-03-26",32.0527,34.6919
"Stephanolepis diaspros","2017-02-26",32.1045,34.7185
"Stephanolepis diaspros","2014-02-27",32.0707,34.7026
"Stephanolepis diaspros","2019-01-27",32.9392,34.918
"Stephanolepis diaspros","2008-06-01",36.668,25.142
"Stephanolepis diaspros","2002-07-28",36.9652,27.4616
"Stephanolepis diaspros","2021-09-26",33.2541,35.1841
"Stephanolepis diaspros","2021-09-12",34.9519,24.7545
"Stephanolepis diaspros","2014-08-01",37.174,26.45
"Stephanolepis diaspros","2011-09-01",37.768,23.332
"Stephanolepis diaspros","2019-03-01",36.7486,15.1214
"Stephanolepis diaspros","2017-02-05",36.0734,28.0149
"Stephanolepis diaspros","2020-10-04",33.2627,35.1922
"Stephanolepis diaspros","2014-08-01",37.175,26.453
"Stephanolepis diaspros","2017-02-15",32.0055,34.6733
"Stephanolepis diaspros","2021-09-15",35.3611,33.1886
"Stephanolepis diaspros","2019-03-23",32.1607,34.668
"Stephanolepis diaspros","2021-01-22",32.307,34.7877
"Stephanolepis diaspros","2021-01-20",32.505,34.8542
"Stephanolepis diaspros","2001-07-28",36.9652,27.4616
"Stephanolepis diaspros","2014-01-13",31.7647,34.5084
"Stephanolepis diaspros","2007-01-01",36.668,28.314
"Stephanolepis diaspros","2018-08-09",34.9971,25.3723
"Stephanolepis diaspros","2021-09-20",35.3597,33.2001
"Stephanolepis diaspros","2020-02-22",31.7647,34.4552
"Stephanolepis diaspros","2020-01-01",40.6098,26.0603
"Stephanolepis diaspros","2018-02-24",31.9492,34.6228
"Stephanolepis diaspros","2017-03-23",32.1045,34.7185
"Stephanolepis diaspros","2009-10-01",36.003,14.325
"Stephanolepis diaspros","2017-01-19",32.9662,34.9393
"Stephanolepis diaspros","2019-02-22",31.965,34.6573
"Stephanolepis diaspros","2019-01-28",32.3992,34.7584
"Stephanolepis diaspros","2017-01-01",40.6098,26.0603
"Stephanolepis diaspros","2009-07-01",37.5903,24.7022
"Stephanolepis diaspros","2021-09-21",35.3612,33.1952
"Stephanolepis diaspros","1965-07-17",36.774,34.66
"Stephanolepis diaspros","2001-04-01",33.127,35.131
"Stephanolepis diaspros","2014-02-23",31.9492,34.6467
"Stephanolepis diaspros","2016-09-30",36.3223,28.2106
"Stephanolepis diaspros","2021-08-18",35.4172,24.7869
"Stephanolepis diaspros","2018-06-08",36.027,14.3026
"Stephanolepis diaspros","2018-01-14",31.7647,34.5084
"Stephanolepis diaspros","2019-02-28",32.1337,34.66
"Stephanolepis diaspros","2018-03-19",32.1337,34.7345
"Stephanolepis diaspros","2021-01-12",31.8885,34.3967
"Stephanolepis diaspros","2012-12-01",37.458,27.024
"Stephanolepis diaspros","2005-11-25",36.5948,36.1702
"Stephanolepis diaspros","2021-09-01",35.352,33.2495
"Stephanolepis diaspros","2017-03-27",32.2192,34.6653
"Stephanolepis diaspros","1997-11-10",37.3263,15.0974
"Stephanolepis diaspros","1967-01-01",38.099,13.428
"Stephanolepis diaspros","2021-08-10",35.4751,27.1971
"Stephanolepis diaspros","2020-10-08",36.1459,29.607
"Stephanolepis diaspros","2020-09-05",34.9515,24.7543
"Stephanolepis diaspros","2019-01-01",39.9946,25.2513
"Stephanolepis diaspros","2001-01-12",31.9762,34.5642
"Stephanolepis diaspros","1989-01-01",36.773,34.721
"Stephanolepis diaspros","2018-01-01",35.1278,25.7421
"Stephanolepis diaspros","2017-01-27",32.9662,34.9393
"Stephanolepis diaspros","2015-04-28",31.992,34.668
"Stephanolepis diaspros","2013-09-01",45.584,13.479
"Stephanolepis diaspros","1927-01-01",32.076,34.732
"Stephanolepis diaspros","2022-01-01",40.3719,22.8993
"Stephanolepis diaspros","2019-01-01",36.5343,31.9991
"Stephanolepis diaspros","1984-09-01",38.0322,12.4755
"Stephanolepis diaspros","1967-01-01",40.36,17.242
"Stephanolepis diaspros","2008-07-01",38.337,23.787
"Stephanolepis diaspros","2018-07-10",36.6617,28.8513
"Stephanolepis diaspros","2018-01-01",40.6098,26.0603
"Stephanolepis diaspros","2020-02-23",32.0257,34.6786
"Stephanolepis diaspros","2018-08-04",35.8268,14.4241
"Stephanolepis diaspros","2018-08-01",35.6794,34.578
"Stephanolepis diaspros","2014-02-23",31.92,34.6254
"Stephanolepis diaspros","2015-03-25",32.1607,34.668
"Stephanolepis diaspros","2018-08-04",35.9302,14.3436
"Stephanolepis diaspros","2017-03-25",31.9492,34.6467
"Stephanolepis diaspros","2020-08-11",35.4092,27.1522
"Stephanolepis diaspros","2024-12-01",38.4467,26.605
"Stephanolepis diaspros","2019-04-01",36.7504,15.1177
"Stephanolepis diaspros","2006-07-01",36.699,27.036
"Stephanolepis diaspros","2017-02-27",32.0055,34.6733
"Stephanolepis diaspros","2021-07-01",34.9526,26.1345
"Stephanolepis diaspros","2001-07-19",33.7272,10.9744
"Stephanolepis diaspros","2009-01-01",36.5343,31.9991
"Stephanolepis diaspros","2019-03-25",32.1337,34.66
"Stephanolepis diaspros","2011-07-20",34.9659,34.0833
"Stephanolepis diaspros","2020-09-11",36.7048,24.5477
"Stephanolepis diaspros","2019-01-01",35.015,24.7569
"Stephanolepis diaspros","2014-10-01",38.363,26.813
"Stephanolepis diaspros","2019-01-01",36.9917,25.1391
"Stephanolepis diaspros","2021-01-22",32.1337,34.7345
"Stephanolepis diaspros","2017-02-22",31.7647,34.5084
"Stephanolepis diaspros","2021-01-19",32.9392,34.9553
"Stephanolepis diaspros","2002-07-28",36.9652,27.4616
"Stephanolepis diaspros","2019-07-02",36.1614,29.6287
"Stephanolepis diaspros","2011-07-02",36.1614,29.6287
"Stephanolepis diaspros","2014-03-19",32.082,34.7079
"Stephanolepis diaspros","2020-01-13",31.9762,34.5642
"Stephanolepis diaspros","2007-08-01",36.018,14.289
"Stephanolepis diaspros","2016-07-16",35.8985,14.5303
"Stephanolepis diaspros","2011-05-01",35.984,14.33
"Stephanolepis diaspros","2017-02-11",32.1382,34.7345
"Stephanolepis diaspros","2015-03-23",32.1337,34.7345
"Stephanolepis diaspros","2010-11-01",42.3547,9.5491
"Stephanolepis diaspros","2015-01-27",31.7647,34.5084
"Stephanolepis diaspros","2018-02-28",32.1382,34.7345
"Stephanolepis diaspros","2020-10-10",35.3368,25.2809
"Stephanolepis diaspros","2020-08-01",37.7193,20.9533
"Stephanolepis diaspros","2020-02-23",31.9492,34.6467
"Stephanolepis diaspros","2020-07-01",34.996,25.572
"Stephanolepis diaspros","2021-09-16",35.3583,33.1878
"Stephanolepis diaspros","2017-02-22",32.2462,34.777
"Stephanolepis diaspros","2014-01-28",31.7647,34.5084
"Stephanolepis diaspros","2021-09-26",33.2736,35.1818
"Stephanolepis diaspros","2019-02-23",31.7647,34.4552
"Stephanolepis diaspros","2017-01-28",31.7647,34.5084
"Stephanolepis diaspros","2013-01-01",35.3362,25.3868
"Stephanolepis diaspros","2017-01-01",36.943,27.165
"Stephanolepis diaspros","2001-06-29",36.1787,29.641
"Stephanolepis diaspros","2014-02-21",32.1922,34.6547
"Stephanolepis diaspros","2020-12-01",31.7807,30.6178
"Stephanolepis diaspros","2005-01-01",32.0813,24.0088
"Stephanolepis diaspros","2019-03-24",32.1337,34.7345
"Stephanolepis diaspros","2017-09-11",35.9891,14.3297
"Stephanolepis diaspros","2021-01-01",36.2519,28.1803
"Stephanolepis diaspros","2008-01-01",36.671,35.93
"Stephanolepis diaspros","2018-06-27",36.7774,14.5432
"Stephanolepis diaspros","2019-03-18",32.1922,34.7504
"Stephanolepis diaspros","2014-03-24",32.2462,34.777
"Stephanolepis diaspros","2018-01-01",37.266,9.872
"Stephanolepis diaspros","2017-02-11",32.1337,34.7345
"Stephanolepis diaspros","2015-07-01",37.581,24.7503
"Stephanolepis diaspros","2017-03-19",31.992,34.668
"Stephanolepis diaspros","2013-12-01",35.778,10.8346
"Stephanolepis diaspros","2017-03-30",32.1112,34.7185
"Stephanolepis diaspros","2007-09-08",37.5903,24.7022
"Stephanolepis diaspros","2018-01-01",36.5343,31.9991
"Stephanolepis diaspros","2012-09-09",35.1952,26.2796
"Stephanolepis diaspros","2018-09-08",37.5903,24.7022
"Stephanolepis diaspros","2014-03-24",32.1045,34.652
"Stephanolepis diaspros","1966-01-01",33.921,10.167
"Stephanolepis diaspros","2018-01-28",31.7647,34.5084
"Stephanolepis diaspros","2005-08-01",35.371,25.135
"Stephanolepis diaspros","2019-02-11",32.2192,34.7611
"Stephanolepis diaspros","2021-10-08",34.9695,25.2713
"Stephanolepis diaspros","2021-01-01",35.7769,10.8535
"Stephanolepis diaspros","2014-02-23",31.7647,34.5084
"Stephanolepis diaspros","2017-02-27",32.1337,34.7664
"Stephanolepis diaspros","2017-02-22",31.9492,34.6228
"Stephanolepis diaspros","2015-10-28",36.9821,27.4815
"Stephanolepis diaspros","2015-09-29",36.2978,30.4733
"Stephanolepis diaspros","2018-01-28",31.7647,34.5084
"Stephanolepis diaspros","2019-08-21",34.9245,24.7796
"Stephanolepis diaspros","2018-09-03",35.956,14.4254
"Stephanolepis diaspros","2017-08-18",35.807,14.5319
"Stephanolepis diaspros","2019-08-29",35.8985,14.5303
"Stephanolepis diaspros","2020-09-12",35.5544,24.0849
"Stephanolepis diaspros","2018-09-10",35.3561,25.0424
"Stephanolepis diaspros","2020-02-11",32.1382,34.7345
"Stephanolepis diaspros","2005-06-01",36.744,25.016
"Stephanolepis diaspros","2017-02-22",32.163,34.7398
"Stephanolepis diaspros","2021-10-04",33.2598,35.1975
"Stephanolepis diaspros","2012-09-01",37.458,27.024
"Stephanolepis diaspros","2013-06-01",37.458,27.024
"Stephanolepis diaspros","2016-11-20",40.6917,13.8933
"Stephanolepis diaspros","2019-04-07",35.0167,12.9833
"Stephanolepis diaspros","2014-07-01",36.4765,22.9834
"Stephanolepis diaspros","2019-01-14",31.7647,34.5084
"Stephanolepis diaspros","2019-01-30",32.1337,34.66
"Stephanolepis diaspros","2017-02-26",32.1337,34.7345
"Stephanolepis diaspros","2016-01-01",36.556,31.896
"Stephanolepis diaspros","2017-06-22",35.9874,14.3447
"Stephanolepis diaspros","2019-03-30",32.1382,34.7345
"Stephanolepis diaspros","2019-02-21",36.7268,15.1238
"Stephanolepis diaspros","2021-09-08",35.2561,25.7411
"Stephanolepis diaspros","2001-04-01",34.249,35.656
"Stephanolepis diaspros","2017-03-23",32.1337,34.7345
"Stephanolepis diaspros","2014-09-01",35.04,34.037
"Stephanolepis diaspros","2018-03-30",34.6242,32.7065
"Stephanolepis diaspros","2020-08-11",35.4541,27.1672
"Stephanolepis diaspros","1989-01-01",36.569,35.992
"Stephanolepis diaspros","2020-10-04",33.2524,35.1834
"Stephanolepis diaspros","2002-01-01",41.881,19.273
"Stephanolepis diaspros","2021-01-23",32.1337,34.7345
"Stephanolepis diaspros","2016-08-29",35.2569,25.7397
"Stephanolepis diaspros","2014-03-18",32.1922,34.7504
"Stephanolepis diaspros","2014-02-24",31.9492,34.6467
"Stephanolepis diaspros","2014-02-27",32.1045,34.6254
"Stephanolepis diaspros","2018-09-08",37.581,24.7502
"Stephanolepis diaspros","2021-01-01",36.3616,25.4025
"Stephanolepis diaspros","2017-04-30",32.1607,34.7398
"Stephanolepis diaspros","2014-01-14",31.9492,34.6866
"Stephanolepis diaspros","2018-11-06",35.9874,14.3447
"Stephanolepis diaspros","2018-03-27",32.2192,34.7611
"Stephanolepis diaspros","2021-01-29",32.1382,34.7345
"Stolephorus indicus","2015-05-01",32.179,34.741
"Stolephorus insularis","2009-08-01",32.171,34.681
"Stolephorus insularis","2013-04-01",36.569,36.02
"Stolephorus insularis","2012-06-01",32.056,34.734
"Stolephorus insularis","2012-12-01",36.581,36.05
"Stolephorus insularis","2012-12-06",36.5948,36.1702
"Synanceia verrucosa","2015-01-01",31.3846,34.2839
"Synanceia verrucosa","2010-01-01",31.935,34.696
"Synanceia verrucosa","2013-10-22",34.6868,33.0726
"Synanceia verrucosa","2023-01-01",31.3946,34.3039
"Synanceia verrucosa","2019-10-01",35.5183,35.7135
"Synanceia verrucosa","2012-01-01",33.291,35.184
"Synanceia verrucosa","2008-01-01",31.3646,34.2639
"Synanceia verrucosa","2011-11-01",36.765,35.827
"Synanceia verrucosa","2018-12-01",31.5175,34.4217
"Synanceia verrucosa","2010-10-01",31.3746,34.2739
"Synchiropus sechellensis","2019-04-28",31.992,34.668
"Synchiropus sechellensis","2016-02-01",36.427,28.19
"Synchiropus sechellensis","2014-09-01",36.15,29.592
"Synchiropus sechellensis","2018-10-01",36.6393,22.8811
"Synchiropus sechellensis","2017-03-01",31.16,29.522
"Synchiropus sechellensis","2019-04-20",31.9492,34.6467
"Synchiropus sechellensis","2023-06-01",33.0252,34.9998
"Synchiropus sechellensis","2014-04-01",36.838,30.894
"Synchiropus sechellensis","2016-03-01",34.691,33.202
"Synchiropus sechellensis","2025-09-01",32.1059,20.0539
"Synchiropus sechellensis","2017-12-03",34.6868,33.0726
"Synchiropus sechellensis","2023-06-01",37.8865,23.7005
"Synchiropus sechellensis","2017-11-01",36.117,33.266
"Synchiropus sechellensis","2020-04-20",31.9762,34.66
"Syngnathus rostellatus","1981-01-01",36.69,-4.4
"Syngnathus rostellatus","2017-04-29",32.1607,34.7398
"Synodus randalli","2025-07-19",32.8429,13.0232
"Synodus randalli","2023-11-01",34.8719,25.6678
"Synodus randalli","2025-06-06",34.97656,33.9559
"Synodus randalli","2023-06-01",36.3972,35.4442
"Taractes rubescens","2014-09-01",38.125,13.738
"Taractes rubescens","2025-02-13",38.76941,15.9415
"Terapon jarbua","2020-11-01",31.0802,29.7018
"Terapon jarbua","2020-03-01",32.9099,21.6144
"Terapon jarbua","2009-07-01",32.61,34.91
"Terapon puta","2019-04-20",32.019,34.676
"Terapon puta","2015-04-20",31.9762,34.66
"Terapon puta","2015-04-18",31.9492,34.6866
"Terapon puta","2015-04-27",32.892,34.9127
"Terapon puta","2019-04-28",32.847,34.9074
"Terapon puta","2016-04-29",32.1607,34.668
"Terapon puta","2015-05-20",31.92,34.6733
"Terapon puta","2016-04-18",31.9492,34.6866
"Terapon puta","2015-05-03",31.8885,34.3967
"Terapon puta","2016-05-01",32.2462,34.6387
"Terapon puta","2014-04-29",32.1337,34.66
"Terapon puta","2014-04-16",31.7647,34.4552
"Terapon puta","2021-04-29",32.1607,34.7398
"Terapon puta","2015-05-15",32.5072,34.8728
"Terapon puta","2016-04-24",32.0257,34.6786
"Terapon puta","2015-05-03",31.7647,34.3727
"Terapon puta","2020-02-01",36.75,35.73
"Terapon puta","2015-05-01",32.2192,34.5775
"Terapon puta","2015-05-19",31.92,34.6733
"Terapon puta","2021-11-01",45.205,12.2609
"Terapon puta","2016-04-22",31.7197,34.4233
"Terapon puta","1973-01-01",31.18,33.18
"Terapon puta","2015-04-29",32.1607,34.668
"Terapon puta","1976-01-01",31.18,33.18
"Terapon puta","2015-04-24",32.0257,34.6786
"Terapon puta","2019-04-27",31.9492,34.6467
"Terapon puta","2016-04-29",32.1337,34.66
"Terapon puta","2019-04-24",32.0257,34.6786
"Terapon puta","2015-05-16",32.262,34.5935
"Terapon puta","2015-04-28",32.9662,34.9393
"Terapon puta","2015-04-29",32.1337,34.66
"Terapon puta","2015-04-27",32.847,34.8861
"Terapon puta","2016-04-30",32.1337,34.66
"Terapon puta","2015-05-19",32.1337,34.7664
"Terapon puta","2015-04-16",31.7647,34.5084
"Terapon puta","2015-04-27",31.9492,34.6467
"Terapon puta","2015-04-16",31.92,34.6254
"Terapon puta","2015-05-15",31.9492,34.4685
"Terapon puta","2016-04-28",31.9492,34.6467
"Terapon puta","2015-04-28",31.7647,34.5084
"Terapon theraps","2008-01-01",40.206,23.313
"Terapon theraps","2007-01-01",45.52,13.52
"Tetrosomus gibbosus","1987-01-01",32.076,34.732
"Thunnus albacares","1993-10-01",34.8333,32.3666
"Torquigener flavimaculosus","2019-09-03",34.6923,33.0851
"Torquigener flavimaculosus","2016-07-08",37.9776,23.3383
"Torquigener flavimaculosus","2018-01-01",35.636,34.2385
"Torquigener flavimaculosus","2019-08-12",35.3728,24.4789
"Torquigener flavimaculosus","2021-07-15",36.2314,27.5148
"Torquigener flavimaculosus","2019-01-01",38.3887,23.8167
"Torquigener flavimaculosus","2020-06-09",32.163,34.7398
"Torquigener flavimaculosus","2019-03-25",35.5135,23.6815
"Torquigener flavimaculosus","2019-08-18",35.3426,25.3498
"Torquigener flavimaculosus","2019-01-01",36.975,25.1072
"Torquigener flavimaculosus","2013-09-01",37.032,28.182
"Torquigener flavimaculosus","2019-02-02",34.6695,33.0425
"Torquigener flavimaculosus","2019-01-01",35.41699,26.93234
"Torquigener flavimaculosus","2020-08-10",32.1045,34.7185
"Torquigener flavimaculosus","2021-05-28",31.9492,34.6866
"Torquigener flavimaculosus","2020-08-21",32.1337,34.7345
"Torquigener flavimaculosus","2020-01-01",36.44331,28.2414
"Torquigener flavimaculosus","2021-08-12",31.992,34.668
"Torquigener flavimaculosus","2019-02-01",34.6699,33.0435
"Torquigener flavimaculosus","2018-06-08",36.5596,29.0866
"Torquigener flavimaculosus","2016-01-01",36.95675,22.14257
"Torquigener flavimaculosus","2014-10-18",34.494,35.8657
"Torquigener flavimaculosus","2018-01-01",35.41691,26.93274
"Torquigener flavimaculosus","2016-08-19",35.0305,34.0907
"Torquigener flavimaculosus","2019-01-01",38.469,21.0013
"Torquigener flavimaculosus","2019-09-09",34.9743,25.2735
"Torquigener flavimaculosus","2018-01-01",36.99374,25.13437
"Torquigener flavimaculosus","2020-06-12",32.1337,34.7345
"Torquigener flavimaculosus","2012-06-29",36.30133,28.18809
"Torquigener flavimaculosus","2020-06-18",31.9492,34.6467
"Torquigener flavimaculosus","2017-08-11",34.9573,32.3067
"Torquigener flavimaculosus","2021-06-11",32.1877,34.7478
"Torquigener flavimaculosus","2021-06-01",34.9489,34.0728
"Torquigener flavimaculosus","2019-01-01",37.9237,23.6742
"Torquigener flavimaculosus","2017-01-01",34.95064,26.15735
"Torquigener flavimaculosus","2019-01-01",34.93173,24.95315
"Torquigener flavimaculosus","2020-05-19",32.1337,34.7345
"Torquigener flavimaculosus","2019-08-01",36.7163,28.2374
"Torquigener flavimaculosus","2021-05-17",32.1337,34.7345
"Torquigener flavimaculosus","2018-01-01",36.88724,27.3323
"Torquigener flavimaculosus","2019-01-01",37.00883,25.56955
"Torquigener flavimaculosus","2019-01-01",37.0223,25.0415
"Torquigener flavimaculosus","2019-01-01",36.726,22.569
"Torquigener flavimaculosus","2019-09-01",36.4254,28.1646
"Torquigener flavimaculosus","2020-05-11",32.5072,34.8542
"Torquigener flavimaculosus","2020-06-26",32.1337,34.7664
"Torquigener flavimaculosus","2020-08-11",32.1607,34.7398
"Torquigener flavimaculosus","2020-06-10",32.1112,34.7558
"Torquigener flavimaculosus","2018-01-01",34.9359,24.8262
"Torquigener flavimaculosus","2010-01-01",36.71066,25.28559
"Torquigener flavimaculosus","2021-08-02",32.8717,34.9287
"Torquigener flavimaculosus","2019-06-22",35.8863,27.2349
"Torquigener flavimaculosus","2020-08-28",32.1337,34.7345
"Torquigener flavimaculosus","2018-05-11",32.1045,34.7185
"Torquigener flavimaculosus","2009-11-01",35.87,35.817
"Torquigener flavimaculosus","2021-06-11",32.1337,34.7345
"Torquigener flavimaculosus","2020-06-16",32.1045,34.7185
"Torquigener flavimaculosus","2019-01-01",36.7217,22.5412
"Torquigener flavimaculosus","2020-05-15",32.5522,34.8622
"Torquigener flavimaculosus","2020-01-01",36.41939,25.4808
"Torquigener flavimaculosus","2021-06-25",31.9492,34.6866
"Torquigener flavimaculosus","2021-05-15",32.262,34.5935
"Torquigener flavimaculosus","2019-06-22",35.4164,25.0191
"Torquigener flavimaculosus","2017-01-01",34.99988,25.80548
"Torquigener flavimaculosus","2020-05-20",32.2192,34.7611
"Torquigener flavimaculosus","2019-01-01",36.9892,25.1343
"Torquigener flavimaculosus","2019-01-01",37.1382,26.8678
"Torquigener flavimaculosus","2018-01-01",35.20066,24.13588
"Torquigener flavimaculosus","2020-06-09",32.1045,34.7185
"Torquigener flavimaculosus","2017-12-01",32.3765,23.1753
"Torquigener flavimaculosus","2020-01-01",36.64,29.127
"Torquigener flavimaculosus","2012-01-01",36.34007,28.20777
"Torquigener flavimaculosus","2013-01-01",36.34007,28.20777
"Torquigener flavimaculosus","2002-12-01",36.566,28.929
"Torquigener flavimaculosus","2018-02-02",34.6695,33.0425
"Torquigener flavimaculosus","2018-01-01",34.9415,25.0565
"Torquigener flavimaculosus","2021-05-12",32.1045,34.652
"Torquigener flavimaculosus","2020-08-02",32.9797,34.9446
"Torquigener flavimaculosus","2011-09-01",36.491,35.425
"Torquigener flavimaculosus","2014-01-01",34.92987,24.92437
"Torquigener flavimaculosus","2020-06-24",31.965,34.6946
"Torquigener flavimaculosus","2019-01-01",36.4838,23.0673
"Torquigener flavimaculosus","2021-05-12",32.082,34.644
"Torquigener flavimaculosus","2017-01-01",36.37884,28.2387
"Torquigener flavimaculosus","2018-01-01",36.97819,25.11352
"Torquigener flavimaculosus","2021-06-25",32.1337,34.7664
"Torquigener flavimaculosus","2014-01-01",36.8969,30.7133
"Torquigener flavimaculosus","2021-06-14",32.1337,34.7345
"Torquigener flavimaculosus","2020-12-01",31.7807,30.6178
"Torquigener flavimaculosus","2019-01-01",38.0032,24.3265
"Torquigener flavimaculosus","2020-06-14",32.1607,34.7398
"Torquigener flavimaculosus","2020-05-10",31.992,34.668
"Torquigener flavimaculosus","2021-06-30",32.028,34.6786
"Torquigener flavimaculosus","2020-08-30",32.1337,34.7345
"Torquigener flavimaculosus","2018-01-30",32.1045,34.7185
"Torquigener flavimaculosus","2019-01-29",32.5432,34.8622
"Torquigener flavimaculosus","2018-01-01",35.20066,24.13588
"Torquigener flavimaculosus","2020-06-19",31.992,34.668
"Torquigener flavimaculosus","2019-01-01",34.9256,24.96199
"Torquigener flavimaculosus","2021-08-10",31.992,34.668
"Torquigener flavimaculosus","2019-02-01",36.4467,28.2064
"Torquigener flavimaculosus","2021-05-26",32.3407,34.7983
"Torquigener flavimaculosus","2020-05-12",32.1337,34.66
"Torquigener flavimaculosus","2018-01-01",36.07646,28.07722
"Torquigener flavimaculosus","2012-07-07",36.30133,28.18809
"Torquigener flavimaculosus","2020-01-01",35.2578,25.73459
"Torquigener flavimaculosus","2019-01-01",37.04246,25.07207
"Torquigener flavimaculosus","2019-01-01",38.0387,24.2735
"Torquigener flavimaculosus","2019-01-01",37.1462,26.8603
"Torquigener flavimaculosus","2019-01-01",37.9193,23.687
"Torquigener flavimaculosus","2019-01-01",35.23833,23.72222
"Torquigener flavimaculosus","2019-01-01",37.936,24.0175
"Torquigener flavimaculosus","2002-01-01",36.6199,28.987
"Torquigener flavimaculosus","2018-01-01",36.68726,22.83791
"Torquigener flavimaculosus","2018-10-12",37.0447,26.9261
"Torquigener flavimaculosus","2006-12-01",36.406,28.237
"Torquigener flavimaculosus","2020-01-01",35.10225,24.56313
"Torquigener flavimaculosus","2020-05-21",32.1337,34.7345
"Torquigener flavimaculosus","2021-05-20",32.1337,34.7345
"Torquigener flavimaculosus","2020-01-01",36.06194,28.12066
"Torquigener flavimaculosus","2017-01-01",35.40708,24.95922
"Torquigener flavimaculosus","2021-05-11",32.5072,34.8542
"Torquigener flavimaculosus","2018-01-01",36.88722,27.33239
"Torquigener flavimaculosus","2020-01-01",34.92519,24.77858
"Torquigener flavimaculosus","2018-06-10",37.8411,23.1143
"Torquigener flavimaculosus","2017-12-03",37.02419,22.12226
"Torquigener flavimaculosus","2020-06-09",32.1337,34.7345
"Torquigener flavimaculosus","2020-05-26",32.0482,34.6893
"Torquigener flavimaculosus","2019-06-11",36.5397,29.0529
"Torquigener flavimaculosus","2020-06-11",32.1337,34.7345
"Torquigener flavimaculosus","2020-05-16",32.262,34.5935
"Torquigener flavimaculosus","2018-01-01",36.3881,25.41574
"Torquigener flavimaculosus","2020-06-24",32.1337,34.7664
"Torquigener flavimaculosus","2021-06-14",32.1607,34.7398
"Torquigener flavimaculosus","2011-09-01",36.124,35.889
"Torquigener flavimaculosus","2020-01-01",35.25798,25.732
"Torquigener flavimaculosus","2021-05-17",32.1607,34.668
"Torquigener flavimaculosus","2021-05-19",31.992,34.668
"Torquigener flavimaculosus","2021-06-23",32.1607,34.668
"Torquigener flavimaculosus","2020-05-11",32.1337,34.66
"Torquigener flavimaculosus","2019-01-01",36.23242,28.15306
"Torquigener flavimaculosus","2020-08-28",32.082,34.7079
"Torquigener flavimaculosus","2018-10-01",31.992,34.6068
"Torquigener flavimaculosus","2019-12-31",34.6702,33.0424
"Torquigener flavimaculosus","2021-06-10",37.6923,26.7265
"Torquigener flavimaculosus","2018-03-16",34.6707,33.0448
"Torquigener flavimaculosus","2019-08-11",35.0353,25.9741
"Torquigener flavimaculosus","2021-06-23",32.1337,34.66
"Torquigener flavimaculosus","2018-01-01",35.30871,25.4261
"Torquigener flavimaculosus","2018-05-03",34.9304,24.8019
"Torquigener flavimaculosus","2021-08-08",31.2791,32.2955
"Torquigener flavimaculosus","2019-01-01",36.4835,23.0672
"Torquigener flavimaculosus","2014-09-01",35.051,34.023
"Torquigener flavimaculosus","2020-01-01",34.95573,25.15951
"Torquigener flavimaculosus","2020-06-25",32.1337,34.7345
"Torquigener flavimaculosus","2021-06-17",32.1382,34.7345
"Torquigener flavimaculosus","2018-08-18",34.933,24.9807
"Torquigener flavimaculosus","2019-11-20",34.9606,33.6812
"Torquigener flavimaculosus","2014-01-01",35.2131,26.11349
"Torquigener flavimaculosus","2018-10-01",34.7266,33.3409
"Torquigener flavimaculosus","2019-01-01",36.88739,27.33221
"Torquigener flavimaculosus","2020-01-01",36.28512,28.18276
"Torquigener flavimaculosus","2019-05-01",36.4254,28.1646
"Torquigener flavimaculosus","2021-06-16",32.1337,34.7345
"Torquigener flavimaculosus","2019-01-01",36.9902,25.1095
"Torquigener flavimaculosus","2018-01-01",34.926,24.9596
"Torquigener flavimaculosus","2021-06-25",32.1922,34.7504
"Torquigener flavimaculosus","2020-06-10",32.1337,34.7345
"Torquigener flavimaculosus","2020-08-30",32.1112,34.7185
"Torquigener flavimaculosus","2021-05-27",31.9492,34.6866
"Torquigener flavimaculosus","2020-08-10",31.92,34.6254
"Torquigener flavimaculosus","2019-03-03",35.5246,27.2354
"Torquigener flavimaculosus","2021-06-08",32.1922,34.7504
"Torquigener flavimaculosus","2018-06-22",35.8863,27.2349
"Torquigener flavimaculosus","2019-01-01",39.4015,20.1037
"Torquigener flavimaculosus","2019-07-28",34.9854,33.9692
"Torquigener flavimaculosus","2019-11-02",34.8166,33.6043
"Torquigener flavimaculosus","2018-01-01",36.12429,28.07068
"Torquigener flavimaculosus","2018-09-03",36.8641,25.5171
"Torquigener flavimaculosus","2021-06-19",31.992,34.668
"Torquigener flavimaculosus","2020-08-31",32.1112,34.6547
"Torquigener flavimaculosus","2020-08-28",32.0257,34.6786
"Torquigener flavimaculosus","2020-01-01",36.14891,29.59159
"Torquigener flavimaculosus","2011-09-01",36.73,35.821
"Torquigener flavimaculosus","2021-06-13",32.3407,34.7983
"Torquigener flavimaculosus","2020-07-01",36.4467,28.2064
"Torquigener flavimaculosus","2019-01-01",36.7245,22.556
"Torquigener flavimaculosus","2020-01-01",34.95234,25.13336
"Torquigener flavimaculosus","2021-06-24",32.1112,34.7558
"Torquigener flavimaculosus","2018-07-01",36.5102,22.9736
"Torquigener flavimaculosus","2017-01-01",31.25,29.87
"Torquigener flavimaculosus","2010-10-01",34.826,35.846
"Torquigener flavimaculosus","2019-05-30",36.8873,27.3102
"Torquigener flavimaculosus","2020-08-28",32.0527,34.6919
"Torquigener flavimaculosus","2019-10-13",35.2573,25.7399
"Torquigener flavimaculosus","2018-01-28",32.505,34.8542
"Torquigener flavimaculosus","2020-08-15",32.289,34.785
"Torquigener flavimaculosus","2018-01-01",34.93254,24.80641
"Torquigener flavimaculosus","2019-01-01",35.34702,26.87164
"Torquigener flavimaculosus","2019-01-31",32.1337,34.7345
"Torquigener flavimaculosus","2018-06-07",35.0127,34.0598
"Torquigener flavimaculosus","2017-01-01",36.88722,27.33239
"Torquigener flavimaculosus","2020-08-02",33.0067,35.0085
"Torquigener flavimaculosus","2021-05-10",31.9492,34.6467
"Torquigener flavimaculosus","2018-08-31",34.6146,33.0084
"Torquigener flavimaculosus","2020-05-21",31.9492,34.6467
"Torquigener flavimaculosus","2021-06-10",32.1337,34.7345
"Torquigener flavimaculosus","2020-01-01",34.95633,25.1622
"Torquigener flavimaculosus","2021-08-28",32.1337,34.7345
"Torquigener flavimaculosus","2010-10-21",34.7053,32.4993
"Torquigener flavimaculosus","2020-05-27",31.9492,34.6866
"Torquigener flavimaculosus","2019-06-26",34.6912,33.0825
"Torquigener flavimaculosus","2020-01-01",36.68075,22.3774
"Torquigener flavimaculosus","2017-06-21",35.7675,27.2127
"Torquigener flavimaculosus","2019-10-02",31.92,34.6254
"Torquigener flavimaculosus","2020-08-11",32.1337,34.7345
"Torquigener flavimaculosus","2019-08-01",36.4765,22.9584
"Torquigener flavimaculosus","2019-01-01",39.39088,20.10884
"Torquigener flavimaculosus","2020-05-19",31.992,34.668
"Torquigener flavimaculosus","2014-01-01",36.8085,31.2396
"Torquigener flavimaculosus","2020-01-01",35.121,33.939
"Torquigener flavimaculosus","2020-12-01",31.7498,30.8731
"Torquigener flavimaculosus","2017-01-01",35.16638,24.42023
"Torquigener flavimaculosus","2019-06-06",35.0616,34.0073
"Torquigener flavimaculosus","2021-05-21",31.9762,34.66
"Torquigener flavimaculosus","2019-01-29",32.1382,34.7345
"Torquigener flavimaculosus","2020-05-04",39.1207,26.1464
"Torquigener flavimaculosus","2017-01-01",35.52695,27.20038
"Torquigener flavimaculosus","2002-12-01",36.619,28.969
"Torquigener flavimaculosus","2019-01-01",37.886,23.7193
"Torquigener flavimaculosus","2021-05-11",32.1337,34.66
"Torquigener flavimaculosus","2020-08-15",32.262,34.785
"Torquigener flavimaculosus","2021-05-20",32.2192,34.7611
"Torquigener flavimaculosus","2011-01-01",36.34007,28.20777
"Torquigener flavimaculosus","2020-06-17",32.1112,34.7185
"Torquigener flavimaculosus","2019-01-01",36.726,22.5685
"Torquigener flavimaculosus","2019-01-29",32.1922,34.7504
"Torquigener flavimaculosus","2021-08-15",32.289,34.785
"Torquigener flavimaculosus","2017-01-01",36.6956,22.38023
"Torquigener flavimaculosus","2015-01-01",35.26353,26.26529
"Torquigener flavimaculosus","2020-08-12",32.1382,34.7345
"Torquigener flavimaculosus","2007-01-01",36.406,28.237
"Torquigener flavimaculosus","2021-06-29",31.9762,34.66
"Torquigener flavimaculosus","2017-01-01",35.16607,24.41981
"Torquigener flavimaculosus","2019-01-01",37.9898,24.225
"Torquigener flavimaculosus","2018-09-17",38.158,24.0611
"Torquigener flavimaculosus","2018-01-01",35.01805,25.85781
"Torquigener flavimaculosus","2002-10-01",36.6199,28.987
"Torquigener flavimaculosus","2019-01-01",36.9905,25.1243
"Torquigener flavimaculosus","2019-01-01",37.9188,23.6898
"Torquigener flavimaculosus","2019-10-01",32.019,34.676
"Torquigener flavimaculosus","2020-01-01",35.17959,24.29251
"Torquigener flavimaculosus","2019-01-01",38.0072,24.3245
"Torquigener flavimaculosus","2020-06-18",32.1922,34.7504
"Torquigener flavimaculosus","2017-01-01",36.308,30.166
"Torquigener flavimaculosus","2019-01-01",37.8855,23.7092
"Torquigener flavimaculosus","2020-06-11",32.1607,34.7398
"Torquigener flavimaculosus","2019-01-01",37.8937,23.7093
"Torquigener flavimaculosus","2019-01-12",31.9762,34.5642
"Torquigener flavimaculosus","2019-01-01",38.1699,24.06769
"Torquigener flavimaculosus","2017-09-15",37.02419,22.12226
"Torquigener flavimaculosus","2019-08-21",34.9036,33.639
"Torquigener flavimaculosus","2021-06-12",32.4375,34.7717
"Torquigener flavimaculosus","2021-06-09",32.1337,34.7345
"Torquigener flavimaculosus","2020-05-26",32.1922,34.7504
"Torquigener flavimaculosus","2018-01-01",37.12933,25.23836
"Torquigener flavimaculosus","2020-05-02",31.9762,34.66
"Torquigener flavimaculosus","2021-06-13",32.3407,34.7398
"Torquigener flavimaculosus","2021-06-12",32.3407,34.7398
"Torquigener flavimaculosus","2019-10-01",34.7266,33.3409
"Torquigener flavimaculosus","1987-01-01",32.848,35.042
"Torquigener flavimaculosus","2018-01-01",36.90575,27.28569
"Torquigener flavimaculosus","2020-08-29",31.9762,34.66
"Torquigener flavimaculosus","2021-07-15",32.1337,34.66
"Torquigener flavimaculosus","2020-05-17",32.019,34.676
"Torquigener flavimaculosus","2018-07-11",36.3501,25.3821
"Torquigener flavimaculosus","2021-06-23",31.9762,34.6201
"Torquigener flavimaculosus","2021-06-19",32.0257,34.6786
"Torquigener flavimaculosus","2020-08-12",32.0482,34.6893
"Torquigener flavimaculosus","2021-06-15",32.1337,34.7345
"Torquigener flavimaculosus","2018-08-21",36.4877,22.9374
"Torquigener flavimaculosus","2019-05-26",32.019,34.676
"Torquigener flavimaculosus","2019-01-01",37.8888,23.7087
"Torquigener flavimaculosus","2020-01-01",36.84433,22.2589
"Torquigener flavimaculosus","2020-05-26",32.3992,34.8196
"Torquigener flavimaculosus","2018-06-21",35.7675,27.2127
"Torquigener flavimaculosus","2020-08-29",32.019,34.676
"Torquigener flavimaculosus","2021-05-02",32.019,34.676
"Torquigener flavimaculosus","2020-06-13",32.3182,34.793
"Torquigener flavimaculosus","2021-05-14",32.1112,34.7185
"Torquigener flavimaculosus","2019-01-01",37.9007,23.7042
"Torquigener flavimaculosus","2021-05-11",32.1337,34.7345
"Torquigener flavimaculosus","2021-06-29",32.1382,34.6627
"Torquigener flavimaculosus","2021-06-16",31.9492,34.6467
"Torquigener flavimaculosus","2015-01-01",31.192,29.783
"Torquigener flavimaculosus","2020-05-27",32.1112,34.7558
"Torquigener flavimaculosus","2019-01-13",31.9762,34.5642
"Torquigener flavimaculosus","2021-06-26",32.1922,34.7504
"Torquigener flavimaculosus","2020-05-21",31.9762,34.66
"Torquigener flavimaculosus","2017-01-01",34.93015,24.92361
"Torquigener flavimaculosus","2020-05-12",32.1045,34.652
"Torquigener flavimaculosus","2014-09-20",34.6403,33.013
"Torquigener flavimaculosus","2020-06-24",32.1337,34.7345
"Torquigener flavimaculosus","2019-01-01",37.9052,23.702
"Torquigener flavimaculosus","2019-06-14",32.289,34.785
"Torquigener flavimaculosus","2020-06-29",31.9762,34.66
"Torquigener flavimaculosus","2017-08-16",39.5067,23.0819
"Torquigener flavimaculosus","2017-10-01",32.019,34.676
"Torquigener flavimaculosus","2017-01-30",32.1045,34.652
"Torquigener flavimaculosus","2021-06-08",32.2192,34.7611
"Torquigener flavimaculosus","2019-08-01",36.4905,22.9436
"Torquigener flavimaculosus","2019-01-01",37.8908,23.7075
"Torquigener flavimaculosus","2019-06-21",35.7675,27.2127
"Torquigener flavimaculosus","2017-06-15",34.6665,32.8604
"Torquigener flavimaculosus","2020-06-18",32.0257,34.6786
"Torquigener flavimaculosus","2014-08-15",39.79549,19.92097
"Torquigener flavimaculosus","2020-05-15",31.9492,34.6467
"Torquigener flavimaculosus","2018-08-01",36.4896,22.9428
"Torquigener flavimaculosus","2021-06-23",31.9492,34.6467
"Torquigener flavimaculosus","2019-04-01",32.6094,23.1246
"Torquigener flavimaculosus","2021-06-13",32.505,34.7957
"Torquigener flavimaculosus","2021-06-15",31.9762,34.66
"Torquigener flavimaculosus","2018-09-01",35.1156,24.5474
"Torquigener flavimaculosus","2020-06-23",31.92,34.6254
"Torquigener flavimaculosus","2018-03-09",35.0139,34.0591
"Torquigener flavimaculosus","2020-08-21",32.1112,34.7185
"Torquigener flavimaculosus","2019-01-01",37.9185,23.6907
"Torquigener flavimaculosus","2014-01-01",37.43921,24.94127
"Torquigener flavimaculosus","2019-07-20",34.6385,33.0104
"Torquigener flavimaculosus","2020-06-29",31.9492,34.6467
"Torquigener flavimaculosus","2019-01-01",37.8895,23.707
"Torquigener flavimaculosus","2008-01-01",36.07433,28.01541
"Torquigener flavimaculosus","2020-08-29",31.9492,34.6467
"Torquigener flavimaculosus","2018-08-29",34.8844,33.6374
"Torquigener flavimaculosus","2019-01-01",36.94273,25.62162
"Torquigener flavimaculosus","2021-06-12",32.3182,34.793
"Torquigener flavimaculosus","2020-05-10",31.9492,34.6467
"Torquigener flavimaculosus","2021-06-25",32.1112,34.7185
"Torquigener flavimaculosus","2018-08-08",36.6884,22.8375
"Torquigener flavimaculosus","2021-07-15",32.1112,34.7185
"Torquigener flavimaculosus","2014-08-22",39.79549,19.92097
"Torquigener flavimaculosus","2019-06-28",36.8021,21.7897
"Torquigener flavimaculosus","2018-08-03",35.511,27.2109
"Torquigener flavimaculosus","2013-01-01",36.44821,28.23051
"Torquigener flavimaculosus","2021-05-26",32.019,34.676
"Trachurus indicus","2004-01-01",36.618,36.116
"Trachurus indicus","2004-10-14",36.5948,36.1702
"Trachurus indicus","2004-10-14",36.5948,36.1702
"Triacanthus biaculeatus","2024-12-01",36.0385,35.9627
"Triacanthus biaculeatus","2021-03-01",31.508,34.417
"Tridentiger trigonocephalus","2006-01-01",31.838,34.639
"Trypauchen vagina","2021-01-01",31.4734,30.0238
"Trypauchen vagina","2010-01-01",36.551,35.573
"Trypauchen vagina","2021-02-01",31.4734,30.0238
"Trypauchen vagina","2010-10-01",36.051,32.875
"Trypauchen vagina","2017-12-01",31.865,34.451
"Trypauchen vagina","2021-03-01",31.4734,30.0238
"Trypauchen vagina","2009-12-01",32.595,34.868
"Tylerius spinosissimus","2014-01-01",36.8085,31.2396
"Tylerius spinosissimus","2011-09-01",36.124,35.889
"Tylerius spinosissimus","2011-09-01",36.73,35.821
"Tylerius spinosissimus","2014-01-01",36.8969,30.7133
"Tylerius spinosissimus","2011-09-01",36.491,35.425
"Tylerius spinosissimus","2011-01-01",31.951,34.704
"Tylerius spinosissimus","2010-11-01",36.701,35.836
"Tylerius spinosissimus","2004-02-01",36.4283,28.1644
"Tylerius spinosissimus","2006-12-01",34.06,35.634
"Tylerius spinosissimus","2009-01-01",36.433,28.181
"Tylosurus crocodilus","2022-06-01",45.7015,13.503
"Tylosurus crocodilus","2003-07-01",40.267,23.4481
"Upeneus moluccensis","2020-07-16",32.1337,34.7664
"Upeneus moluccensis","2018-01-01",33.1863,11.4893
"Upeneus moluccensis","2017-05-10",37.46,8.925
"Upeneus moluccensis","2016-12-04",32.1607,34.7398
"Upeneus moluccensis","2019-10-08",36.7388,21.7857
"Upeneus moluccensis","2019-06-26",32.1337,34.7664
"Upeneus moluccensis","2014-10-31",40.3701,9.7351
"Upeneus moluccensis","2015-10-09",32.9662,34.9393
"Upeneus moluccensis","2014-10-02",32.0055,34.6121
"Upeneus moluccensis","2015-06-22",35.0289,34.0603
"Upeneus moluccensis","2019-08-02",35.9877,14.3267
"Upeneus moluccensis","2014-07-04",37.8123,20.913
"Upeneus moluccensis","2014-08-29",41.9044,8.7204
"Upeneus moluccensis","2019-12-18",32.1607,34.7398
"Upeneus moluccensis","2014-05-04",34.7237,33.3421
"Upeneus moluccensis","2017-10-08",32.9662,34.9393
"Upeneus moluccensis","2014-10-30",40.3701,9.7276
"Upeneus moluccensis","2015-11-03",31.965,34.6573
"Upeneus moluccensis","2017-11-27",32.1382,34.6627
"Upeneus moluccensis","1996-05-01",36.586,25.143
"Upeneus moluccensis","2016-12-28",31.7647,34.4552
"Upeneus moluccensis","2017-06-01",40.4137,26.992
"Upeneus moluccensis","2019-06-10",31.965,34.6573
"Upeneus moluccensis","2017-10-09",32.9662,34.9393
"Upeneus moluccensis","2017-05-05",33.6596,10.913
"Upeneus moluccensis","1946-01-01",31.999,34.674
"Upeneus moluccensis","2014-01-01",36.522,27.8729
"Upeneus moluccensis","2014-11-29",32.2192,34.7611
"Upeneus moluccensis","1984-01-01",36.773,34.721
"Upeneus moluccensis","2017-05-26",32.019,34.7185
"Upeneus moluccensis","2017-08-28",32.082,34.7079
"Upeneus moluccensis","2015-01-01",35.5122,12.6351
"Upeneus moluccensis","2014-11-10",37.076,10.945
"Upeneus moluccensis","2014-04-17",31.9492,34.6866
"Upeneus moluccensis","2014-10-08",36.7289,21.7793
"Upeneus moluccensis","2018-05-26",32.019,34.676
"Upeneus moluccensis","2006-06-01",35.425,25.383
"Upeneus moluccensis","2018-09-16",32.1922,34.6813
"Upeneus moluccensis","2016-03-25",31.965,34.6573
"Upeneus moluccensis","2020-10-23",32.2192,34.7611
"Upeneus moluccensis","2017-08-26",36.5071,23.0566
"Upeneus moluccensis","2018-10-24",31.992,34.668
"Upeneus moluccensis","2014-09-27",40.2756,9.6343
"Upeneus moluccensis","2016-01-01",37.1678,10.1946
"Upeneus moluccensis","2017-12-18",32.2192,34.7611
"Upeneus moluccensis","2016-12-26",31.7647,34.4552
"Upeneus moluccensis","2015-12-23",31.8885,34.6041
"Upeneus moluccensis","1984-01-01",36.212,34.021
"Upeneus moluccensis","2014-11-28",32.1922,34.785
"Upeneus moluccensis","2015-11-30",32.2192,34.7611
"Upeneus moluccensis","2019-02-09",37.8776,27.2654
"Upeneus moluccensis","2019-03-09",35.3996,25.0279
"Upeneus moluccensis","2014-06-12",32.1337,34.7664
"Upeneus moluccensis","2016-01-01",36.556,31.896
"Upeneus moluccensis","2020-08-24",35.3623,33.1945
"Upeneus moluccensis","2016-10-27",32.9662,34.9393
"Upeneus moluccensis","2014-11-26",32.019,34.676
"Upeneus moluccensis","2015-01-01",36.2162,27.581
"Upeneus moluccensis","2015-08-22",36.6875,22.8381
"Upeneus moluccensis","2019-09-15",36.3323,28.2136
"Upeneus moluccensis","2014-09-22",41.6385,8.8178
"Upeneus moluccensis","2018-11-03",31.92,34.5855
"Upeneus moluccensis","2017-05-19",32.1337,34.7664
"Upeneus moluccensis","2014-09-05",32.019,34.676
"Upeneus moluccensis","2020-01-01",37.0204,10.9096
"Upeneus moluccensis","2014-01-24",37.11,10.936
"Upeneus moluccensis","2014-01-22",32.307,34.8223
"Upeneus moluccensis","2015-11-29",32.2192,34.7611
"Upeneus moluccensis","2019-10-12",32.1922,34.7504
"Upeneus moluccensis","2019-12-18",32.2192,34.7611
"Upeneus moluccensis","2008-01-01",36.07433,28.01541
"Upeneus moluccensis","2018-09-03",37.6338,26.1767
"Upeneus moluccensis","2020-06-25",31.9492,34.6866
"Upeneus moluccensis","2016-10-30",32.1607,34.7398
"Upeneus moluccensis","2015-11-03",31.8885,34.6041
"Upeneus moluccensis","2017-12-03",33.8129,35.4658
"Upeneus moluccensis","2019-10-09",35.9602,14.3266
"Upeneus moluccensis","1989-01-01",36.569,35.992
"Upeneus moluccensis","2019-06-13",36.2684,28.1695
"Upeneus moluccensis","2016-09-16",32.2192,34.7611
"Upeneus moluccensis","2017-03-11",42.1232,8.5992
"Upeneus moluccensis","2020-10-31",32.3992,34.8196
"Upeneus moluccensis","2015-01-01",36.522,27.8729
"Upeneus moluccensis","2014-01-01",36.2177,27.5709
"Upeneus moluccensis","2001-09-27",31.9492,34.6467
"Upeneus moluccensis","2017-03-23",32.1607,34.668
"Upeneus moluccensis","2014-01-01",36.7633,11.0038
"Upeneus moluccensis","2018-11-26",32.019,34.676
"Upeneus moluccensis","2019-10-31",32.1382,34.6627
"Upeneus moluccensis","2015-01-01",37.925,15.754
"Upeneus moluccensis","2017-10-01",32.019,34.676
"Upeneus moluccensis","2019-10-02",31.92,34.6254
"Upeneus moluccensis","2017-06-10",37.09,10.744
"Upeneus moluccensis","2015-11-30",32.1607,34.7398
"Upeneus moluccensis","2017-02-12",39.7631,2.6397
"Upeneus moluccensis","2020-06-11",32.1877,34.7478
"Upeneus moluccensis","2019-10-17",34.417,11.973
"Upeneus moluccensis","2015-12-09",32.148,20.0205
"Upeneus moluccensis","2017-01-01",31.25,29.87
"Upeneus moluccensis","1994-01-01",36.768,34.687
"Upeneus moluccensis","2018-12-18",31.9492,34.6866
"Upeneus moluccensis","2017-03-01",39.4587,2.5239
"Upeneus moluccensis","2020-10-01",32.019,34.676
"Upeneus moluccensis","2014-01-22",32.1877,34.7478
"Upeneus moluccensis","2015-04-28",32.9662,34.9393
"Upeneus moluccensis","2016-09-20",32.938,35.0708
"Upeneus moluccensis","2016-12-04",32.0482,34.6893
"Upeneus moluccensis","2019-06-10",31.965,34.6946
"Upeneus moluccensis","2020-10-10",31.9762,34.6201
"Upeneus moluccensis","2016-11-25",32.1045,34.652
"Upeneus moluccensis","2015-10-29",32.1382,34.6627
"Upeneus moluccensis","2008-01-01",33.2745,35.1959
"Upeneus moluccensis","2019-04-21",32.019,34.676
"Upeneus moluccensis","2020-10-08",32.9662,34.9845
"Upeneus moluccensis","2016-12-18",32.1607,34.7398
"Upeneus moluccensis","2019-09-20",35.8605,12.8849
"Upeneus moluccensis","2014-09-26",40.2858,9.6407
"Upeneus moluccensis","2014-09-16",32.2192,34.7611
"Upeneus moluccensis","2017-07-12",36.0529,14.1875
"Upeneus moluccensis","2015-06-29",34.7278,33.3394
"Upeneus moluccensis","2019-07-13",38.6623,26.5152
"Upeneus moluccensis","2018-12-19",32.2192,34.6946
"Upeneus moluccensis","2014-05-19",31.992,34.668
"Upeneus moluccensis","2017-08-21",35.9224,14.3399
"Upeneus moluccensis","2019-01-01",34.7174,10.888
"Upeneus moluccensis","2021-08-02",32.9797,34.9446
"Upeneus moluccensis","2020-10-30",32.1337,34.7345
"Upeneus moluccensis","2016-06-13",33.924,35.4934
"Upeneus moluccensis","2016-01-28",32.433,34.7717
"Upeneus moluccensis","2019-04-17",31.9492,34.6866
"Upeneus moluccensis","2015-12-18",32.2192,34.7611
"Upeneus moluccensis","2018-10-08",32.9662,34.9393
"Upeneus moluccensis","2018-10-01",31.9492,34.6467
"Upeneus moluccensis","2014-05-01",41.9283,8.7495
"Upeneus moluccensis","2015-01-01",36.2212,27.6126
"Upeneus moluccensis","2015-09-16",32.2192,34.7611
"Upeneus moluccensis","2015-12-03",32.019,34.676
"Upeneus moluccensis","2018-12-04",32.1607,34.7398
"Upeneus moluccensis","2019-11-26",32.1337,34.6361
"Upeneus moluccensis","2017-12-19",31.9492,34.6866
"Upeneus moluccensis","2016-11-26",32.2192,34.7611
"Upeneus moluccensis","2015-11-04",42.6016,9.5057
"Upeneus moluccensis","2018-10-30",32.2192,34.7611
"Upeneus moluccensis","2017-08-02",31.1521,29.7831
"Upeneus moluccensis","2014-01-11",42.5745,8.8041
"Upeneus moluccensis","2014-01-23",32.1112,34.7185
"Upeneus moluccensis","2019-04-16",31.7647,34.5084
"Upeneus moluccensis","2015-09-25",32.1112,34.7185
"Upeneus moluccensis","2016-11-27",32.1382,34.6627
"Upeneus moluccensis","2019-10-12",32.1922,34.7504
"Upeneus moluccensis","2017-06-08",36.7781,21.9345
"Upeneus moluccensis","2019-12-14",42.4601,18.4194
"Upeneus moluccensis","2019-12-25",32.1922,34.7504
"Upeneus moluccensis","2017-04-14",36.1611,29.6285
"Upeneus moluccensis","2020-06-25",32.1922,34.7504
"Upeneus moluccensis","2014-07-25",42.0041,9.4592
"Upeneus moluccensis","2017-01-24",42.6627,9.4514
"Upeneus moluccensis","2020-10-23",32.1922,34.7504
"Upeneus moluccensis","2014-01-01",35.8164,27.2327
"Upeneus moluccensis","2020-09-13",31.992,34.668
"Upeneus moluccensis","2017-08-11",38.1346,15.5773
"Upeneus moluccensis","2005-01-28",32.3992,34.7584
"Upeneus moluccensis","2014-09-29",31.992,34.668
"Upeneus moluccensis","2014-09-05",31.992,34.668
"Upeneus moluccensis","2017-12-19",31.8975,34.6121
"Upeneus moluccensis","2018-12-20",32.2192,34.6946
"Upeneus moluccensis","1985-01-01",32.076,34.732
"Upeneus moluccensis","2021-09-29",32.1337,34.7345
"Upeneus moluccensis","2014-09-28",32.1337,34.7345
"Upeneus moluccensis","2018-09-25",31.9492,34.6467
"Upeneus moluccensis","2018-10-01",32.019,34.676
"Upeneus moluccensis","2017-07-16",31.8775,19.9072
"Upeneus moluccensis","2016-12-19",32.1337,34.7345
"Upeneus moluccensis","2014-07-11",41.8488,8.756
"Upeneus moluccensis","2020-10-30",32.1607,34.7398
"Upeneus moluccensis","2019-01-09",38.0167,15.65
"Upeneus moluccensis","2017-10-10",37.134,10.258
"Upeneus moluccensis","2015-12-04",32.1607,34.7398
"Upeneus moluccensis","2015-10-02",31.9492,34.6866
"Upeneus moluccensis","2020-09-01",36.5824,35.8304
"Upeneus moluccensis","1994-01-01",36.852,30.721
"Upeneus moluccensis","2019-09-16",32.1922,34.6813
"Upeneus moluccensis","2016-10-15",34.0195,35.6116
"Upeneus moluccensis","2015-08-30",36.4689,22.9685
"Upeneus moluccensis","2018-05-26",32.1112,34.7185
"Upeneus moluccensis","2015-12-22",31.7647,34.5084
"Upeneus moluccensis","2015-09-16",35.8615,12.8525
"Upeneus moluccensis","2020-09-06",32.0482,34.6893
"Upeneus moluccensis","2019-04-28",31.7647,34.5084
"Upeneus moluccensis","2015-05-23",35.3605,33.6457
"Upeneus moluccensis","2017-08-01",36.8487,23.0507
"Upeneus moluccensis","2014-01-23",32.082,34.7079
"Upeneus moluccensis","2003-01-01",36.5948,36.1702
"Upeneus moluccensis","2014-12-14",42.4623,18.4173
"Upeneus moluccensis","2020-06-26",32.1922,34.7504
"Upeneus moluccensis","2015-01-01",35.4934,12.6211
"Upeneus moluccensis","2016-01-24",34.2481,35.652
"Upeneus moluccensis","2020-01-24",37.1283,10.8929
"Upeneus moluccensis","2015-01-01",35.5121,27.2231
"Upeneus moluccensis","2008-01-01",36.045,27.969
"Upeneus moluccensis","2017-05-15",32.5072,34.8728
"Upeneus moluccensis","2019-07-19",38.651,26.5169
"Upeneus moluccensis","2016-08-30",34.25,35.65
"Upeneus moluccensis","2014-01-22",32.307,34.7877
"Upeneus moluccensis","2014-01-18",39.8674,3.1391
"Upeneus moluccensis","2014-11-04",32.0257,34.6786
"Upeneus moluccensis","2019-10-12",31.8705,34.5323
"Upeneus moluccensis","2019-10-18",31.8705,34.5323
"Upeneus moluccensis","2014-10-10",32.289,34.7185
"Upeneus moluccensis","2019-08-03",32.9797,34.9446
"Upeneus moluccensis","2019-02-28",33.9144,35.5097
"Upeneus moluccensis","2014-06-09",31.2158,29.9113
"Upeneus moluccensis","2018-09-26",31.9492,34.6467
"Upeneus moluccensis","2019-09-25",31.9492,34.6467
"Upeneus moluccensis","1984-01-01",36.569,35.992
"Upeneus moluccensis","2019-12-18",32.1877,34.7478
"Upeneus moluccensis","2014-09-27",38.0173,15.6426
"Upeneus moluccensis","2014-01-01",36.5484,26.3532
"Upeneus moluccensis","2014-01-01",36.2495,27.6399
"Upeneus moluccensis","2015-01-01",33.4908,11.1177
"Upeneus moluccensis","2016-09-12",36.8939,22.2254
"Upeneus moluccensis","1994-01-01",36.632,29.064
"Upeneus moluccensis","2019-11-12",31.9492,34.6866
"Upeneus moluccensis","2014-06-25",32.1337,34.7345
"Upeneus moluccensis","2020-06-10",32.1337,34.7345
"Upeneus moluccensis","2014-09-03",35.9238,14.3348
"Upeneus moluccensis","2014-01-23",32.1607,34.7744
"Upeneus moluccensis","1954-01-01",36.771,34.729
"Upeneus moluccensis","2015-12-23",31.7647,34.5084
"Upeneus moluccensis","2014-09-12",37.5538,-0.9681
"Upeneus moluccensis","1989-01-01",36.773,34.721
"Upeneus moluccensis","1983-01-01",36.773,34.721
"Upeneus moluccensis","2015-08-23",35.4093,27.1528
"Upeneus moluccensis","2015-11-29",32.2462,34.777
"Upeneus moluccensis","2019-06-20",37.7219,20.9964
"Upeneus moluccensis","2018-12-19",32.1922,34.7504
"Upeneus moluccensis","2019-09-22",35.5087,12.6264
"Upeneus moluccensis","1994-01-01",36.507,34.281
"Upeneus moluccensis","2002-01-01",35.321,23.407
"Upeneus moluccensis","2016-12-22",32.1607,34.668
"Upeneus moluccensis","2016-03-23",32.1607,34.668
"Upeneus moluccensis","2014-09-27",31.992,34.668
"Upeneus moluccensis","2016-10-01",34.3163,35.7113
"Upeneus moluccensis","2015-10-26",42.389,10.8898
"Upeneus moluccensis","2015-01-01",41.8825,15.5003
"Upeneus moluccensis","2016-05-10",37.239,10.331
"Upeneus moluccensis","2015-01-01",41.8818,15.4092
"Upeneus moluccensis","1997-01-12",31.7647,34.4153
"Upeneus moluccensis","1997-01-29",32.2462,34.676
"Upeneus moluccensis","2015-10-02",32.082,34.644
"Upeneus moluccensis","1994-01-01",36.991,28.116
"Upeneus moluccensis","2015-08-14",31.2198,16.5886
"Upeneus moluccensis","2016-01-01",36.4588,27.334
"Upeneus moluccensis","2017-12-26",39.4268,3.2761
"Upeneus moluccensis","2015-09-26",31.9492,34.6467
"Upeneus moluccensis","2020-12-01",31.5715,30.1064
"Upeneus moluccensis","2019-10-01",36.5824,35.8304
"Upeneus moluccensis","2018-10-30",32.1607,34.7398
"Upeneus moluccensis","2020-10-30",32.2192,34.7611
"Upeneus moluccensis","2019-06-10",32.1337,34.7345
"Upeneus moluccensis","2008-01-01",36.426,28.185
"Upeneus moluccensis","2017-05-10",32.847,34.9074
"Upeneus moluccensis","2016-12-03",32.1337,34.7345
"Upeneus moluccensis","2019-06-11",32.1337,34.7345
"Upeneus moluccensis","2017-07-22",35.9238,14.3348
"Upeneus moluccensis","2017-04-02",32.1434,20.0697
"Upeneus moluccensis","1947-01-01",36.138,28.139
"Upeneus moluccensis","2017-08-01",36.9404,26.9863
"Upeneus moluccensis","2019-06-16",35.3612,33.6456
"Upeneus moluccensis","2018-09-06",32.0482,34.6893
"Upeneus moluccensis","2016-05-05",35.7545,10.8397
"Upeneus moluccensis","2019-04-16",31.92,34.6254
"Upeneus moluccensis","2017-07-13",35.9877,14.3267
"Upeneus moluccensis","2015-12-25",31.7647,34.5882
"Upeneus moluccensis","2017-08-02",35.9238,14.3348
"Upeneus moluccensis","2019-04-27",32.892,34.9366
"Upeneus moluccensis","2018-10-31",32.1922,34.7504
"Upeneus moluccensis","2015-08-15",32.289,34.785
"Upeneus moluccensis","2016-06-30",34.25,35.65
"Upeneus moluccensis","2014-01-01",36.7005,26.9682
"Upeneus moluccensis","2017-11-10",37.239,9.174
"Upeneus moluccensis","2015-01-01",35.2618,26.265
"Upeneus moluccensis","1998-01-01",35.181,35.854
"Upeneus moluccensis","2014-01-01",36.6205,27.1868
"Upeneus moluccensis","2019-10-29",32.1382,34.7345
"Upeneus moluccensis","2014-11-29",32.2552,34.8063
"Upeneus moluccensis","2015-07-04",41.7131,9.4035
"Upeneus moluccensis","2019-10-23",32.1922,34.7504
"Upeneus moluccensis","2015-11-28",31.9492,34.6866
"Upeneus moluccensis","2018-10-08",32.8717,34.9287
"Upeneus moluccensis","2016-01-01",35.36608,25.03936
"Upeneus moluccensis","2019-11-25",31.9492,34.5642
"Upeneus moluccensis","2021-09-29",31.9492,34.6467
"Upeneus moluccensis","2014-09-26",31.9492,34.6467
"Upeneus moluccensis","2016-08-22",35.9238,14.3348
"Upeneus moluccensis","2015-12-21",31.7647,34.5084
"Upeneus moluccensis","1983-01-01",36.569,35.992
"Upeneus moluccensis","2017-08-23",39.8022,4.2817
"Upeneus moluccensis","2019-03-21",34.9559,34.0846
"Upeneus moluccensis","2019-01-01",34.5173,10.4989
"Upeneus moluccensis","2016-07-24",34.3942,35.7727
"Upeneus moluccensis","2020-08-19",36.7738,24.5811
"Upeneus moluccensis","2016-12-05",33.9086,35.5596
"Upeneus moluccensis","2020-10-28",31.9762,34.66
"Upeneus moluccensis","2015-11-01",31.9762,34.66
"Upeneus moluccensis","2015-02-27",32.1112,34.7558
"Upeneus moluccensis","2019-10-19",32.1112,34.6547
"Upeneus moluccensis","2018-08-10",37.0177,21.6195
"Upeneus moluccensis","2015-12-24",31.7647,34.5084
"Upeneus moluccensis","2015-12-25",31.7647,34.5084
"Upeneus moluccensis","2015-12-04",32.0482,34.6893
"Upeneus moluccensis","1983-01-01",36.212,34.02
"Upeneus moluccensis","2018-09-12",32.0257,34.6786
"Upeneus moluccensis","2016-11-24",32.1045,34.652
"Upeneus moluccensis","2014-05-10",37.252,10.429
"Upeneus moluccensis","2016-03-03",33.28,35.19
"Upeneus moluccensis","2018-09-28",32.1045,34.7185
"Upeneus moluccensis","2015-05-14",32.847,34.9074
"Upeneus moluccensis","2015-08-02",36.937,24.7456
"Upeneus moluccensis","2018-01-01",34.996,25.572
"Upeneus moluccensis","2017-05-22",35.3613,33.6306
"Upeneus moluccensis","2018-01-30",32.1337,34.66
"Upeneus moluccensis","2015-01-30",36.4509,28.2135
"Upeneus moluccensis","2015-11-27",32.1382,34.7345
"Upeneus moluccensis","2014-10-11",32.143,20.0335
"Upeneus moluccensis","2008-01-01",35.914,27.736
"Upeneus moluccensis","2014-08-09",36.2366,22.9039
"Upeneus moluccensis","2015-12-23",31.92,34.6254
"Upeneus moluccensis","2015-08-02",31.0307,29.5921
"Upeneus moluccensis","2018-06-09",32.1337,34.7345
"Upeneus moluccensis","2019-09-29",32.1337,34.7345
"Upeneus moluccensis","2016-03-21",34.9559,34.0838
"Upeneus moluccensis","2019-07-04",35.9238,14.3348
"Upeneus moluccensis","2017-03-20",34.9561,34.083
"Upeneus moluccensis","2008-01-01",36.424,28.136
"Upeneus moluccensis","2014-11-28",31.92,34.6733
"Upeneus moluccensis","2014-01-01",33.5101,11.1886
"Upeneus moluccensis","2017-01-11",41.5531,2.5109
"Upeneus moluccensis","2014-08-02",31.0307,29.5921
"Upeneus moluccensis","2015-04-27",32.847,34.8861
"Upeneus moluccensis","2016-05-17",35.3596,33.1826
"Upeneus moluccensis","2014-09-23",35.9238,14.3348
"Upeneus moluccensis","2015-03-20",44.3888,8.9783
"Upeneus moluccensis","2016-08-23",41.8524,9.4066
"Upeneus moluccensis","1994-01-01",36.581,36.111
"Upeneus moluccensis","2015-09-06",32.0482,34.6893
"Upeneus moluccensis","2015-11-22",40.6918,13.8936
"Upeneus moluccensis","2016-11-24",32.1337,34.66
"Upeneus moluccensis","1976-01-01",38.31701,21.64222
"Upeneus moluccensis","2017-05-10",32.847,34.9393
"Upeneus moluccensis","2014-12-28",31.7647,34.5084
"Upeneus moluccensis","2018-05-10",32.847,34.9074
"Upeneus moluccensis","2014-09-25",32.1112,34.7185
"Upeneus moluccensis","2020-01-01",41.9179,15.342
"Upeneus moluccensis","2020-09-21",33.55,35.35
"Upeneus moluccensis","2014-07-23",35.9238,14.3348
"Upeneus moluccensis","2015-08-03",37.0354,24.6497
"Upeneus moluccensis","2018-10-18",31.8705,34.5323
"Upeneus moluccensis","2015-01-01",37.4891,13.0702
"Upeneus moluccensis","2019-12-03",32.1382,34.7345
"Upeneus moluccensis","2014-08-02",30.9697,29.485
"Upeneus moluccensis","2016-10-29",32.1382,34.7345
"Upeneus moluccensis","2014-01-01",36.2186,27.5542
"Upeneus moluccensis","1984-01-01",32.076,34.732
"Upeneus moluccensis","2018-11-12",31.7647,34.5084
"Upeneus moluccensis","2019-07-26",35.2966,25.4841
"Upeneus moluccensis","2015-01-01",34.9824,25.2804
"Upeneus moluccensis","2017-09-01",35.352,33.2495
"Upeneus moluccensis","2016-12-26",31.7647,34.5882
"Upeneus moluccensis","2014-10-31",32.0257,34.6228
"Upeneus moluccensis","2007-01-01",36.725,27.994
"Upeneus moluccensis","2016-08-02",30.9697,29.485
"Upeneus moluccensis","2014-10-10",37.041,11.105
"Upeneus moluccensis","2017-11-01",41.8472,3.138
"Upeneus moluccensis","2015-12-23",32.1337,34.7345
"Upeneus moluccensis","2018-09-28",31.9492,34.6467
"Upeneus moluccensis","2016-08-06",35.9238,14.3348
"Upeneus moluccensis","2017-10-01",31.992,34.6068
"Upeneus moluccensis","2018-12-03",32.1337,34.7345
"Upeneus moluccensis","2018-10-01",31.992,34.6068
"Upeneus moluccensis","2016-11-01",42.9685,10.4812
"Upeneus moluccensis","2014-08-14",35.9238,14.3348
"Upeneus moluccensis","1954-01-01",32.076,34.732
"Upeneus moluccensis","2015-02-27",31.992,34.7052
"Upeneus moluccensis","2019-04-20",31.9492,34.6467
"Upeneus moluccensis","2019-06-10",32.1112,34.7558
"Upeneus moluccensis","2018-10-29",32.1337,34.7345
"Upeneus moluccensis","2019-05-23",31.3219,30.0575
"Upeneus moluccensis","2015-01-01",41.2058,16.6075
"Upeneus moluccensis","2014-12-22",31.7647,34.5084
"Upeneus moluccensis","2015-11-29",32.1382,34.7345
"Upeneus moluccensis","2014-04-19",32.0482,34.6893
"Upeneus moluccensis","2017-02-10",37.162,10.861
"Upeneus moluccensis","2015-01-01",38.74,16.08
"Upeneus moluccensis","2016-12-03",35.0589,32.3464
"Upeneus moluccensis","2014-12-24",40.0122,3.7936
"Upeneus moluccensis","2014-10-29",31.9492,34.6467
"Upeneus moluccensis","2017-12-27",31.7647,34.4153
"Upeneus moluccensis","2014-08-05",35.363,33.1968
"Upeneus moluccensis","2014-11-15",41.4695,9.2697
"Upeneus moluccensis","2019-06-09",31.92,34.6733
"Upeneus moluccensis","2017-08-01",37.8065,23.8453
"Upeneus moluccensis","2014-09-12",32.0257,34.6786
"Upeneus moluccensis","2014-09-12",31.9492,34.6467
"Upeneus moluccensis","2015-09-28",34.0157,35.6224
"Upeneus moluccensis","2014-11-29",35.2418,12.6542
"Upeneus moluccensis","2014-12-26",31.7647,34.5084
"Upeneus moluccensis","2014-01-23",32.1337,34.7345
"Upeneus moluccensis","2017-05-15",42.9944,10.497
"Upeneus moluccensis","2017-11-06",33.1424,35.1536
"Upeneus moluccensis","2018-09-05",32.0527,34.6919
"Upeneus moluccensis","2013-12-01",30.8279,29.0069
"Upeneus moluccensis","2020-12-01",31.773,30.408
"Upeneus moluccensis","2018-09-15",35.8753,12.8651
"Upeneus moluccensis","2016-01-30",33.9307,35.5113
"Upeneus moluccensis","2015-04-28",32.9392,34.926
"Upeneus moluccensis","2019-05-27",32.1112,34.7558
"Upeneus moluccensis","2015-02-14",31.92,34.6733
"Upeneus moluccensis","2017-05-14",32.847,34.9393
"Upeneus moluccensis","2007-01-01",36.701,27.726
"Upeneus moluccensis","2019-12-22",31.7647,34.5084
"Upeneus moluccensis","2019-12-24",31.7647,34.5084
"Upeneus moluccensis","2015-02-12",32.0527,34.6919
"Upeneus moluccensis","2019-11-25",31.7647,34.4153
"Upeneus moluccensis","2016-12-23",31.7647,34.5084
"Upeneus moluccensis","2014-10-28",32.082,34.644
"Upeneus moluccensis","2020-08-03",32.9797,34.9446
"Upeneus moluccensis","2019-06-15",35.3623,33.6497
"Upeneus moluccensis","2016-01-01",38.41669,26.13403
"Upeneus moluccensis","2017-08-19",35.3608,33.2036
"Upeneus moluccensis","1995-01-01",36.919,26.816
"Upeneus moluccensis","2018-01-01",41.8814,15.4954
"Upeneus moluccensis","2015-11-30",35.0062,25.7394
"Upeneus moluccensis","2015-11-24",32.1337,34.7345
"Upeneus moluccensis","2017-12-23",31.7647,34.5084
"Upeneus moluccensis","2014-01-15",38.283,-0.507
"Upeneus moluccensis","2014-09-05",32.0527,34.6919
"Upeneus moluccensis","2020-10-31",32.2462,34.777
"Upeneus moluccensis","2008-01-01",36.671,35.93
"Upeneus moluccensis","2014-09-18",35.9877,14.3267
"Upeneus moluccensis","2014-01-01",36.4588,27.334
"Upeneus moluccensis","2015-01-01",41.8823,15.4634
"Upeneus moluccensis","2015-01-01",36.6385,27.8353
"Upeneus moluccensis","2019-11-12",31.92,34.6733
"Upeneus moluccensis","2014-01-01",36.6385,27.8353
"Upeneus moluccensis","2016-03-24",32.0257,34.6786
"Upeneus moluccensis","2017-10-28",31.992,34.6068
"Upeneus moluccensis","2017-05-11",32.5072,34.8542
"Upeneus moluccensis","2019-11-30",32.262,34.6839
"Upeneus moluccensis","2019-10-09",32.847,34.9074
"Upeneus moluccensis","2015-12-23",32.0055,34.6733
"Upeneus moluccensis","2014-01-01",38.30563,21.36232
"Upeneus moluccensis","2014-12-04",32.0527,34.6919
"Upeneus moluccensis","1996-01-01",36.771,27.273
"Upeneus moluccensis","2018-05-15",32.5072,34.8542
"Upeneus moluccensis","2016-12-22",32.1337,34.66
"Upeneus moluccensis","2019-05-28",31.992,34.7052
"Upeneus moluccensis","2008-01-01",36.134,27.707
"Upeneus moluccensis","2017-03-01",41.9637,3.2279
"Upeneus moluccensis","2015-10-01",41.6569,16.4512
"Upeneus moluccensis","2015-05-26",32.0482,34.6893
"Upeneus moluccensis","2017-08-27",35.3521,33.2511
"Upeneus moluccensis","2019-05-19",32.1337,34.7345
"Upeneus moluccensis","2017-06-18",36.4733,22.3971
"Upeneus moluccensis","2015-02-11",32.1337,34.7345
"Upeneus moluccensis","2019-11-30",32.505,34.7717
"Upeneus moluccensis","2017-12-09",33.59,35.34
"Upeneus moluccensis","2016-02-11",32.1382,34.7345
"Upeneus moluccensis","2019-11-30",32.3182,34.7052
"Upeneus moluccensis","2014-01-02",44.3002,9.2126
"Upeneus moluccensis","2018-11-12",32.0257,34.5882
"Upeneus moluccensis","2016-08-09",36.2366,22.9039
"Upeneus moluccensis","2019-01-01",37.042,11.0654
"Upeneus moluccensis","2019-11-29",32.3182,34.7052
"Upeneus moluccensis","2020-05-10",37.173,10.404
"Upeneus moluccensis","2015-11-27",32.0482,34.6893
"Upeneus moluccensis","2015-11-01",32.0055,34.6733
"Upeneus moluccensis","2014-09-06",32.0482,34.6893
"Upeneus moluccensis","2014-12-27",41.5943,9.285
"Upeneus moluccensis","2018-01-30",34.97,34.01
"Upeneus moluccensis","2015-02-12",41.8486,3.1396
"Upeneus moluccensis","2016-12-03",32.1382,34.7345
"Upeneus moluccensis","1986-01-01",32.076,34.732
"Upeneus moluccensis","2014-10-04",36.8899,10.3476
"Upeneus moluccensis","2017-08-15",32.289,34.785
"Upeneus moluccensis","2016-10-09",32.9392,34.926
"Upeneus moluccensis","2016-03-10",32.9109,13.1716
"Upeneus moluccensis","2017-10-22",42.7416,9.1959
"Upeneus moluccensis","2019-11-29",32.262,34.6839
"Upeneus moluccensis","2017-09-24",37.6983,12.4507
"Upeneus moluccensis","2020-07-15",32.1045,34.7185
"Upeneus moluccensis","2020-09-13",37.6812,23.9404
"Upeneus moluccensis","2015-12-02",33.9222,35.5655
"Upeneus moluccensis","2019-05-06",35.3575,33.1865
"Upeneus moluccensis","2017-11-24",32.1337,34.7345
"Upeneus moluccensis","2016-04-05",36.4655,28.3874
"Upeneus moluccensis","2019-12-24",32.1337,34.7345
"Upeneus moluccensis","2017-04-07",41.3352,9.2426
"Upeneus moluccensis","2020-01-01",36.428,28.2349
"Upeneus pori","2014-01-01",33.2593,11.1523
"Upeneus pori","2017-01-01",32.8682,35.0023
"Upeneus pori","2014-11-20",37.8604,24.0492
"Upeneus pori","2018-01-01",39.95895,23.35391
"Upeneus pori","2015-01-01",33.3029,11.1377
"Upeneus pori","2014-11-01",35.14,12.05
"Upeneus pori","2015-08-02",37.6464,20.8439
"Upeneus pori","2014-02-12",32.1045,34.7185
"Upeneus pori","2015-01-01",34.5173,10.499
"Upeneus pori","2005-11-11",36.5948,36.1702
"Upeneus pori","2008-01-01",36.671,35.93
"Upeneus pori","1997-02-27",32.0055,34.6733
"Upeneus pori","1997-02-27",32.0707,34.7026
"Upeneus pori","2021-01-01",36.7005,26.9682
"Upeneus pori","2017-01-01",31.3248,30.0531
"Upeneus pori","1985-01-01",32.076,34.732
"Upeneus pori","2023-07-01",38.03,12.91
"Upeneus pori","2017-01-01",35.7567,10.8379
"Upeneus pori","2012-02-11",32.1382,34.7345
"Upeneus pori","2021-01-01",36.2186,27.5542
"Upeneus pori","2015-01-01",35.6417,10.9982
"Upeneus pori","2014-01-01",36.8086,10.307
"Upeneus pori","2014-01-01",34.4061,10.2955
"Upeneus pori","2017-08-10",36.2261,23.0816
"Upeneus pori","2002-02-12",31.9492,34.6467
"Upeneus pori","1984-01-01",36.212,34.023
"Upeneus pori","2017-01-01",35.03181,25.96987
"Upeneus pori","2017-07-15",34.8799,25.7323
"Upeneus pori","1984-01-01",36.773,34.721
"Upeneus pori","2015-10-01",37.6372,23.5232
"Upeneus pori","2008-01-01",36.07433,28.01541
"Upeneus pori","2014-07-17",34.8799,25.7323
"Upeneus pori","1983-01-01",36.212,34.022
"Upeneus pori","2014-01-01",34.4053,10.2982
"Upeneus pori","2021-01-01",36.2495,27.6399
"Upeneus pori","2020-01-01",32.2146,23.2516
"Upeneus pori","2003-02-01",36.5948,36.1702
"Upeneus pori","2019-01-01",36.2153,27.5407
"Upeneus pori","2018-02-26",31.8885,34.6041
"Upeneus pori","1962-04-04",36.5948,36.1702
"Upeneus pori","2011-02-15",32.0055,34.6733
"Upeneus pori","2018-02-26",32.1045,34.7185
"Upeneus pori","2014-07-15",34.8799,25.7323
"Upeneus pori","2018-01-01",36.7005,26.9682
"Upeneus pori","2003-02-01",36.431,28.179
"Upeneus pori","2018-04-15",36.1833,29.6426
"Upeneus pori","2020-01-01",35.8629,12.8528
"Upeneus pori","2017-01-01",31.174,29.8552
"Upeneus pori","2014-08-14",36.1843,23.0465
"Upeneus pori","2015-01-01",36.8086,10.307
"Upeneus pori","2014-01-01",36.2186,27.5542
"Upeneus pori","2015-02-04",34.9715,34.0801
"Upeneus pori","2014-06-26",37.7862,23.1758
"Upeneus pori","1943-01-01",31.921,34.612
"Upeneus pori","2020-01-01",36.2186,27.5542
"Upeneus pori","2015-01-01",36.7005,26.9682
"Upeneus pori","2020-08-01",36.3931,25.3506
"Upeneus pori","2017-08-08",36.133,23.0356
"Upeneus pori","2017-09-06",37.7008,23.3734
"Upeneus pori","2008-01-01",33.2745,35.1959
"Upeneus pori","1983-01-01",36.773,34.721
"Upeneus pori","2010-09-01",32.653,34.851
"Upeneus pori","2017-09-28",35.8817,27.7698
"Upeneus pori","2015-01-01",37.2688,10.0678
"Upeneus pori","2018-08-12",36.3801,22.944
"Upeneus pori","1984-01-01",32.076,34.732
"Upeneus pori","2004-06-01",34.621,33.068
"Upeneus pori","2014-01-01",35.4974,11.066
"Upeneus pori","2017-07-21",36.4666,27.3051
"Upeneus pori","2014-09-06",37.7008,23.3734
"Upeneus pori","2014-09-01",35.067,34.003
"Upeneus pori","2017-01-01",37.2012,10.2363
"Upeneus pori","2014-09-08",37.892,23.7182
"Upeneus pori","2018-11-20",37.8604,24.0492
"Upeneus pori","2014-08-15",36.1435,22.9952
"Upeneus pori","2009-12-01",37.884,27.027
"Upeneus pori","2014-09-14",37.7186,23.9115
"Upeneus pori","2008-01-01",36.424,28.136
"Upeneus pori","2003-02-01",36.5948,36.1702
"Upeneus pori","1983-01-01",36.569,35.992
"Upeneus pori","2015-11-01",35.05,13.05
"Upeneus pori","1989-01-01",36.569,35.992
"Upeneus pori","2019-01-01",36.39282,28.04167
"Upeneus pori","2017-03-21",34.9561,34.0855
"Upeneus pori","2014-08-02",36.937,24.7456
"Upeneus pori","2020-01-01",36.6205,27.1868
"Upeneus pori","2018-01-01",35.3899,25.04395
"Upeneus pori","2017-08-14",36.1843,23.0465
"Upeneus pori","1994-01-01",36.768,34.687
"Upeneus pori","2020-09-26",37.6814,23.9406
"Upeneus pori","2014-08-12",36.3801,22.944
"Upeneus pori","2014-01-01",35.8164,27.2327
"Upeneus pori","2017-01-01",35.8164,27.2327
"Upeneus pori","1962-04-04",36.5948,36.1702
"Upeneus pori","2014-01-01",38.22293,21.67757
"Upeneus pori","2014-01-01",33.2049,11.4229
"Upeneus pori","2017-01-01",36.8345,11.1131
"Upeneus pori","2014-02-17",37.7986,23.7891
"Upeneus pori","2008-01-01",35.914,27.736
"Upeneus pori","2017-05-15",31.2534,32.3077
"Upeneus pori","2021-01-01",36.6205,27.1868
"Upeneus pori","2014-06-11",36.5397,29.0529
"Upeneus pori","2005-01-01",36.892,27.713
"Upeneus pori","2014-01-01",32.2146,23.2516
"Upeneus pori","2017-08-11",37.7351,23.9036
"Upeneus pori","2018-01-01",36.6205,27.1868
"Upeneus pori","2018-08-11",36.2542,22.9221
"Upeneus pori","2009-01-01",36.15567,29.59427
"Upeneus pori","2014-01-01",37.1484,10.1418
"Upeneus pori","2020-01-01",36.6385,27.8353
"Upeneus pori","2014-04-01",36.385,28.247
"Upeneus pori","2014-01-01",36.8345,11.1131
"Upeneus pori","2017-02-17",37.7986,23.7891
"Upeneus pori","2017-06-12",36.5397,29.0529
"Upeneus pori","2015-01-01",36.834,11.1135
"Upeneus pori","2014-01-01",36.2495,27.6399
"Upeneus pori","2008-01-01",36.045,27.969
"Upeneus pori","1984-01-01",36.569,35.992
"Upeneus pori","2014-01-01",33.6815,10.382
"Upeneus pori","2018-01-01",35.8164,27.2327
"Upeneus pori","2014-01-01",37.0207,10.9096
"Upeneus pori","2021-01-01",35.8164,27.2327
"Upeneus pori","2022-01-01",37.7999,23.7889
"Upeneus pori","2021-01-01",36.6385,27.8353
"Upeneus pori","2010-05-01",37.201,9.885
"Upeneus pori","2017-05-01",37.471,15.087
"Upeneus pori","2017-05-01",37.471,15.086
"Upeneus pori","2021-01-01",36.4588,27.334
"Upeneus pori","2014-01-01",33.7008,10.3615
"Upeneus pori","2008-01-01",36.426,28.185
"Upeneus pori","2014-08-13",36.159,22.949
"Upeneus pori","2017-06-01",36.6283,22.3179
"Upeneus pori","2014-01-01",34.7782,10.8607
"Upeneus pori","2014-08-11",36.2542,22.9221
"Upeneus pori","2018-02-02",34.968,34.0416
"Upeneus pori","2017-05-17",40.3617,19.3468
"Upeneus pori","1989-01-01",36.773,34.721
"Upeneus pori","2018-01-01",36.4588,27.334
"Upeneus pori","2017-05-21",31.2034,29.8951
"Upeneus pori","2014-01-01",36.4588,27.334
"Upeneus pori","2014-10-04",37.7888,24.0833
"Upeneus pori","2015-08-17",36.1429,23.0036
"Upeneus pori","2020-01-01",31.2748,32.3214
"Upeneus pori","2014-01-01",36.6385,27.8353
"Upeneus pori","2003-01-01",33.255,11.309
"Upeneus pori","2014-01-01",36.6205,27.1868
"Upeneus pori","2020-01-01",32.8682,35.0023
"Upeneus pori","2008-01-01",36.134,27.707
"Upeneus pori","2014-01-01",35.8249,35.821
"Upeneus pori","2018-01-01",33.8894,10.858
"Upeneus pori","2017-08-15",36.1435,22.9952
"Upeneus pori","2021-01-01",37.7999,23.7889
"Upeneus pori","1986-01-01",32.076,34.732
"Upeneus pori","2017-01-01",35.8249,35.821
"Upeneus pori","2017-08-17",36.1429,23.0036
"Upeneus pori","2015-01-01",36.8093,10.3094
"Upeneus pori","2015-02-21",35.9632,14.4016
"Upeneus pori","2018-01-01",36.74681,22.57992
"Upeneus pori","2015-01-31",37.7991,23.789
"Upeneus pori","2018-02-22",32.2462,34.777
"Upeneus pori","2014-01-01",37.1214,10.7859
"Upeneus pori","2015-06-26",37.7862,23.1758
"Upeneus pori","2005-01-01",32.0817,24.0074
"Upeneus pori","2016-11-01",35.1,12.22
"Upeneus pori","2017-01-01",36.522,27.8729
"Upeneus pori","2012-11-01",35.2,12.2
"Upeneus pori","2021-01-01",36.522,27.8729
"Vanderhorstia mertensi","2008-10-01",36.117,29.623
"Vanderhorstia mertensi","2012-11-01",32.5732,34.8987
"Vanderhorstia mertensi","2008-01-01",36.639,29.107
"Vanderhorstia mertensi","2019-07-01",37.5262,22.9385
"Vanderhorstia mertensi","2008-01-01",36.657,29.084
"Vanderhorstia mertensi","2008-06-01",36.423,35.862
"Vanderhorstia mertensi","2008-06-01",36.859,30.694
"Vanderhorstia mertensi","2008-10-01",36.116,29.623
"Vanderhorstia mertensi","2019-07-01",37.5338,22.9307
"Vanderhorstia mertensi","2009-04-01",36.397,30.483
"Vanderhorstia mertensi","2019-07-01",37.5236,22.9357
"Variola louti","2018-10-01",35.3561,33.1682
"Variola louti","2019-08-01",35.1706,32.5473
"Zebrasoma flavescens","2008-10-01",41.233,1.807
"Zebrasoma xanthurum","2015-08-01",40.893,9.703
"Zenopsis conchifer","2008-11-01",37.7167,-0.2167
"Zenopsis conchifer","2010-06-01",39.6765,15.8103
"Zenopsis conchifer","2010-06-01",39.6936,15.8114
"Zenopsis conchifer","2009-12-01",37.6833,-0.2833
"Zenopsis conchifer","2021-02-01",42.3279,10.3403
"Zenopsis conchifer","2021-09-01",42.3279,10.3403
"Zenopsis conchifer","2002-05-01",36.6167,-4.4167
"Zenopsis conchifer","2020-02-01",43.8786,8.0372
"Zenopsis conchifer","2007-01-01",37.65,-0.3167
"Zenopsis conchifer","2006-01-01",37.6,10.417
