species_name,species_name_fishbase,genus_name,genus_name_fishbase,origin,invasive,IUCN_Global,IUCN_Med,Year_Global,Year_Med,Length_cm,Length_max,Depth_min_m,Depth_max_m,Continental_shelf,Continental_slope,Open_ocean,Habitat._soft,Habitat_rocky,Habitat_posidonia,Migration,Reproduction,Sex_shift,Semelparity,Larvae,Behav,Diet_type,BodyShapeI,Fresh,Brack,Saltwater,DemersPelag,AirBreathing,AnaCat,Vulnerability
Ablennes hians,Ablennes hians,Ablennes,Ablennes,RS,1,LC,NA,2015,NA,70,140,0,3,NA,NA,NA,NA,NA,NA,NA,NA,NA,NA,NA,NA,NA,elongated,0,1,1,reef-associated,WaterAssumed,oceanodromous,39.61
Abudefduf hoefleri,Abudefduf hoefleri,Abudefduf,Abudefduf,A,1,DD,NA,2020,NA,NA,20,NA,NA,NA,NA,NA,NA,NA,NA,NA,NA,NA,NA,NA,NA,NA,short and / or deep,0,0,1,reef-associated,WaterAssumed,NA,10
Abudefduf saxatilis,Abudefduf saxatilis,Abudefduf,Abudefduf,A,1,LC,NA,2015,NA,15,22.89999962,0,20,NA,NA,NA,NA,NA,NA,NA,NA,NA,NA,NA,NA,NA,short and / or deep,0,0,1,reef-associated,WaterAssumed,non-migratory,12.9
Abudefduf sexfasciatus,Abudefduf sexfasciatus,Abudefduf,Abudefduf,RS,1,LC,NA,2017,NA,NA,19,1,20,NA,NA,NA,NA,NA,NA,NA,NA,NA,NA,NA,NA,NA,short and / or deep,0,0,1,reef-associated,WaterAssumed,non-migratory,10
Abudefduf vaigiensis,Abudefduf vaigiensis,Abudefduf,Abudefduf,RS,1,LC,NA,2017,NA,15,18,1,15,1,1,0,0,1,0,Oceanodromous,Oviparous,no,no,Planktotrophic,Gregarious,Omnivorous,short and / or deep,0,0,1,reef-associated,WaterAssumed,oceanodromous,15.82
Acanthocybium solandri,Acanthocybium solandri,Acanthocybium,Acanthocybium,U,0,LC,LC,2023,2011,150,210,1,30,0,0,1,0,0,0,no,Oviparous,no,no,Planktotrophic,Gregarious,Piscivorous,elongated,0,0,1,pelagic-oceanic,WaterAssumed,oceanodromous,46.13
Acantholabrus palloni,Acantholabrus palloni,Acantholabrus,Acantholabrus,U,0,LC,LC,2010,2011,21.5,28,30,250,0,0,0,1,1,0,NA,Oviparous,Protogynous,no,Planktotrophic,Solitary,Carnivorous,fusiform / normal,0,0,1,reef-associated,WaterAssumed,NA,15
Acanthopagrus bifasciatus,Acanthopagrus bifasciatus,Acanthopagrus,Acanthopagrus,RS,1,LC,NA,2014,NA,40,36.20000076,2,20,NA,NA,NA,NA,NA,NA,NA,NA,NA,NA,NA,NA,NA,fusiform / normal,0,1,1,reef-associated,WaterAssumed,NA,37.35
Acanthostracion polygonius,Acanthostracion polygonium,Acanthostracion,Acanthostracion,A,1,LC,NA,2015,NA,25,50,3,80,NA,NA,NA,NA,NA,NA,NA,NA,NA,NA,NA,NA,NA,short and / or deep,0,0,1,reef-associated,WaterAssumed,NA,40
Acanthurus chirurgus,Acanthurus chirurgus,Acanthurus,Acanthurus,A,1,LC,NA,2012,NA,35,39,2,25,NA,NA,NA,NA,NA,NA,NA,NA,NA,NA,NA,NA,NA,short and / or deep,0,0,1,reef-associated,WaterAssumed,NA,22.98
Acanthurus coeruleus,Acanthurus coeruleus,Acanthurus,Acanthurus,A,1,LC,NA,2012,NA,25,39,2,50,NA,NA,NA,NA,NA,NA,NA,NA,NA,NA,NA,NA,NA,short and / or deep,0,0,1,reef-associated,WaterAssumed,NA,58.55
Acanthurus gahhm,Acanthurus gahhm,Acanthurus,Acanthurus,RS,1,LC,NA,2012,NA,NA,40,5,50,NA,NA,NA,NA,NA,NA,NA,NA,NA,NA,NA,NA,NA,short and / or deep,0,0,1,reef-associated,WaterAssumed,NA,30
Acanthurus monroviae,Acanthurus monroviae,Acanthurus,Acanthurus,A,1,LC,NA,2012,NA,32.5,45,10,30,0,0,0,0,1,0,no,Oviparous,no,no,Planktotrophic,Gregarious,Omnivorous,short and / or deep,0,1,1,demersal,WaterAssumed,NA,41.96
Acanthurus sohal,Acanthurus sohal,Acanthurus,Acanthurus,RS,1,LC,NA,2012,NA,NA,40,0,NA,NA,NA,NA,NA,NA,NA,NA,NA,NA,NA,NA,NA,NA,short and / or deep,0,0,1,reef-associated,WaterAssumed,NA,30
Acanthurus xanthopterus,Acanthurus xanthopterus,Acanthurus,Acanthurus,RS,1,LC,NA,2012,NA,50,70,1,100,NA,NA,NA,NA,NA,NA,NA,NA,NA,NA,NA,NA,NA,short and / or deep,0,0,1,reef-associated,WaterAssumed,NA,37.08
Acipenser gueldenstaedtii,Acipenser gueldenstaedtii,Acipenser,Acipenser,U,0,CR,NA,2022,NA,135,230,5,20,0,0,0,1,0,0,Anadromous,Oviparous,no,no,Leicitotrophic,Mix,Carnivorous,elongated,1,1,1,demersal,WaterAssumed,anadromous,86.67
Acipenser naccarii,Acipenser naccarii,Acipenser,Acipenser,E,0,CR,NA,2022,NA,125,200,10,30,0,0,0,1,0,0,Anadromous,Oviparous,no,no,Leicitotrophic,NA,Carnivorous,elongated,1,1,1,demersal,WaterAssumed,anadromous,90
Acipenser nudiventris,Acipenser nudiventris,Acipenser,Acipenser,U,0,CR,NA,2022,NA,125,200,30,60,0,0,0,1,0,0,Anadromous,Oviparous,no,no,Leicitotrophic,Solitary,Carnivorous,elongated,1,1,1,demersal,WaterAssumed,anadromous,85
Acipenser stellatus,Acipenser stellatus,Acipenser,Acipenser,E,0,CR,NA,2022,NA,125,190,10,100,0,0,0,1,0,0,Anadromous,Oviparous,no,no,Leicitotrophic,NA,Carnivorous,elongated,1,1,1,demersal,WaterAssumed,anadromous,84.74
Acipenser sturio,Acipenser sturio,Acipenser,Acipenser,U,0,CR,NA,2022,NA,175,300,20,50,0,0,0,1,0,0,Anadromous,Oviparous,no,no,Leicitotrophic,Solitary,Carnivorous,elongated,1,1,1,demersal,WaterAssumed,anadromous,88.08
Aidablennius sphynx,Aidablennius sphynx,Aidablennius,Aidablennius,U,0,LC,LC,2026,2011,6.5,8,0.5,2,0,0,0,0,1,0,no,Oviparous,no,no,Planktotrophic,NA,Omnivorous,elongated,0,0,1,demersal,WaterAssumed,NA,10
Alectis alexandrinus,Scyris alexandrina,Alectis,Scyris,U,0,NA,NA,NA,NA,70,100,1,50,0,0,0,1,1,1,NA,Oviparous,no,no,Planktotrophic,Solitary,Carnivorous,short and / or deep,0,0,1,pelagic-neritic,WaterAssumed,NA,60
Alepes djedaba,Alepes djedaba,Alepes,Alepes,RS,1,LC,NA,2016,NA,25,40,5,30,0,0,0,0,1,0,Amphidromous,Oviparous,no,no,Planktotrophic,Gregarious,Carnivorous,fusiform / normal,0,0,1,reef-associated,WaterAssumed,amphidromous,18.14
Alepocephalus rostratus,Alepocephalus rostratus,Alepocephalus,Alepocephalus,U,0,LC,LC,2015,2011,35,70,300,1600,0,0,1,1,0,0,NA,Oviparous,no,no,NA,NA,Carnivorous,elongated,0,0,1,bathydemersal,WaterAssumed,NA,60.23
Alopias vulpinus,Alopias vulpinus,Alopias,Alopias,U,0,VU,EN,2022,2016,550,760,1,50,0,0,1,0,0,0,Oceanodromous,Ovoviviparous,no,no,no,Solitary,Carnivorous,fusiform / normal,0,0,1,pelagic-oceanic,WaterAssumed,oceanodromous,76.65
Alosa alosa,Alosa alosa,Alosa,Alosa,U,0,CR,NA,2024,NA,50,70,1,50,1,1,0,0,0,0,Anadromous,Oviparous,no,no,Leicitotrophic,Gregarious,Carnivorous,fusiform / normal,1,1,1,pelagic-neritic,WaterAssumed,anadromous,35.65
Alosa fallax,Alosa fallax,Alosa,Alosa,U,0,LC,NA,2024,NA,45,55,1,250,0,0,0,0,0,0,Anadromous,NA,no,no,Leicitotrophic,NA,Carnivorous,fusiform / normal,1,1,1,pelagic-neritic,WaterAssumed,anadromous,49.56
Aluterus monoceros,Aluterus monoceros,Aluterus,Aluterus,A,1,LC,NA,2015,NA,25,75,1,50,1,0,0,0,1,0,no,Oviparous,no,no,Planktotrophic,Mix,Carnivorous,short and / or deep,0,0,1,reef-associated,WaterAssumed,NA,47.86
Ambassis dussumieri,Ambassis dussumieri,Ambassis,Ambassis,RS,1,LC,NA,2011,NA,NA,10,NA,NA,NA,NA,NA,NA,NA,NA,NA,NA,NA,NA,NA,NA,NA,fusiform / normal,1,1,1,demersal,WaterAssumed,NA,10
Anarhichas lupus,Anarhichas lupus,Anarhichas,Anarhichas,A,1,NA,NA,NA,NA,NA,150,1,600,NA,NA,NA,NA,NA,NA,NA,NA,NA,NA,NA,NA,NA,elongated,0,0,1,demersal,WaterAssumed,oceanodromous,69.18
Anguilla anguilla,Anguilla anguilla,Anguilla,Anguilla,U,0,CR,NA,2020,NA,80,150,1,15,1,1,0,1,0,1,Catadromous,Oviparous,no,yes,Leicitotrophic,NA,Carnivorous,eel-like,1,1,1,demersal,Facultative,catadromous,64.38
Anthias anthias,Anthias anthias,Anthias,Anthias,U,0,LC,LC,2015,2011,16.5,27,30,80,1,1,0,1,1,0,NA,Oviparous,Protogynous,no,Planktotrophic,Gregarious,Carnivorous,fusiform / normal,0,0,1,reef-associated,WaterAssumed,NA,22.94
Antigonia capros,Antigonia capros,Antigonia,Antigonia,A,1,LC,NA,2015,NA,15,30.5,50,900,NA,NA,NA,NA,NA,NA,NA,NA,NA,NA,NA,NA,NA,short and / or deep,0,0,1,demersal,WaterAssumed,NA,20.5
Antonogadus megalokynodon,Gaidropsarus biscayensis,Antonogadus,Gaidropsarus,U,0,NA,LC,NA,2011,12,40,80,600,1,1,0,1,0,0,no,Oviparous,no,no,Planktotrophic,Solitary,Carnivorous,elongated,0,0,1,benthopelagic,WaterAssumed,non-migratory,30
Aphanius dispar,Aphaniops dispar,Aphanius,Aphaniops,U,0,LC,NA,2014,NA,6.5,8,1,5,0,0,0,0,0,1,Amphidromous,Oviparous,no,yes,NA,Gregarious,Herbivorous,fusiform / normal,1,1,1,benthopelagic,WaterAssumed,non-migratory,10
Aphanius fasciatus,Aphanius fasciatus,Aphanius,Aphanius,E,0,LC,NA,2024,NA,6,9,1,5,0,0,0,0,0,1,Amphidromous,Oviparous,no,yes,NA,Gregarious,Omnivorous,fusiform / normal,1,1,1,benthopelagic,WaterAssumed,non-migratory,10
Aphanius iberus,Apricaphanius iberus,Aphanius,Apricaphanius,E,0,NT,NT,2024,2024,4,5,1,5,0,0,0,0,0,1,Amphidromous,Oviparous,no,yes,NA,Gregarious,Omnivorous,fusiform / normal,1,1,0,benthopelagic,WaterAssumed,non-migratory,10
Aphia minuta,Aphia minuta,Aphia,Aphia,U,0,LC,NA,2025,NA,3.75,6,5,100,1,0,0,1,0,0,Oceanodromous,Oviparous,no,yes,Planktotrophic,Gregarious,Carnivorous,elongated,0,1,1,pelagic-neritic,WaterAssumed,oceanodromous,12.14
Apletodon dentatus,Apletodon dentatus,Apletodon,Apletodon,U,0,LC,NA,2025,NA,4.25,5.1,1,20,0,0,0,0,1,0,no,Oviparous,no,no,Planktotrophic,Solitary,Carnivorous,elongated,0,0,1,demersal,WaterAssumed,NA,10
Apogon imberbis,Apogon imberbis,Apogon,Apogon,U,0,LC,LC,2015,2011,11,15,5,50,0,0,0,1,1,0,no,Oviparous,no,no,Planktotrophic,Mix,Carnivorous,fusiform / normal,0,0,1,reef-associated,WaterAssumed,non-migratory,15.08
Apogon pharaonis,Apogonichthyoides pharaonis,Apogon,Apogonichthyoides,RS,1,LC,NA,2022,NA,10,15,5,50,1,0,0,1,0,0,no,Oviparous,no,no,Planktotrophic,Gregarious,Carnivorous,fusiform / normal,0,0,1,demersal,WaterAssumed,NA,10
Apogon queketti,Jaydia queketti,Apogon,Jaydia,RS,1,NA,NA,NA,NA,8,15,1,90,1,0,0,0,1,0,no,Oviparous,no,no,Planktotrophic,Gregarious,Carnivorous,fusiform / normal,0,0,1,benthopelagic,WaterAssumed,NA,10
Apogon smithi,Jaydia smithi,Apogon,Jaydia,RS,1,LC,NA,2024,NA,6,15,1,50,1,0,0,1,1,0,no,Oviparous,no,no,Leicitotrophic,Gregarious,Carnivorous,fusiform / normal,0,0,1,demersal,WaterAssumed,NA,10
Apogon taeniatus,Apogonichthyoides taeniatus,Apogon,Apogonichthyoides,U,0,LC,NA,2022,NA,11,17,5,50,0,0,0,1,0,0,no,Oviparous,no,no,Planktotrophic,Gregarious,Carnivorous,short and / or deep,0,0,1,reef-associated,WaterAssumed,NA,10
Apterichtus anguiformis,Apterichtus anguiformis,Apterichtus,Apterichtus,U,0,LC,LC,2015,2011,55,60,10,40,0,0,0,1,0,0,NA,Oviparous,no,no,Planktotrophic,NA,Carnivorous,eel-like,0,0,1,demersal,WaterAssumed,NA,39.3
Apterichtus caecus,Apterichtus caecus,Apterichtus,Apterichtus,U,0,LC,LC,2015,2011,55,60,5,20,0,0,0,1,0,0,NA,Oviparous,no,no,Planktotrophic,NA,Carnivorous,eel-like,0,0,1,demersal,WaterAssumed,NA,44
Argentina sphyraena,Argentina sphyraena,Argentina,Argentina,U,0,NA,LC,NA,2011,29,45,50,200,1,1,0,1,0,0,Oceanodromous,Oviparous,no,no,NA,Gregarious,Carnivorous,elongated,0,0,1,bathydemersal,WaterAssumed,NA,36.22
Argyropelecus hemigymnus,Argyropelecus hemigymnus,Argyropelecus,Argyropelecus,U,0,LC,LC,2010,2011,2.8,4,1,2400,0,0,1,0,0,0,no,Oviparous,no,no,Planktotrophic,Mix,Carnivorous,short and / or deep,0,0,1,bathypelagic,WaterAssumed,NA,10
Argyrosomus regius,Argyrosomus regius,Argyrosomus,Argyrosomus,U,0,LC,LC,2020,2011,120,200,15,100,0,0,0,1,1,0,Oceanodromous,Oviparous,no,no,Planktotrophic,Gregarious,Carnivorous,fusiform / normal,0,1,1,benthopelagic,WaterAssumed,oceanodromous,79.25
Ariopsis felis,Ariopsis felis,Ariopsis,Ariopsis,A,1,LC,NA,2015,NA,25,70,NA,NA,NA,NA,NA,NA,NA,NA,NA,NA,NA,NA,NA,NA,NA,elongated,0,1,1,reef-associated,WaterAssumed,NA,48
Ariosoma balearicum,Ariosoma balearicum,Ariosoma,Ariosoma,U,0,LC,LC,2015,2011,45,50,20,100,0,0,0,1,0,0,Oceanodromous,Oviparous,no,no,Planktotrophic,Solitary,Carnivorous,eel-like,0,0,1,reef-associated,WaterAssumed,oceanodromous,25
Arius parki,Carlarius parkii,Arius,Carlarius,A,1,LC,NA,2020,NA,67.5,75,50,80,0,0,0,1,0,0,no,Oviparous,no,no,Planktotrophic,Solitary,Carnivorous,fusiform / normal,0,1,1,demersal,WaterAssumed,NA,51.21
Arnoglossus imperialis,Arnoglossus imperialis,Arnoglossus,Arnoglossus,U,0,LC,LC,2020,2011,22.5,25,80,150,1,1,0,1,0,0,no,Oviparous,no,no,Planktotrophic,Solitary,Carnivorous,fusiform / normal,0,0,1,demersal,WaterAssumed,NA,15
Arnoglossus kessleri,Arnoglossus kessleri,Arnoglossus,Arnoglossus,E,0,DD,NA,2014,NA,11.5,13,10,200,1,0,0,1,0,0,no,Oviparous,no,no,Planktotrophic,Solitary,Carnivorous,fusiform / normal,0,0,1,demersal,WaterAssumed,NA,10
Arnoglossus laterna,Arnoglossus laterna,Arnoglossus,Arnoglossus,U,0,LC,LC,2015,2011,20,25,10,400,1,1,0,1,0,0,no,Oviparous,no,no,Planktotrophic,Solitary,Carnivorous,fusiform / normal,0,0,1,demersal,WaterAssumed,NA,35.75
Arnoglossus rueppelii,Arnoglossus rueppelii,Arnoglossus,Arnoglossus,U,0,LC,LC,2020,2011,NA,15,200,550,0,1,0,1,0,0,no,Oviparous,no,no,Planktotrophic,Solitary,Carnivorous,fusiform / normal,0,0,1,demersal,WaterAssumed,NA,10
Arnoglossus thori,Arnoglossus thori,Arnoglossus,Arnoglossus,U,0,DD,LC,2015,2011,19,25,15,50,1,1,0,1,1,0,no,Oviparous,no,no,Planktotrophic,Solitary,Carnivorous,fusiform / normal,0,0,1,demersal,WaterAssumed,NA,23.57
Arothron hispidus,Arothron hispidus,Arothron,Arothron,RS,1,LC,NA,2014,NA,NA,50,1,50,NA,NA,NA,NA,NA,NA,NA,NA,NA,NA,NA,NA,NA,short and / or deep,0,1,1,reef-associated,WaterAssumed,non-migratory,40
Aspitrigla cuculus,Chelidonichthys cuculus,Aspitrigla,Chelidonichthys,U,0,LC,LC,2015,2011,37.5,50,30,200,1,1,0,1,0,0,NA,Oviparous,no,no,Planktotrophic,Mix,Carnivorous,fusiform / normal,0,0,1,demersal,WaterAssumed,NA,46.18
Aspitrigla obscura,Chelidonichthys obscurus,Aspitrigla,Chelidonichthys,U,0,LC,LC,2015,2011,32.5,40,2,70,1,1,0,1,0,0,NA,Oviparous,no,no,Planktotrophic,NA,Carnivorous,elongated,0,0,1,demersal,WaterAssumed,NA,40.2
Atherina boyeri,Atherina boyeri,Atherina,Atherina,U,0,LC,NA,2024,NA,9,13,1,3,0,0,0,1,1,1,Amphidromous,Oviparous,no,no,Leicitotrophic,Gregarious,Carnivorous,elongated,1,1,1,demersal,WaterAssumed,amphidromous,43.98
Atherina hepsetus,Atherina hepsetus,Atherina,Atherina,U,0,NA,LC,NA,2011,15,20,1,3,0,0,0,0,1,0,NA,Oviparous,no,no,Leicitotrophic,Gregarious,Carnivorous,elongated,1,1,1,pelagic-neritic,WaterAssumed,NA,10
Atherina presbyter,Atherina presbyter,Atherina,Atherina,U,0,LC,DD,2015,2011,13.5,20,1,3,0,0,0,1,1,1,Oceanodromous,Oviparous,no,no,Leicitotrophic,Gregarious,Carnivorous,elongated,0,1,1,pelagic-neritic,WaterAssumed,oceanodromous,19.79
Atherinomorus forskalii,Atherinomorus forskalii,Atherinomorus,Atherinomorus,RS,1,NA,NA,NA,NA,6,15,1,10,0,0,0,0,0,0,no,Oviparous,no,no,Leicitotrophic,NA,Carnivorous,fusiform / normal,0,0,1,reef-associated,WaterAssumed,NA,10
Atherinomorus lacunosus,Atherinomorus lacunosus,Atherinomorus,Atherinomorus,RS,0,LC,NA,2022,NA,12,14,1,10,0,0,0,1,1,0,no,Oviparous,no,no,Leicitotrophic,Gregarious,Carnivorous,elongated,1,1,1,reef-associated,WaterAssumed,NA,15
Aulopareia unicolor,Aulopareia unicolor,Aulopareia,Aulopareia,RS,1,LC,NA,2019,NA,NA,10.73999977,NA,NA,NA,NA,NA,NA,NA,NA,NA,NA,NA,NA,NA,NA,NA,elongated,1,1,0,demersal,WaterAssumed,NA,10
Aulopus filamentosus,Aulopus filamentosus,Aulopus,Aulopus,U,0,LC,LC,2015,2011,17.5,44,150,1000,1,1,0,1,0,0,no,Oviparous,no,no,Planktotrophic,NA,Carnivorous,elongated,0,0,1,demersal,WaterAssumed,NA,41.47
Auxis rochei,Auxis rochei,Auxis,Auxis,U,0,LC,LC,2023,2011,35,50,1,30,1,0,0,0,0,0,Oceanodromous,Oviparous,no,no,Planktotrophic,Gregarious,Carnivorous,fusiform / normal,0,1,1,pelagic-neritic,WaterAssumed,oceanodromous,26.68
Balistes carolinensis,Balistes capriscus,Balistes,Balistes,U,0,VU,NA,2015,NA,32.5,45,10,50,1,0,0,1,1,1,Oceanodromous,Oviparous,no,no,Planktotrophic,Mix,Carnivorous,short and / or deep,0,0,1,reef-associated,WaterAssumed,NA,46.03
Balistoides conspicillum,Balistoides conspicillum,Balistoides,Balistoides,RS,1,LC,NA,2022,NA,NA,50,1,75,NA,NA,NA,NA,NA,NA,NA,NA,NA,NA,NA,NA,NA,short and / or deep,0,1,1,reef-associated,WaterAssumed,NA,40
Bathophilus nigerrimus,Bathophilus nigerrimus,Bathophilus,Bathophilus,U,0,LC,LC,2015,2011,6,12,1000,2800,0,0,1,1,0,0,Oceanodromous,Oviparous,no,no,Planktotrophic,Solitary,Piscivorous,elongated,0,0,1,bathypelagic,WaterAssumed,NA,10
Bathypterois dubius,Bathypterois dubius,Bathypterois,Bathypterois,U,0,LC,NA,2015,NA,15,21,260,2800,0,1,0,0,0,0,no,Oviparous,Hermaphrodite,no,Planktotrophic,Mix,Carnivorous,elongated,0,0,1,bathydemersal,WaterAssumed,NA,15.01
Bathypterois grallator,Bathypterois grallator,Bathypterois,Bathypterois,U,0,LC,DD,2015,2011,30,37,870,4700,1,1,1,0,1,0,no,Oviparous,Hermaphrodite,no,Planktotrophic,Solitary,Carnivorous,elongated,0,0,1,bathydemersal,WaterAssumed,NA,33.4
Bathypterois mediterraneus,Bathypterois mediterraneus,Bathypterois,Bathypterois,E,0,LC,LC,2011,2011,13,21,260,2800,0,1,0,1,0,0,no,Oviparous,Hermaphrodite,no,Planktotrophic,Solitary,Carnivorous,elongated,0,0,1,bathydemersal,WaterAssumed,NA,14.4
Bathysolea profundicola,Bathysolea profundicola,Bathysolea,Bathysolea,U,0,LC,DD,2015,2011,10,21,200,1300,0,1,0,1,0,0,no,NA,no,no,NA,Solitary,Carnivorous,short and / or deep,0,0,1,bathypelagic,WaterAssumed,NA,24
Bellottia apoda,Bellottia apoda,Bellottia,Bellottia,U,0,LC,LC,2019,2011,NA,7,30,500,0,1,0,1,0,0,no,Viviparous,no,no,Planktotrophic,Solitary,Omnivorous,fusiform / normal,0,0,1,bathydemersal,WaterAssumed,NA,10
Belone belone gracilis,Belone belone,Belone,Belone,U,0,LC,LC,2015,2011,75,95,1,5,0,0,0,0,0,0,Oceanodromous,Oviparous,no,no,Planktotrophic,Gregarious,Carnivorous,elongated,0,1,1,pelagic-oceanic,WaterAssumed,oceanodromous,48.92
Belone svetovidovi,Belone svetovidovi,Belone,Belone,U,0,NA,DD,NA,2011,NA,57,1,5,0,0,0,0,0,0,Oceanodromous,Oviparous,no,no,Planktotrophic,Gregarious,Carnivorous,elongated,0,0,1,pelagic-oceanic,WaterAssumed,NA,31.8
Benthocometes robustus,Benthocometes robustus,Benthocometes,Benthocometes,U,0,LC,DD,2010,2011,NA,15,100,500,0,1,0,1,0,0,NA,Oviparous,no,no,Planktotrophic,Solitary,Carnivorous,eel-like,0,0,1,bathydemersal,WaterAssumed,NA,10
Benthosema glaciale,Benthosema glaciale,Benthosema,Benthosema,U,0,LC,LC,2015,2011,6,10,1,1400,0,0,1,0,0,0,no,Oviparous,no,no,Planktotrophic,Solitary,Carnivorous,fusiform / normal,0,0,1,pelagic-oceanic,WaterAssumed,non-migratory,27.28
Beryx splendens,Beryx splendens,Beryx,Beryx,A,0,LC,NA,2015,NA,30,35,180,1300,1,1,0,1,1,0,Oceanodromous,Oviparous,no,no,Planktotrophic,Gregarious,Carnivorous,fusiform / normal,0,0,1,benthopelagic,WaterAssumed,NA,58.69
Blennius ocellaris,Blennius ocellaris,Blennius,Blennius,U,0,LC,LC,2026,2011,16.5,20,15,30,1,0,0,0,1,0,no,Oviparous,no,no,Planktotrophic,Solitary,Carnivorous,elongated,0,0,1,demersal,WaterAssumed,NA,10
Bodianus speciosus,Bodianus speciosus,Bodianus,Bodianus,A,1,DD,NA,2010,NA,40,50,3,70,NA,NA,NA,NA,NA,NA,NA,NA,NA,NA,NA,NA,NA,fusiform / normal,0,0,1,reef-associated,WaterAssumed,NA,44.4
Boops boops,Boops boops,Boops,Boops,U,0,LC,LC,2014,2011,22.5,36,5,30,1,1,0,1,1,1,Oceanodromous,Oviparous,Protogynous,no,Planktotrophic,Gregarious,Omnivorous,fusiform / normal,0,0,1,demersal,WaterAssumed,oceanodromous,50.53
Bothus podas,Bothus podas,Bothus,Bothus,U,0,LC,LC,2015,2011,25.5,45,10,50,0,0,0,1,0,0,no,Oviparous,no,no,Planktotrophic,Solitary,Carnivorous,short and / or deep,0,0,1,demersal,WaterAssumed,NA,35
Brama brama,Brama brama,Brama,Brama,U,0,LC,DD,2015,2011,55,75,5,800,0,0,1,0,0,0,Oceanodromous,Oviparous,no,no,Planktotrophic,Gregarious,Carnivorous,short and / or deep,0,0,1,pelagic-neritic,WaterAssumed,oceanodromous,60
Bregmaceros nectabanus,Bregmaceros nectabanus,Bregmaceros,Bregmaceros,RS,1,LC,NA,2015,NA,NA,7.599999905,NA,350,NA,NA,NA,NA,NA,NA,NA,NA,NA,NA,NA,NA,NA,elongated,0,0,1,pelagic-neritic,WaterAssumed,non-migratory,10
Buenia affinis,Buenia affinis,Buenia,Buenia,E,0,LC,LC,2025,2025,NA,3.2,3,35,0,0,0,1,0,0,no,Oviparous,no,no,Planktotrophic,Solitary,Carnivorous,fusiform / normal,0,0,1,demersal,WaterAssumed,NA,10
Buenia jeffreysii,Buenia jeffreysii,Buenia,Buenia,U,0,LC,NA,2025,NA,5.5,6,5,330,0,0,0,1,0,0,no,Oviparous,no,no,Planktotrophic,Solitary,Carnivorous,elongated,0,0,1,demersal,WaterAssumed,NA,10
Buglossidium luteum,Buglossidium luteum,Buglossidium,Buglossidium,U,0,LC,LC,2022,2011,11.5,16,10,40,1,1,0,1,0,0,NA,Oviparous,no,no,Planktotrophic,NA,Carnivorous,short and / or deep,0,0,1,demersal,WaterAssumed,NA,24.35
Caesio varilineata,Caesio varilineata,Caesio,Caesio,RS,1,LC,NA,2019,NA,NA,40,2,25,NA,NA,NA,NA,NA,NA,NA,NA,NA,NA,NA,NA,NA,fusiform / normal,0,0,1,reef-associated,WaterAssumed,non-migratory,30
Callanthias ruber,Callanthias ruber,Callanthias,Callanthias,U,0,LC,LC,2015,2011,15,27,50,500,1,1,1,0,1,0,no,Oviparous,Protogynous,no,Planktotrophic,NA,Carnivorous,fusiform / normal,0,0,1,demersal,WaterAssumed,NA,44
Callionymus fasciatus,Callionymus fasciatus,Callionymus,Callionymus,U,0,LC,NA,2014,NA,10,12,20,60,1,0,0,1,0,0,NA,Oviparous,no,no,Planktotrophic,NA,Carnivorous,elongated,0,0,1,demersal,WaterAssumed,NA,10
Callionymus filamentosus,Callionymus filamentosus,Callionymus,Callionymus,RS,1,NA,NA,NA,NA,7,11,1,100,0,0,0,1,0,0,no,Oviparous,no,no,Planktotrophic,NA,Carnivorous,elongated,0,0,1,demersal,WaterAssumed,NA,10
Callionymus lyra,Callionymus lyra,Callionymus,Callionymus,U,0,LC,LC,2015,2011,20,30,5,100,1,0,0,1,1,1,no,Oviparous,no,no,Planktotrophic,Solitary,Carnivorous,elongated,0,0,1,demersal,WaterAssumed,NA,28.71
Callionymus maculatus,Callionymus maculatus,Callionymus,Callionymus,U,0,LC,LC,2015,2011,10,16,45,650,1,0,0,1,0,0,no,Oviparous,no,no,Planktotrophic,Solitary,Carnivorous,elongated,0,0,1,demersal,WaterAssumed,NA,10
Callionymus pusillus,Callionymus pusillus,Callionymus,Callionymus,U,0,LC,LC,2014,2011,10,14,1,5,0,0,0,1,0,0,NA,Oviparous,no,no,Planktotrophic,Solitary,Carnivorous,elongated,0,0,1,demersal,WaterAssumed,NA,10
Callionymus reticulatus,Callionymus reticulatus,Callionymus,Callionymus,U,0,LC,DD,2014,2011,9,11,1,110,0,0,0,1,0,0,no,Oviparous,no,no,Planktotrophic,NA,Carnivorous,elongated,0,1,1,demersal,WaterAssumed,non-migratory,10
Callionymus risso,Callionymus risso,Callionymus,Callionymus,U,0,LC,LC,2014,2011,5.5,8,10,80,1,0,0,1,0,0,NA,Oviparous,no,no,Planktotrophic,NA,Carnivorous,elongated,0,0,1,demersal,WaterAssumed,NA,10
Campogramma glaycos,Campogramma glaycos,Campogramma,Campogramma,U,0,LC,DD,2015,2011,67.5,75,15,30,0,0,1,0,0,0,Oceanodromous,Oviparous,no,no,Planktotrophic,Gregarious,Carnivorous,fusiform / normal,0,0,1,benthopelagic,WaterAssumed,NA,46.64
Capros aper,Capros aper,Capros,Capros,U,0,LC,LC,2015,2011,11.5,16,100,400,0,1,0,1,1,0,NA,Oviparous,no,no,Planktotrophic,Gregarious,Carnivorous,short and / or deep,0,0,1,demersal,WaterAssumed,NA,20
Caranx crysos,Caranx crysos,Caranx,Caranx,U,0,LC,LC,2010,2011,45,70,1,100,1,0,0,0,0,0,no,Oviparous,no,no,Planktotrophic,Gregarious,Carnivorous,fusiform / normal,0,1,1,reef-associated,WaterAssumed,NA,34.26
Caranx hippos,Caranx hippos,Caranx,Caranx,U,0,LC,DD,2019,2011,60,100,1,350,1,1,0,0,0,0,Oceanodromous,Oviparous,no,no,Planktotrophic,Mix,Carnivorous,fusiform / normal,0,1,1,pelagic-neritic,WaterAssumed,oceanodromous,41.43
Caranx rhonchus,Caranx rhonchus,Caranx,Caranx,U,0,LC,LC,2015,2011,52.5,60,30,50,0,0,0,0,0,0,Oceanodromous,Oviparous,no,no,Planktotrophic,Gregarious,Carnivorous,fusiform / normal,0,1,1,benthopelagic,WaterAssumed,NA,36.21
Carapus acus,Carapus acus,Carapus,Carapus,U,0,LC,DD,2015,2011,17.5,20,20,50,1,0,0,1,1,1,no,Oviparous,no,no,Leicitotrophic,Solitary,Carnivorous,eel-like,0,0,1,demersal,WaterAssumed,non-migratory,10.8
Carcharhinus altimus,Carcharhinus altimus,Carcharhinus,Carcharhinus,A,1,NT,DD,2020,2016,275,300,90,300,1,0,1,0,0,0,Oceanodromous,Viviparous,no,no,no,Solitary,Carnivorous,fusiform / normal,0,0,1,reef-associated,WaterAssumed,NA,90
Carcharhinus brachyurus,Carcharhinus brachyurus,Carcharhinus,Carcharhinus,A,0,VU,DD,2020,2016,250,325,1,360,0,0,1,0,0,0,Oceanodromous,Viviparous,no,no,no,Solitary,Carnivorous,fusiform / normal,0,1,1,reef-associated,WaterAssumed,oceanodromous,86.7
Carcharhinus brevipinna,Carcharhinus brevipinna,Carcharhinus,Carcharhinus,U,0,VU,NA,2020,NA,200,325,1,75,0,0,1,0,0,0,Oceanodromous,Viviparous,no,no,no,Gregarious,Carnivorous,fusiform / normal,0,0,1,reef-associated,WaterAssumed,oceanodromous,62.23
Carcharhinus falciformis,Carcharhinus falciformis,Carcharhinus,Carcharhinus,A,1,VU,NA,2021,NA,300,350,1,50,0,0,1,0,0,0,Oceanodromous,Viviparous,no,no,no,Solitary,Carnivorous,fusiform / normal,0,0,1,reef-associated,WaterAssumed,oceanodromous,82.14
Carcharhinus limbatus,Carcharhinus limbatus,Carcharhinus,Carcharhinus,U,0,VU,DD,2021,2016,320,340,1,50,0,0,1,0,0,0,Amphidromous,Viviparous,no,no,no,Gregarious,Carnivorous,fusiform / normal,0,1,1,reef-associated,WaterAssumed,amphidromous,55.45
Carcharhinus melanopterus,Carcharhinus melanopterus,Carcharhinus,Carcharhinus,U,0,VU,NA,2020,NA,165,200,1,30,0,0,0,1,1,0,Amphidromous,Viviparous,no,no,no,Mix,Carnivorous,fusiform / normal,0,1,1,reef-associated,WaterAssumed,amphidromous,56.83
Carcharhinus obscurus,Carcharhinus obscurus,Carcharhinus,Carcharhinus,U,0,EN,DD,2019,2016,350,420,1,400,1,1,1,0,0,0,Oceanodromous,Viviparous,no,no,no,Solitary,Carnivorous,fusiform / normal,0,1,1,reef-associated,WaterAssumed,oceanodromous,87.65
Carcharhinus plumbeus,Carcharhinus plumbeus,Carcharhinus,Carcharhinus,U,0,EN,EN,2021,2016,250,300,1,100,1,0,0,1,0,0,Oceanodromous,Viviparous,no,no,no,Gregarious,Carnivorous,fusiform / normal,0,1,1,benthopelagic,WaterAssumed,oceanodromous,86.8
Carcharias taurus,Carcharias taurus,Carcharias,Carcharias,U,0,CR,CR,2025,2016,300,320,1,70,0,0,0,1,0,0,Oceanodromous,Ovoviviparous,no,no,no,Mix,Carnivorous,fusiform / normal,0,0,1,reef-associated,WaterAssumed,oceanodromous,58.1
Carcharodon carcharias,Carcharodon carcharias,Carcharodon,Carcharodon,U,0,VU,CR,2022,2016,640,720,1,100,0,0,1,0,0,0,Oceanodromous,Ovoviviparous,no,no,no,Mix,Carnivorous,fusiform / normal,0,1,1,pelagic-oceanic,WaterAssumed,oceanodromous,85.78
Cataetyx alleni,Cataetyx alleni,Cataetyx,Cataetyx,U,0,LC,LC,2015,2011,4,12,480,1000,1,0,0,1,0,0,no,Viviparous,no,no,no,NA,Carnivorous,elongated,0,0,1,bathydemersal,WaterAssumed,NA,14.44
Cataetyx aticeps,Cataetyx laticeps,Cataetyx,Cataetyx,U,0,LC,LC,2015,2011,60,65,500,2400,1,1,0,1,0,0,no,Viviparous,no,no,no,NA,Carnivorous,elongated,0,0,1,bathydemersal,WaterAssumed,NA,46
Centracanthus cirrus,Centracanthus cirrus,Centracanthus,Centracanthus,U,0,LC,LC,2014,2011,15,22,10,200,0,1,1,0,1,0,no,Oviparous,no,no,Planktotrophic,Gregarious,Carnivorous,fusiform / normal,0,0,1,benthopelagic,WaterAssumed,NA,24
Centrolabrus exoletus,Centrolabrus exoletus,Centrolabrus,Centrolabrus,A,1,LC,NA,2015,NA,12,17,2,15,0,0,0,0,1,0,no,Oviparous,no,no,Planktotrophic,Gregarious,Carnivorous,fusiform / normal,0,0,1,reef-associated,WaterAssumed,NA,20
Centrolophus niger,Centrolophus niger,Centrolophus,Centrolophus,U,0,LC,LC,2015,2011,120,150,5,800,0,0,1,0,0,0,Oceanodromous,Oviparous,no,no,Planktotrophic,Gregarious,Carnivorous,fusiform / normal,0,0,1,bathypelagic,WaterAssumed,NA,90
Centrophorus granulosus,Centrophorus granulosus,Centrophorus,Centrophorus,U,0,EN,CR,2024,2016,100,150,60,1200,1,1,0,1,0,0,no,Ovoviviparous,no,no,no,Solitary,Carnivorous,elongated,0,0,1,bathydemersal,WaterAssumed,NA,70
Centrophorus uyato,Centrophorus uyato,Centrophorus,Centrophorus,U,0,EN,CR,2024,2016,90,100,50,1400,1,1,0,0,0,0,no,Ovoviviparous,no,no,no,Solitary,Carnivorous,elongated,0,0,1,bathydemersal,WaterAssumed,NA,66
Centroscymnus coelolepis,Centroscymnus coelolepis,Centroscymnus,Centroscymnus,U,0,NT,LC,2021,2016,92,120,150,3700,0,1,1,1,0,0,no,Ovoviviparous,no,no,no,Solitary,Carnivorous,elongated,0,0,1,bathydemersal,WaterAssumed,NA,72.6
Cephalopholis argus,Cephalopholis argus,Cephalopholis,Cephalopholis,RS,1,LC,NA,2018,NA,40,60,0,40,NA,NA,NA,NA,NA,NA,NA,NA,NA,NA,NA,NA,NA,fusiform / normal,0,0,1,reef-associated,WaterAssumed,non-migratory,44
Cephalopholis hemistiktos,Cephalopholis hemistiktos,Cephalopholis,Cephalopholis,RS,1,LC,NA,2018,NA,23,35,4,55,NA,NA,NA,NA,NA,NA,NA,NA,NA,NA,NA,NA,NA,fusiform / normal,0,0,1,reef-associated,WaterAssumed,non-migratory,57.85
Cephalopholis nigri,Cephalopholis nigri,Cephalopholis,Cephalopholis,A,1,LC,NA,2018,NA,20,30.5,NA,100,NA,NA,NA,NA,NA,NA,NA,NA,NA,NA,NA,NA,NA,fusiform / normal,0,1,1,demersal,WaterAssumed,NA,20.5
Cephalopholis taeniops,Cephalopholis taeniops,Cephalopholis,Cephalopholis,A,1,LC,NA,2018,NA,40,70,20,300,0,0,0,1,1,0,no,Oviparous,Protogynous,no,Planktotrophic,NA,Carnivorous,fusiform / normal,0,0,1,demersal,WaterAssumed,NA,56.4
Cepola macrophthalma,Cepola macrophthalma,Cepola,Cepola,U,0,LC,LC,2015,2011,45,70,40,100,1,1,0,1,0,0,NA,Oviparous,no,no,NA,Mix,Carnivorous,elongated,0,0,1,demersal,WaterAssumed,NA,54.56
Ceratoscopelus maderensis,Ceratoscopelus maderensis,Ceratoscopelus,Ceratoscopelus,U,0,LC,LC,2015,2011,5,8,50,1080,0,0,1,0,0,0,Oceanodromous,Oviparous,no,no,Planktotrophic,Gregarious,Carnivorous,elongated,0,0,1,bathypelagic,WaterAssumed,oceanodromous,10
Cetorhinus maximus,Cetorhinus maximus,Cetorhinus,Cetorhinus,U,0,EN,EN,2021,2016,280,320,1,70,0,0,0,1,1,0,Oceanodromous,Ovoviviparous,no,no,no,Gregarious,Carnivorous,elongated,0,0,1,pelagic-oceanic,WaterAssumed,oceanodromous,86.06
Chaetodipterus faber,Chaetodipterus faber,Chaetodipterus,Chaetodipterus,A,1,LC,NA,2015,NA,50.40000153,91,3,35,NA,NA,NA,NA,NA,NA,NA,NA,NA,NA,NA,NA,NA,short and / or deep,0,1,1,reef-associated,WaterAssumed,oceanodromous,51.99
Chaetodon auriga,Chaetodon auriga,Chaetodon,Chaetodon,RS,1,LC,NA,2010,NA,NA,25,0,60,NA,NA,NA,NA,NA,NA,NA,NA,NA,NA,NA,NA,NA,short and / or deep,0,0,1,reef-associated,WaterAssumed,non-migratory,23.31
Chaetodon austriacus,Chaetodon austriacus,Chaetodon,Chaetodon,RS,1,LC,NA,2010,NA,NA,13,1,15,NA,NA,NA,NA,NA,NA,NA,NA,NA,NA,NA,NA,NA,short and / or deep,0,0,1,reef-associated,WaterAssumed,non-migratory,15.04
Chaetodon hoefleri,Chaetodon hoefleri,Chaetodon,Chaetodon,U,0,LC,NA,2010,NA,17.5,27,10,100,0,0,0,0,1,0,NA,Oviparous,no,no,Planktotrophic,Mix,Carnivorous,short and / or deep,0,0,1,reef-associated,WaterAssumed,NA,17
Chaetodon larvatus,Chaetodon larvatus,Chaetodon,Chaetodon,RS,1,LC,NA,2010,NA,12,12,3,12,NA,NA,NA,NA,NA,NA,NA,NA,NA,NA,NA,NA,NA,short and / or deep,0,0,1,reef-associated,WaterAssumed,NA,13.29
Champsodon nudivittis,Champsodon nudivittis,Champsodon,Champsodon,RS,1,NA,NA,NA,NA,NA,12.69999981,0,335,NA,NA,NA,NA,NA,NA,NA,NA,NA,NA,NA,NA,NA,elongated,0,0,1,pelagic-oceanic,WaterAssumed,NA,10
Chanos chanos,Chanos chanos,Chanos,Chanos,RS,1,LC,NA,2019,NA,100,180,1,30,NA,NA,NA,NA,NA,NA,NA,NA,NA,NA,NA,NA,NA,elongated,1,1,1,benthopelagic,WaterAssumed,amphidromous,90
Chauliodus sloani,Chauliodus sloani,Chauliodus,Chauliodus,U,0,LC,LC,2015,2011,22,35,200,4700,0,0,1,0,0,0,Oceanodromous,Oviparous,no,no,Planktotrophic,Solitary,Carnivorous,elongated,0,0,1,bathypelagic,WaterAssumed,NA,32.7
Chaunax pictus,Chaunax pictus,Chaunax,Chaunax,A,0,LC,DD,2015,2011,29,40,200,978,1,1,0,1,0,0,no,Oviparous,no,no,Planktotrophic,Solitary,Carnivorous,short and / or deep,0,0,1,bathydemersal,WaterAssumed,NA,30
Cheilinus lunulatus,Cheilinus lunulatus,Cheilinus,Cheilinus,RS,1,LC,NA,2010,NA,35,50,2,30,NA,NA,NA,NA,NA,NA,NA,NA,NA,NA,NA,NA,NA,short and / or deep,0,0,1,reef-associated,WaterAssumed,NA,40
Cheilodipterus novemstriatus,Cheilodipterus novemstriatus,Cheilodipterus,Cheilodipterus,RS,1,NA,NA,NA,NA,NA,8,1,50,NA,NA,NA,NA,NA,NA,NA,NA,NA,NA,NA,NA,NA,fusiform / normal,0,0,1,demersal,WaterAssumed,NA,10
Cheilopogon furcatus,Cheilopogon furcatus,Cheilopogon,Cheilopogon,A,1,LC,NA,2015,NA,25,35,1,20,0,0,1,0,0,0,Oceanodromous,Oviparous,no,no,Planktotrophic,Solitary,Carnivorous,elongated,0,0,1,pelagic-oceanic,WaterAssumed,oceanodromous,25
Cheilopogon heterurus,Cheilopogon heterurus,Cheilopogon,Cheilopogon,U,0,LC,DD,2015,2011,32.5,40,1,5,0,0,0,0,0,0,Oceanodromous,Oviparous,no,no,Planktotrophic,Gregarious,Carnivorous,elongated,0,0,1,pelagic-neritic,WaterAssumed,oceanodromous,30
Chelon labrosus,Chelon labrosus,Chelon,Chelon,U,0,NT,LC,2024,2011,50,90,1,5,0,0,0,1,1,0,Catadromous,Oviparous,no,no,Planktotrophic,Gregarious,Omnivorous,elongated,1,1,1,demersal,WaterAssumed,catadromous,63.47
Chilomycterus reticulatus,Chilomycterus reticulatus,Chilomycterus,Chilomycterus,A,1,LC,NA,2015,NA,30,69.69999695,20,100,NA,NA,NA,NA,NA,NA,NA,NA,NA,NA,NA,NA,NA,short and / or deep,0,0,1,reef-associated,WaterAssumed,NA,19.78
Chilomycterus spilostylus,Cyclichthys spilostylus,Chilomycterus,Cyclichthys,RS,1,NA,NA,NA,NA,28,34,2,90,0,0,0,0,1,0,no,Oviparous,no,no,Planktotrophic,Solitary,Carnivorous,short and / or deep,0,0,1,reef-associated,WaterAssumed,NA,24
Chilomycterus spinosus,Chilomycterus spinosus,Chilomycterus,Chilomycterus,A,1,LC,NA,2015,NA,NA,28,70,190,NA,NA,NA,NA,NA,NA,NA,NA,NA,NA,NA,NA,NA,short and / or deep,0,1,1,demersal,WaterAssumed,NA,18
Chimaera monstrosa,Chimaera monstrosa,Chimaera,Chimaera,U,0,VU,NT,2020,2016,80,100,100,500,0,1,0,0,0,0,Oceanodromous,Oviparous,no,no,no,Mix,Carnivorous,elongated,0,0,1,bathydemersal,WaterAssumed,oceanodromous,68.13
Chlopsis bicolor,Chlopsis bicolor,Chlopsis,Chlopsis,U,0,LC,LC,2015,2011,36,42,20,350,1,0,0,1,0,0,NA,Oviparous,no,no,Planktotrophic,NA,Carnivorous,eel-like,0,0,1,demersal,WaterAssumed,NA,32
Chlorophthalmus agassizi,Chlorophthalmus agassizi,Chlorophthalmus,Chlorophthalmus,U,0,LC,LC,2015,2011,17.5,20,50,1000,0,1,0,1,0,0,no,Oviparous,Hermaphrodite,no,Planktotrophic,Gregarious,Carnivorous,elongated,0,1,1,bathydemersal,WaterAssumed,NA,30
Chloroscombrus chrysurus,Chloroscombrus chrysurus,Chloroscombrus,Chloroscombrus,A,1,LC,NA,2015,NA,25,65,0,110,NA,NA,NA,NA,NA,NA,NA,NA,NA,NA,NA,NA,NA,fusiform / normal,0,1,1,pelagic-neritic,WaterAssumed, ,29.1
Chlorurus rhakoura,Chlorurus rhakoura,Chlorurus,Chlorurus,RS,1,LC,NA,2012,NA,NA,44.20000076,1,30,NA,NA,NA,NA,NA,NA,NA,NA,NA,NA,NA,NA,NA,fusiform / normal,0,0,1,reef-associated,WaterAssumed,NA,41.57
Chromis chromis,Chromis chromis,Chromis,Chromis,U,0,LC,LC,2015,2011,9,15,5,15,0,0,0,0,1,1,no,Oviparous,no,no,Planktotrophic,Gregarious,Carnivorous,fusiform / normal,0,0,1,reef-associated,WaterAssumed,non-migratory,35.46
Chromogobius quadrivittatus,Chromogobius quadrivittatus,Chromogobius,Chromogobius,E,0,LC,NA,2025,NA,5.5,6.6,1,5,0,0,0,0,1,0,no,Oviparous,no,no,Planktotrophic,Solitary,Carnivorous,elongated,0,0,1,demersal,WaterAssumed,NA,10
Chromogobius zebratus,Chromogobius zebratus,Chromogobius,Chromogobius,E,0,LC,LC,2025,2014,5,6,1,5,0,0,0,0,1,0,no,Oviparous,no,no,Leicitotrophic,Solitary,Carnivorous,fusiform / normal,0,0,1,demersal,WaterAssumed,NA,10
Chrysiptera cyanea,Chrysiptera cyanea,Chrysiptera,Chrysiptera,O,1,LC,NA,2022,NA,NA,8.5,0,10,NA,NA,NA,NA,NA,NA,NA,NA,NA,NA,NA,NA,NA,fusiform / normal,0,0,1,reef-associated,WaterAssumed,non-migratory,10
Chrysiptera hemicyanea,Chrysiptera hemicyanea,Chrysiptera,Chrysiptera,O,1,VU,NA,2022,NA,NA,7,1,38,NA,NA,NA,NA,NA,NA,NA,NA,NA,NA,NA,NA,NA,fusiform / normal,0,0,1,reef-associated,WaterAssumed,non-migratory,10
Citharus linguatula,Citharus linguatula,Citharus,Citharus,U,0,LC,LC,2015,2011,27.5,30,20,40,1,1,0,0,1,0,no,Oviparous,no,no,Planktotrophic,Solitary,Carnivorous,fusiform / normal,0,0,1,demersal,WaterAssumed,NA,37.19
Clinitrachus argentatus,Clinitrachus argentatus,Clinitrachus,Clinitrachus,U,0,LC,LC,2026,2011,7.5,10,0.5,1,0,0,0,0,1,1,no,Oviparous,no,no,Planktotrophic,Solitary,Carnivorous,elongated,0,0,1,demersal,WaterAssumed,NA,10
Conger conger,Conger conger,Conger,Conger,U,0,LC,LC,2015,2011,175,300,5,100,1,1,0,1,1,0,Oceanodromous,Oviparous,no,yes,Planktotrophic,Solitary,Carnivorous,eel-like,0,0,1,demersal,WaterAssumed,oceanodromous,85.83
Corcyrogobius liechtensteini,Corcyrogobius liechtensteini,Corcyrogobius,Corcyrogobius,E,0,LC,LC,2025,2025,2.7,3,5,20,0,0,0,0,1,0,no,Oviparous,no,no,Planktotrophic,Solitary,Omnivorous,elongated,0,0,1,demersal,WaterAssumed,NA,10
Coris julis,Coris julis,Coris,Coris,U,0,LC,LC,2010,2011,22.5,28,1,60,0,0,0,0,1,1,NA,Oviparous,Protogynous,no,Planktotrophic,Mix,Carnivorous,fusiform / normal,0,0,1,reef-associated,WaterAssumed,NA,38.53
Coryphaena equiselis,Coryphaena equiselis,Coryphaena,Coryphaena,U,0,LC,DD,2011,2011,50,127,1,100,0,0,1,1,0,0,Oceanodromous,Oviparous,no,no,Planktotrophic,Gregarious,Carnivorous,fusiform / normal,0,0,1,pelagic-oceanic,WaterAssumed,oceanodromous,87.42
Coryphaena hippurus,Coryphaena hippurus,Coryphaena,Coryphaena,U,0,LC,LC,2011,2011,100,200,1,100,0,0,1,0,0,0,Oceanodromous,Oviparous,no,no,Planktotrophic,Gregarious,Carnivorous,elongated,0,1,1,pelagic-neritic,WaterAssumed,oceanodromous,40.65
Coryphaenoides guentheri,Coryphaenoides guentheri,Coryphaenoides,Coryphaenoides,U,0,LC,LC,2015,2011,NA,48,1200,2600,0,0,1,0,0,0,no,Oviparous,no,no,Planktotrophic,NA,Carnivorous,elongated,0,0,1,bathydemersal,WaterAssumed,non-migratory,40
Coryphoblennius galerita,Coryphoblennius galerita,Coryphoblennius,Coryphoblennius,U,0,LC,LC,2026,2011,8.5,10,0.5,1,0,0,0,0,1,0,no,Oviparous,no,no,Planktotrophic,Solitary,Omnivorous,elongated,0,0,1,demersal,Facultative,NA,10
Crenidens crenidens,Crenidens crenidens,Crenidens,Crenidens,RS,1,LC,NA,2014,NA,20,25,1,10,0,0,0,1,1,1,no,Oviparous,no,no,Planktotrophic,Solitary,Omnivorous,short and / or deep,0,0,1,demersal,WaterAssumed,NA,20
Crenimugil seheli,Moolgarda seheli,Crenimugil,Moolgarda,RS,1,LC,NA,2020,NA,40,60,0,3,NA,NA,NA,NA,NA,NA,NA,NA,NA,NA,NA,NA,NA,fusiform / normal,1,1,1,reef-associated,WaterAssumed,catadromous,39.5
Cryptocentrus caeruleopunctatus,Cryptocentrus caeruleopunctatus,Cryptocentrus,Cryptocentrus,RS,1,LC,NA,2019,NA,NA,13,NA,NA,NA,NA,NA,NA,NA,NA,NA,NA,NA,NA,NA,NA,NA,elongated,0,0,1,reef-associated,WaterAssumed,NA,10
Cryptocentrus steinhardti,Cryptocentrus steinhardti,Cryptocentrus,Cryptocentrus,RS,1,DD,NA,2024,NA,NA,8.18999958,60,80,NA,NA,NA,NA,NA,NA,NA,NA,NA,NA,NA,NA,NA,elongated,0,0,1,demersal,NA,NA,10
Crystallogobius linearis,Crystallogobius linearis,Crystallogobius,Crystallogobius,U,0,LC,LC,2025,2011,4.3,4.7,1,400,1,0,0,1,0,0,no,Oviparous,no,yes,Planktotrophic,Gregarious,Carnivorous,elongated,0,0,1,demersal,WaterAssumed,non-migratory,13.92
Ctenogobius boleosoma,Ctenogobius boleosoma,Ctenogobius,Ctenogobius,A,1,LC,NA,2019,NA,4,7.5,NA,NA,NA,NA,NA,NA,NA,NA,NA,NA,NA,NA,NA,NA,NA,elongated,1,1,1,reef-associated,FacultativeGenus,amphidromous,10
Ctenolabrus rupestris,Ctenolabrus rupestris,Ctenolabrus,Ctenolabrus,U,0,LC,LC,2010,2011,14,18,5,20,0,0,0,0,1,1,NA,Oviparous,Protogynous,no,Planktotrophic,Solitary,Carnivorous,fusiform / normal,0,0,1,reef-associated,WaterAssumed,NA,32.5
Cubiceps capensis,Cubiceps capensis,Cubiceps,Cubiceps,U,0,LC,DD,2015,2011,30,100,1,3000,0,0,1,0,0,0,Oceanodromous,Oviparous,no,no,Planktotrophic,NA,Carnivorous,fusiform / normal,0,0,1,pelagic-oceanic,WaterAssumed,oceanodromous,60.6
Cyclopterus lumpus,Cyclopterus lumpus,Cyclopterus,Cyclopterus,A,1,NA,NA,NA,NA,25,60,50,150,0,1,1,0,1,0,Oceanodromous,Oviparous,no,no,Planktotrophic,Solitary,Carnivorous,short and / or deep,0,0,1,benthopelagic,WaterAssumed,oceanodromous,46.79
Cyclothone braueri,Cyclothone braueri,Cyclothone,Cyclothone,U,0,LC,LC,2015,2011,2,3.8,250,900,0,0,1,0,0,0,no,Oviparous,no,no,Planktotrophic,NA,Carnivorous,elongated,0,0,1,bathypelagic,WaterAssumed,NA,10
Cyclothone pygmaea,Cyclothone pygmaea,Cyclothone,Cyclothone,E,0,LC,LC,2014,2014,2,3,50,1000,1,1,0,NA,NA,NA,Amphidromous,Oviparous,no,yes,NA,NA,Carnivorous,elongated,0,0,1,bathypelagic,WaterAssumed,NA,10
Cynoglossus sinusarabici,Cynoglossus sinusarabici,Cynoglossus,Cynoglossus,RS,1,LC,NA,2020,NA,12,15,5,15,1,0,0,1,0,0,no,Oviparous,no,no,Planktotrophic,Solitary,Carnivorous,elongated,0,0,1,demersal,WaterAssumed,NA,10
Cynoponticus ferox,Cynoponticus ferox,Cynoponticus,Cynoponticus,U,0,LC,DD,2015,2011,55,200,10,100,1,0,0,1,0,0,NA,Oviparous,no,no,Planktotrophic,Solitary,Carnivorous,eel-like,0,0,1,demersal,WaterAssumed,NA,90
Dactylopterus volitans,Dactylopterus volitans,Dactylopterus,Dactylopterus,U,0,LC,LC,2015,2011,37.5,55,15,50,1,0,0,1,0,0,NA,Oviparous,no,no,Planktotrophic,NA,Carnivorous,fusiform / normal,0,1,1,reef-associated,WaterAssumed,NA,36.51
Dalatias licha,Dalatias licha,Dalatias,Dalatias,U,0,VU,VU,2018,2016,150,180,300,700,1,1,0,0,1,0,no,Ovoviviparous,no,no,no,Mix,Carnivorous,elongated,0,0,1,bathydemersal,WaterAssumed,NA,65.06
Dalophis imberbis,Dalophis imberbis,Dalophis,Dalophis,U,0,LC,LC,2022,2011,110,150,20,80,0,0,0,1,0,0,NA,Oviparous,no,no,Planktotrophic,NA,Carnivorous,eel-like,0,0,1,demersal,WaterAssumed,NA,90
Dasyatis centroura,Bathytoshia centroura,Dasyatis,Bathytoshia,U,0,VU,NA,2020,NA,125,220,5,50,1,0,0,1,0,0,Oceanodromous,Ovoviviparous,no,no,no,Gregarious,Carnivorous,other,0,1,1,demersal,WaterAssumed,NA,90
Dasyatis tortonesei,Dasyatis tortonesei,Dasyatis,Dasyatis,E,0,DD,NA,2021,NA,65,80,5,200,1,0,0,1,0,0,Oceanodromous,Ovoviviparous,no,no,no,Gregarious,Carnivorous,other,0,0,1,demersal,WaterAssumed,NA,78.45
Dasyatis violacea,Pteroplatytrygon violacea,Dasyatis,Pteroplatytrygon,U,0,LC,LC,2019,2016,75,90,1,100,1,0,0,0,0,0,Oceanodromous,Ovoviviparous,no,no,no,Gregarious,Carnivorous,other,0,0,1,pelagic-oceanic,WaterAssumed,NA,62.71
Decapturus russelli,Decapterus russelli,Decapturus,Decapterus,RS,1,LC,NA,2010,NA,12,40,1,100,0,0,0,1,0,0,no,Oviparous,no,no,Planktotrophic,Gregarious,Carnivorous,fusiform / normal,0,0,1,benthopelagic,WaterAssumed,NA,24.16
Deltentosteus collonianus,Deltentosteus collonianus,Deltentosteus,Deltentosteus,U,0,LC,LC,2025,2011,6.5,7,5,120,0,0,0,1,0,1,no,Oviparous,no,no,Planktotrophic,Solitary,Carnivorous,fusiform / normal,0,0,1,demersal,WaterAssumed,NA,10
Deltentosteus quadrimaculatus,Deltentosteus quadrimaculatus,Deltentosteus,Deltentosteus,U,0,LC,LC,2025,2011,7.5,9,15,50,1,0,0,1,0,0,no,Oviparous,no,no,Planktotrophic,Solitary,Carnivorous,elongated,0,0,1,demersal,WaterAssumed,non-migratory,23.15
Dentex canariensis,Dentex canariensis,Dentex,Dentex,A,1,LC,NA,2014,NA,32.5,100,NA,450,NA,NA,NA,NA,NA,NA,NA,NA,NA,NA,NA,NA,NA,fusiform / normal,0,0,1,demersal,WaterAssumed,NA,60.05
Dentex dentex,Dentex dentex,Dentex,Dentex,U,0,VU,VU,2014,2011,60,100,15,50,1,1,0,0,1,0,Oceanodromous,Oviparous,no,no,Leicitotrophic,Mix,Carnivorous,fusiform / normal,0,0,1,benthopelagic,WaterAssumed,NA,66.3
Dentex gibbosus,Dentex gibbosus,Dentex,Dentex,U,0,LC,DD,2014,2011,67.5,100,40,130,1,1,0,0,1,0,NA,Oviparous,Protandrous,no,Planktotrophic,Gregarious,Carnivorous,fusiform / normal,0,0,1,benthopelagic,WaterAssumed,NA,59.52
Dentex macrophthalmus,Dentex macrophthalmus,Dentex,Dentex,U,0,LC,DD,2014,2011,47.5,65,50,150,1,0,0,1,1,0,Oceanodromous,Oviparous,NA,no,Planktotrophic,NA,Carnivorous,fusiform / normal,0,0,1,benthopelagic,WaterAssumed,oceanodromous,50.85
Dentex maroccanus,Dentex maroccanus,Dentex,Dentex,U,0,LC,DD,2014,2011,32.5,45,50,100,0,0,0,0,1,0,Oceanodromous,Oviparous,NA,no,Planktotrophic,NA,Carnivorous,fusiform / normal,0,0,1,demersal,WaterAssumed,NA,52.48
Diaphus holti,Diaphus holti,Diaphus,Diaphus,U,0,LC,LC,2010,2011,4.5,7,40,770,0,0,1,0,0,0,Oceanodromous,Oviparous,no,no,Planktotrophic,NA,Carnivorous,fusiform / normal,0,0,1,bathypelagic,WaterAssumed,oceanodromous,10
Diaphus metopoclampus,Diaphus metopoclampus,Diaphus,Diaphus,U,0,LC,LC,2015,2011,5,8,90,1080,0,0,1,0,0,0,no,NA,no,no,NA,Solitary,Carnivorous,fusiform / normal,0,0,1,bathypelagic,WaterAssumed,non-migratory,10
Diaphus rafinesquii,Diaphus rafinesquii,Diaphus,Diaphus,U,0,LC,LC,2010,2011,5,9,40,1200,0,0,1,0,0,0,Oceanodromous,Oviparous,no,no,Planktotrophic,NA,Carnivorous,elongated,0,0,1,bathypelagic,WaterAssumed,oceanodromous,10
Dicentrarchus labrax,Dicentrarchus labrax,Dicentrarchus,Dicentrarchus,U,0,NT,NT,2024,2011,80,110,1,30,0,0,0,1,1,0,Oceanodromous,Oviparous,no,no,NA,Mix,Carnivorous,fusiform / normal,1,1,1,demersal,WaterAssumed,oceanodromous,66.07
Dicentrarchus punctatus,Dicentrarchus punctatus,Dicentrarchus,Dicentrarchus,U,0,LC,LC,2015,2011,52.5,70,1,10,0,0,0,1,1,1,Amphidromous,Oviparous,no,no,NA,NA,Carnivorous,fusiform / normal,0,1,1,pelagic-neritic,WaterAssumed, ,35.94
Dicologlossa cuneata,Dicologlossa cuneata,Dicologlossa,Dicologlossa,U,0,LC,DD,2022,2011,27.5,30,10,100,1,0,0,1,0,0,NA,Oviparous,no,no,Planktotrophic,NA,Carnivorous,short and / or deep,0,1,1,demersal,WaterAssumed,NA,31.32
Didogobius bentuvii,Didogobius bentuvii,Didogobius,Didogobius,E,0,DD,DD,2025,2025,3.7,NA,1,37,NA,NA,NA,1,0,0,no,Oviparous,no,no,Planktotrophic,Solitary,Omnivorous,elongated,0,0,1,demersal,WaterAssumed,NA,10
Didogobius schlieweni,Didogobius schlieweni,Didogobius,Didogobius,E,0,LC,LC,2025,2025,4.5,5,8,12,0,0,0,0,1,0,no,Oviparous,no,no,Planktotrophic,Solitary,Omnivorous,elongated,0,0,1,demersal,WaterAssumed,NA,10
Didogobius splechtnai,Marcelogobius splechtnai,Didogobius,Marcelogobius,E,0,LC,LC,2025,2025,3.25,3.5,4,18,0,0,0,0,1,0,no,Oviparous,no,no,Planktotrophic,Solitary,Omnivorous,elongated,0,0,1,demersal,WaterAssumed,NA,10
Diodon hystrix,Diodon hystrix,Diodon,Diodon,A,1,LC,NA,2015,NA,50,100,5,25,0,0,0,0,1,0,no,Oviparous,no,no,Planktotrophic,Solitary,Carnivorous,short and / or deep,0,0,1,reef-associated,WaterAssumed,NA,56.4
Diogenichthys atlanticus,Diogenichthys atlanticus,Diogenichthys,Diogenichthys,U,0,LC,DD,2015,2011,1.5,3,1,1050,0,0,1,0,0,0,Oceanodromous,Oviparous,no,no,Planktotrophic,NA,Carnivorous,elongated,0,0,1,bathypelagic,WaterAssumed,oceanodromous,10
Diplecogaster bimaculata,Diplecogaster bimaculata,Diplecogaster,Diplecogaster,U,0,LC,LC,2015,2011,4.25,6,10,50,1,0,0,1,0,1,no,Oviparous,no,no,Planktotrophic,Solitary,Carnivorous,elongated,0,0,1,benthopelagic,WaterAssumed,NA,10
Diplodus annularis,Diplodus annularis,Diplodus,Diplodus,U,0,LC,LC,2014,2011,16.5,25,1,20,0,0,0,1,0,1,Oceanodromous,Oviparous,Protandrous,no,Planktotrophic,Solitary,Carnivorous,fusiform / normal,0,1,1,benthopelagic,WaterAssumed,NA,35.68
Diplodus bellottii,Diplodus bellottii,Diplodus,Diplodus,A,1,LC,NA,2014,NA,15,20,10,50,1,0,0,1,1,1,no,Oviparous,no,no,Planktotrophic,Gregarious,Carnivorous,fusiform / normal,0,0,1,benthopelagic,WaterAssumed,NA,35.74
Diplodus cervinus,Diplodus cervinus,Diplodus,Diplodus,U,0,LC,DD,2014,2011,42.5,55,10,50,0,0,0,0,1,0,Oceanodromous,Oviparous,Protandrous,no,Planktotrophic,Mix,Omnivorous,fusiform / normal,0,0,1,reef-associated,WaterAssumed,oceanodromous,54.55
Diplodus puntazzo,Diplodus puntazzo,Diplodus,Diplodus,U,0,LC,LC,2014,2011,35,60,10,50,0,0,0,0,1,0,Oceanodromous,Oviparous,Protandrous,no,Planktotrophic,Gregarious,Omnivorous,fusiform / normal,0,1,1,benthopelagic,WaterAssumed,oceanodromous,40.17
Diplodus sargus,Diplodus sargus,Diplodus,Diplodus,E,0,LC,NA,2014,NA,25,45,1,40,0,0,0,0,1,0,Oceanodromous,Oviparous,Protandrous,no,Planktotrophic,Gregarious,Carnivorous,fusiform / normal,0,1,1,demersal,WaterAssumed,oceanodromous,56.85
Diplodus vulgaris,Diplodus vulgaris,Diplodus,Diplodus,U,0,LC,LC,2014,2011,25,45,2,50,1,0,0,1,1,1,Oceanodromous,Oviparous,Protandrous,no,Planktotrophic,Gregarious,Carnivorous,fusiform / normal,0,0,1,benthopelagic,WaterAssumed,oceanodromous,32.91
Diplogrammus randalli,Diplogrammus randalli,Diplogrammus,Diplogrammus,RS,1,NA,NA,NA,NA,NA,7,NA,NA,NA,NA,NA,NA,NA,NA,NA,NA,NA,NA,NA,NA,NA,elongated,0,0,1,demersal,WaterAssumed,NA,10
Dipterygonotus balteatus,Dipterygonotus balteatus,Dipterygonotus,Dipterygonotus,RS,1,LC,NA,2016,NA,NA,14,37,91,NA,NA,NA,NA,NA,NA,NA,NA,NA,NA,NA,NA,NA,fusiform / normal,0,0,1,reef-associated,WaterAssumed,NA,10
Dussumieria acuta,Dussumieria acuta,Dussumieria,Dussumieria,U,0,LC,NA,2021,NA,15,20,1,20,1,0,0,0,0,0,no,NA,no,no,Planktotrophic,NA,Carnivorous,fusiform / normal,1,1,1,pelagic-neritic,WaterAssumed,NA,20.07
Dussumieria elapsoides,Dussumieria elopsoides,Dussumieria,Dussumieria,RS,1,LC,NA,2017,NA,10,15,1,50,0,0,1,0,0,0,no,Oviparous,no,no,Planktotrophic,Gregarious,Omnivorous,fusiform / normal,0,0,1,pelagic-neritic,WaterAssumed,NA,24.38
Dysomma brevirostre,Dysomma brevirostre,Dysomma,Dysomma,U,0,LC,DD,2015,2011,NA,30,350,650,0,1,0,NA,NA,NA,NA,Oviparous,no,no,Planktotrophic,NA,Carnivorous,eel-like,0,0,1,benthopelagic,WaterAssumed,NA,20
Echelus myrus,Echelus myrus,Echelus,Echelus,U,0,LC,LC,2015,2011,90,100,30,190,1,1,0,1,0,0,NA,Oviparous,no,no,Planktotrophic,NA,Carnivorous,eel-like,0,1,1,demersal,WaterAssumed,NA,60
Echeneis naucrates,Echeneis naucrates,Echeneis,Echeneis,U,0,LC,NA,2015,NA,95,110,1,15,0,0,0,0,0,0,Oceanodromous,Oviparous,no,no,Planktotrophic,Gregarious,Carnivorous,elongated,0,1,1,reef-associated,WaterAssumed,NA,66
Echiichthys vipera,Echiichthys vipera,Echiichthys,Echiichthys,U,0,NA,LC,NA,2011,11,16,1,10,0,0,0,1,0,0,NA,Oviparous,no,no,Planktotrophic,NA,Carnivorous,elongated,0,0,1,demersal,WaterAssumed,NA,17.7
Echinorhinus brucus,Echinorhinus brucus,Echinorhinus,Echinorhinus,U,0,EN,EN,2020,2016,200,310,10,900,1,1,1,1,1,0,no,Ovoviviparous,no,no,no,Solitary,Carnivorous,elongated,0,0,1,bathydemersal,WaterAssumed,NA,90
Echiodon dentatus,Echiodon dentatus,Echiodon,Echiodon,U,0,LC,LC,2011,2011,15,17,80,500,1,1,0,1,0,0,no,Oviparous,no,no,Planktotrophic,NA,Carnivorous,eel-like,0,0,1,demersal,WaterAssumed,NA,10
Elagatis bipinnulata,Elagatis bipinnulata,Elagatis,Elagatis,U,0,LC,NA,2015,NA,80,120,10,30,0,0,1,0,0,0,no,Oviparous,no,no,Planktotrophic,Gregarious,Carnivorous,fusiform / normal,0,0,1,reef-associated,WaterAssumed,NA,50.69
Elates ransonnettii,Elates ransonnettii,Elates,Elates,RS,1,NA,NA,NA,NA,15,19,1,50,1,0,0,1,1,0,no,NA,no,no,NA,NA,Carnivorous,elongated,0,0,1,demersal,WaterAssumed,NA,10
Electrona risso,Electrona risso,Electrona,Electrona,U,0,LC,LC,2015,2011,6,8,90,800,0,0,1,0,0,0,Oceanodromous,Oviparous,no,no,Planktotrophic,NA,Carnivorous,elongated,0,0,1,bathypelagic,WaterAssumed,oceanodromous,10
Enchelycore anatina,Enchelycore anatina,Enchelycore,Enchelycore,A,1,LC,NA,2015,NA,80,110,1,30,1,0,0,0,1,0,no,Oviparous,no,no,Planktotrophic,Solitary,Carnivorous,eel-like,0,0,1,reef-associated,WaterAssumed,NA,72
Encrasicholina gloria,Encrasicholina gloria,Encrasicholina,Encrasicholina,RS,1,DD,NA,2017,NA,NA,7.199999809,NA,NA,NA,NA,NA,NA,NA,NA,NA,NA,NA,NA,NA,NA,NA,elongated,0,0,1,pelagic-neritic,WaterAssumed,NA,10
Engraulis encrasicolus,Engraulis encrasicolus,Engraulis,Engraulis,E,0,LC,LC,2015,2011,14,20,1,400,0,0,0,1,0,0,Oceanodromous,Oviparous,no,no,Planktotrophic,Gregarious,Carnivorous,elongated,0,1,1,pelagic-neritic,WaterAssumed,oceanodromous,28.59
Entelurus aequoraeus,Entelurus aequoreus,Entelurus,Entelurus,A,0,LC,NA,2026,NA,35,60,1,20,1,0,0,0,0,1,Oceanodromous,Ovoviviparous,no,no,Planktotrophic,Solitary,Carnivorous,eel-like,0,1,1,demersal,WaterAssumed,NA,44
Ephippion guttiferum,Ephippion guttifer,Ephippion,Ephippion,A,0,LC,DD,2014,2011,40,80,5,100,0,0,1,1,0,0,Oceanodromous,Oviparous,no,no,Planktotrophic,Mix,Carnivorous,fusiform / normal,0,1,1,demersal,WaterAssumed,NA,52
Epigonus constanciae,Epigonus constanciae,Epigonus,Epigonus,U,0,LC,DD,2015,2011,16,20,160,700,0,1,0,1,1,0,no,Oviparous,no,no,Planktotrophic,Gregarious,Carnivorous,fusiform / normal,0,0,1,bathydemersal,WaterAssumed,NA,14.03
Epigonus denticulatus,Epigonus denticulatus,Epigonus,Epigonus,U,0,LC,LC,2015,2011,19,20,130,830,0,1,1,1,0,0,no,Oviparous,no,no,Planktotrophic,Gregarious,Carnivorous,fusiform / normal,0,0,1,bathydemersal,WaterAssumed,NA,10
Epigonus telescopus,Epigonus telescopus,Epigonus,Epigonus,U,0,LC,LC,2015,2011,50,60,75,1200,0,1,1,0,0,0,no,Oviparous,no,no,Planktotrophic,Gregarious,Carnivorous,fusiform / normal,0,0,1,bathydemersal,WaterAssumed,NA,69.34
Epinephelus aeneus,Epinephelus aeneus,Epinephelus,Epinephelus,U,0,NT,NT,2018,2011,90,130,20,100,0,0,0,1,0,1,Oceanodromous,Oviparous,Protogynous,no,Planktotrophic,Solitary,Carnivorous,fusiform / normal,0,1,1,demersal,WaterAssumed,oceanodromous,58.02
Epinephelus alexandrinus,Epinephelus fasciatus,Epinephelus,Epinephelus,R,1,LC,NA,2018,NA,85,140,10,100,1,0,0,1,1,0,NA,Oviparous,Protogynous,no,Planktotrophic,Gregarious,Carnivorous,fusiform / normal,0,1,1,reef-associated,WaterAssumed,NA,54.05
Epinephelus areolatus,Epinephelus areolatus,Epinephelus,Epinephelus,RS,1,LC,NA,2018,NA,35,53,6,200,NA,NA,NA,NA,NA,NA,NA,NA,NA,NA,NA,NA,NA,short and / or deep,0,0,1,reef-associated,WaterAssumed,NA,60.54
Epinephelus caninus,Epinephelus caninus,Epinephelus,Epinephelus,U,0,NA,NA,NA,NA,110,160,30,100,1,1,0,0,1,0,NA,Oviparous,Protogynous,no,Planktotrophic,Gregarious,Carnivorous,fusiform / normal,0,0,1,demersal,WaterAssumed,NA,87.06
Epinephelus coioides,Epinephelus coioides,Epinephelus,Epinephelus,RS,1,LC,NA,2018,NA,70,100,1,100,0,0,0,1,0,0,no,Oviparous,Protogynous,no,Planktotrophic,Solitary,Carnivorous,fusiform / normal,0,1,1,reef-associated,WaterAssumed,NA,57.51
Epinephelus geoffroyi,Epinephelus geoffroyi,Epinephelus,Epinephelus,RS,1,LC,NA,2018,NA,NA,40.79999924,3,32,NA,NA,NA,NA,NA,NA,NA,NA,NA,NA,NA,NA,NA,fusiform / normal,0,0,1,reef-associated,WaterAssumed,NA,39.78
Epinephelus haifensis,Hyporthodus haifensis,Epinephelus,Hyporthodus,U,0,LC,DD,2018,2011,75,110,80,150,1,1,0,0,1,0,Oceanodromous,Oviparous,Protogynous,no,Planktotrophic,NA,Carnivorous,fusiform / normal,0,0,1,demersal,WaterAssumed,NA,75
Epinephelus malabaricus,Epinephelus malabaricus,Epinephelus,Epinephelus,RS,1,LC,NA,2018,NA,80,115,2,80,0,0,0,1,1,0,Amphidromous,Oviparous,Protogynous,no,Planktotrophic,Solitary,Carnivorous,fusiform / normal,0,1,1,reef-associated,WaterAssumed,amphidromous,40.44
Epinephelus marginatus,Epinephelus marginatus,Epinephelus,Epinephelus,U,0,NA,NA,NA,NA,90,150,10,50,0,0,0,0,1,0,no,Oviparous,Protogynous,no,Planktotrophic,Gregarious,Carnivorous,fusiform / normal,0,0,1,reef-associated,WaterAssumed,NA,63.59
Epinephelus merra,Epinephelus merra,Epinephelus,Epinephelus,RS,1,LC,NA,2018,NA,NA,36.5,0,50,NA,NA,NA,NA,NA,NA,NA,NA,NA,NA,NA,NA,NA,fusiform / normal,0,0,1,reef-associated,WaterAssumed,NA,23.66
Epinephelus striatus,Epinephelus striatus,Epinephelus,Epinephelus,A,1,CR,NA,2018,NA,NA,122,1,90,NA,NA,NA,NA,NA,NA,NA,NA,NA,NA,NA,NA,NA,fusiform / normal,0,0,1,reef-associated,WaterAssumed,oceanodromous,63.42
Equulites leuciscus,Equulites leuciscus,Equulites,Equulites,RS,1,LC,NA,2017,NA,10,25,5,70,NA,NA,NA,NA,NA,NA,NA,NA,NA,NA,NA,NA,NA,fusiform / normal,0,0,1,demersal,WaterAssumed,NA,12.51
Equulites popei,Equulites popei,Equulites,Equulites,RS,1,LC,NA,2024,NA,8,12,20,100,NA,NA,NA,NA,NA,NA,NA,NA,NA,NA,NA,NA,NA,fusiform / normal,0,0,1,demersal,WaterAssumed,NA,13.8
Eretmophorus kleinenbergi,Eretmophorus kleinenbergi,Eretmophorus,Eretmophorus,U,0,LC,LC,2014,2014,NA,9,30,500,1,1,0,1,0,0,no,NA,no,no,NA,NA,Carnivorous,elongated,0,0,1,benthopelagic,WaterAssumed,NA,10
Etmopterus spinax,Etmopterus spinax,Etmopterus,Etmopterus,U,0,VU,LC,2021,2016,40,60,70,2000,1,1,0,0,0,0,no,Ovoviviparous,no,no,no,Solitary,Carnivorous,elongated,0,0,1,bathydemersal,WaterAssumed,NA,62.56
Etrumeus golanii,Etrumeus golanii,Etrumeus,Etrumeus,RS,1,DD,NA,2018,NA,NA,22,NA,50,NA,NA,NA,NA,NA,NA,NA,NA,NA,NA,NA,NA,NA,elongated,0,0,1,pelagic-neritic,WaterAssumed,NA,12
Etrumeus teres,Etrumeus sadina,Etrumeus,Etrumeus,RS,0,LC,NA,2015,NA,15,25,1,20,1,0,1,0,0,0,Oceanodromous,Oviparous,no,no,Planktotrophic,Gregarious,Carnivorous,elongated,0,0,1,pelagic-neritic,WaterAssumed,oceanodromous,15.77
Euthynnus alletteratus,Euthynnus alletteratus,Euthynnus,Euthynnus,U,0,LC,LC,2023,2011,80,100,1,40,1,0,0,0,0,0,Oceanodromous,Oviparous,no,no,Planktotrophic,Gregarious,Carnivorous,fusiform / normal,0,1,1,pelagic-oceanic,WaterAssumed,oceanodromous,40.63
Eutrigla gurnardus,Eutrigla gurnardus,Eutrigla,Eutrigla,E,0,NA,LC,NA,2011,40,60,20,150,1,1,0,1,1,0,Oceanodromous,Oviparous,no,no,Planktotrophic,NA,Carnivorous,elongated,0,1,1,demersal,WaterAssumed,NA,55.31
Evermannella balbo,Evermannella balbo,Evermannella,Evermannella,U,0,LC,LC,2015,2011,6,17,100,1000,0,0,1,0,0,0,Oceanodromous,Oviparous,no,no,Planktotrophic,Solitary,Piscivorous,elongated,0,0,1,bathypelagic,WaterAssumed,oceanodromous,10.56
Exocoetus obtusirostris,Exocoetus obtusirostris,Exocoetus,Exocoetus,U,0,LC,DD,2015,2011,18,24,1,5,1,1,0,0,0,0,Oceanodromous,NA,no,no,NA,Gregarious,Carnivorous,fusiform / normal,0,0,1,pelagic-neritic,WaterAssumed,oceanodromous,14
Exocoetus volitans,Exocoetus volitans,Exocoetus,Exocoetus,U,0,LC,DD,2015,2011,22,30,0,5,0,0,1,0,0,0,Oceanodromous,Oviparous,no,no,Planktotrophic,Gregarious,Carnivorous,elongated,0,0,1,pelagic-neritic,WaterAssumed,oceanodromous,20
Favonigobius melanobranchus,Favonigobius melanobranchus,Favonigobius,Favonigobius,RS,1,LC,NA,2024,NA,NA,8.300000191,0,5,NA,NA,NA,NA,NA,NA,NA,NA,NA,NA,NA,NA,NA,fusiform / normal,0,1,1,demersal,FacultativeGenus,NA,10
Fistularia commersonii,Fistularia commersonii,Fistularia,Fistularia,RS,1,LC,NA,2016,NA,100,160,1,132,0,0,0,1,1,0,no,NA,no,no,NA,Mix,Carnivorous,elongated,0,0,1,reef-associated,WaterAssumed,NA,42.15
Fistularia petimba,Fistularia petimba,Fistularia,Fistularia,A,1,LC,NA,2025,NA,180,200,18,57,0,0,0,1,1,1,Oceanodromous,Oviparous,no,no,Planktotrophic,Mix,Carnivorous,elongated,0,1,1,reef-associated,WaterAssumed,NA,90
Gadella maraldi,Gadella maraldi,Gadella,Gadella,U,0,LC,LC,2015,2011,15,30,250,500,0,1,0,1,1,0,NA,Oviparous,no,no,Planktotrophic,NA,Carnivorous,elongated,0,0,1,benthopelagic,WaterAssumed,NA,20
Gadiculus argenteus,Gadiculus argenteus,Gadiculus,Gadiculus,U,0,NA,LC,NA,2011,10,15,100,1000,1,1,0,1,1,0,no,NA,no,no,NA,NA,Carnivorous,fusiform / normal,0,0,1,pelagic-oceanic,WaterAssumed,non-migratory,25.07
Gadus morhua,Gadus morhua,Gadus,Gadus,A,1,VU,NA,1996,NA,100,200,0,600,NA,NA,NA,NA,NA,NA,NA,NA,NA,NA,NA,NA,NA,fusiform / normal,0,1,1,benthopelagic,WaterAssumed,oceanodromous,65.4
Gaidropsarus mediterraneus,Gaidropsarus mediterraneus,Gaidropsarus,Gaidropsarus,U,0,NA,LC,NA,2011,27.5,45,1,25,0,0,0,0,1,0,Oceanodromous,Oviparous,no,no,Planktotrophic,Solitary,Carnivorous,elongated,0,1,1,demersal,WaterAssumed,oceanodromous,21.39
Gaidropsarus vulgaris,Gaidropsarus vulgaris,Gaidropsarus,Gaidropsarus,U,0,LC,LC,2014,2011,37.5,60,30,80,1,0,0,1,0,0,Oceanodromous,Oviparous,no,no,Planktotrophic,NA,Carnivorous,elongated,0,0,1,demersal,WaterAssumed,non-migratory,44
Galeocerdo cuvieri,Galeocerdo cuvier,Galeocerdo,Galeocerdo,A,1,NT,NA,2019,NA,400,550,1,300,0,0,1,0,0,0,Oceanodromous,Ovoviviparous,no,no,no,Solitary,Omnivorous,fusiform / normal,0,1,1,benthopelagic,WaterAssumed,oceanodromous,63.83
Galeoides decadactylus,Galeoides decadactylus,Galeoides,Galeoides,A,0,NT,NA,2015,NA,30,45,1,50,0,0,0,1,0,0,no,Oviparous,no,no,Planktotrophic,Solitary,Carnivorous,fusiform / normal,0,1,1,demersal,WaterAssumed, ,29.94
Galeorhinus galeus,Galeorhinus galeus,Galeorhinus,Galeorhinus,U,0,CR,VU,2020,2016,135,200,10,470,1,0,1,1,0,0,no,Ovoviviparous,no,no,no,Gregarious,Carnivorous,elongated,0,0,1,benthopelagic,WaterAssumed,oceanodromous,75.77
Galeus melastomus,Galeus melastomus,Galeus,Galeus,U,0,LC,LC,2021,2016,50,90,200,600,1,1,0,1,0,0,no,Oviparous,no,no,no,Solitary,Carnivorous,elongated,0,0,1,demersal,WaterAssumed,NA,35.05
Gammogobius steinitzi,Gammogobius steinitzi,Gammogobius,Gammogobius,E,0,LC,NA,2025,NA,3.75,4.3,5,20,0,0,0,0,1,0,no,Oviparous,no,no,Planktotrophic,Solitary,Carnivorous,elongated,0,0,1,demersal,WaterAssumed,NA,10
Gephyroberyx drawini,Gephyroberyx darwinii,Gephyroberyx,Gephyroberyx,A,0,LC,NA,2015,NA,48,60,70,500,0,1,0,0,1,0,no,Oviparous,no,no,Planktotrophic,NA,Carnivorous,short and / or deep,0,0,1,benthopelagic,WaterAssumed,NA,44
Glaucostegus halavi,Glaucostegus halavi,Glaucostegus,Glaucostegus,RS,1,CR,NA,2019,NA,90,170,1,40,0,0,0,1,0,0,no,Viviparous,no,no,no,Solitary,Carnivorous,other,0,0,1,benthopelagic,WaterAssumed,NA,90
Glossanodon leioglossus,Glossanodon leioglossus,Glossanodon,Glossanodon,U,0,LC,LC,2015,2011,8,16,180,600,0,1,0,NA,NA,NA,NA,Oviparous,no,no,NA,Gregarious,Carnivorous,elongated,0,0,1,bathydemersal,WaterAssumed,NA,10
Gnathophis mystax,Gnathophis mystax,Gnathophis,Gnathophis,U,0,LC,LC,2019,2011,50,60,50,800,0,1,0,1,0,0,Oceanodromous,Oviparous,no,no,Planktotrophic,Solitary,Carnivorous,eel-like,0,0,1,demersal,WaterAssumed,NA,44
Gobius ater,Gobius ater,Gobius,Gobius,E,0,LC,LC,2025,2025,4.5,7,1,10,0,0,0,0,1,1,no,Oviparous,no,no,Planktotrophic,Solitary,Carnivorous,elongated,0,0,1,demersal,WaterAssumed,NA,10
Gobius bucchichi,Gobius bucchichi,Gobius,Gobius,U,0,LC,NA,2025,NA,8.5,10,0.5,3,0,0,0,1,1,0,no,Oviparous,no,no,Planktotrophic,Solitary,Omnivorous,elongated,0,0,1,demersal,WaterAssumed,NA,10
Gobius cobitis,Gobius cobitis,Gobius,Gobius,U,0,LC,LC,2025,2011,22.5,30,1,6,0,0,0,0,1,0,no,Oviparous,no,no,Planktotrophic,Solitary,Omnivorous,elongated,0,1,1,demersal,WaterAssumed,oceanodromous,10
Gobius couchi,Gobius couchi,Gobius,Gobius,A,0,LC,DD,2025,2011,8,9,1,10,0,0,0,1,1,0,no,Oviparous,no,no,Planktotrophic,Gregarious,Omnivorous,fusiform / normal,0,1,1,demersal,WaterAssumed,NA,10
Gobius cruentatus,Gobius cruentatus,Gobius,Gobius,U,0,LC,LC,2015,2011,14,18,10,30,0,0,0,0,1,0,no,Oviparous,no,no,Planktotrophic,Solitary,Carnivorous,elongated,0,0,1,demersal,WaterAssumed,oceanodromous,10
Gobius fallax,Gobius fallax,Gobius,Gobius,E,0,LC,LC,2025,2025,8,9,1,20,0,0,0,0,1,0,no,Oviparous,no,no,Planktotrophic,Solitary,Omnivorous,elongated,0,0,1,demersal,WaterAssumed,NA,10
Gobius geniporus,Gobius geniporus,Gobius,Gobius,E,0,LC,LC,2025,2025,13,16,5,20,0,0,0,1,0,1,no,Oviparous,no,no,Planktotrophic,Solitary,Omnivorous,elongated,0,0,1,demersal,WaterAssumed,NA,10
Gobius luteus,Gobius auratus,Gobius,Gobius,U,0,LC,LC,2025,2025,6.5,10,10,30,0,0,0,1,1,0,no,Oviparous,no,no,Planktotrophic,Solitary,Carnivorous,fusiform / normal,0,0,1,demersal,WaterAssumed,NA,10
Gobius niger,Gobius niger,Gobius,Gobius,U,0,LC,LC,2015,2011,12.5,15,1,10,0,0,0,1,1,1,no,Oviparous,no,no,Planktotrophic,Solitary,Omnivorous,elongated,0,1,1,demersal,WaterAssumed,NA,33.68
Gobius paganellus,Gobius paganellus,Gobius,Gobius,U,0,LC,LC,2015,2011,9,15,1,3,0,0,0,0,1,1,Amphidromous,Oviparous,no,no,Planktotrophic,Solitary,Carnivorous,elongated,1,1,1,demersal,WaterAssumed,amphidromous,19.37
Gobius roulei,Gobius roulei,Gobius,Gobius,U,0,LC,DD,2025,2011,6,8,3,20,0,0,0,1,0,1,no,Oviparous,no,no,Leicitotrophic,Solitary,Carnivorous,elongated,0,0,1,bathydemersal,WaterAssumed,NA,10
Gobius strictus,Gobius strictus,Gobius,Gobius,E,0,DD,DD,2011,2011,NA,6.5,25,40,0,0,0,0,1,0,no,Oviparous,no,no,Planktotrophic,Solitary,Omnivorous,Elongated,0,0,1,demersal,WaterAssumed,NA,10
Gobius vittatus,Gobius vittatus,Gobius,Gobius,E,0,LC,LC,2025,2025,4.5,6,20,40,0,0,0,0,1,0,no,Oviparous,no,no,Planktotrophic,Solitary,Omnivorous,elongated,0,0,1,demersal,WaterAssumed,NA,10
Gobius xanthocephalus,Gobius xanthocephalus,Gobius,Gobius,E,0,LC,DD,2025,2011,NA,10,2,20,0,0,0,0,1,0,no,Oviparous,no,no,Planktotrophic,Solitary,Omnivorous,fusiform / normal,0,0,1,demersal,WaterAssumed,NA,10
Gonichthys coccoi,Gonichthys cocco,Gonichthys,Gonichthys,U,0,LC,NA,2015,NA,4,6,1,1000,1,1,0,0,0,0,Oceanodromous,Oviparous,no,no,Planktotrophic,NA,Carnivorous,elongated,0,0,1,bathypelagic,WaterAssumed,oceanodromous,10
Gonostoma denudatum,Gonostoma denudatum,Gonostoma,Gonostoma,U,0,LC,DD,2015,2011,10,14,100,700,0,0,1,0,0,0,no,Oviparous,no,no,Planktotrophic,Solitary,Carnivorous,elongated,0,0,1,bathypelagic,WaterAssumed,NA,10
Gouania willdenowi,Gouania willdenowi,Gouania,Gouania,E,0,LC,LC,2025,2025,5.5,6,0.5,1,0,0,0,0,1,0,no,Oviparous,no,no,Planktotrophic,Solitary,Carnivorous,elongated,0,0,1,demersal,WaterAssumed,NA,10
Gymnammodytes cicerelus,Gymnammodytes cicerelus,Gymnammodytes,Gymnammodytes,E,0,LC,LC,2015,2011,15,18,1,30,0,0,0,1,0,0,NA,Oviparous,no,no,Planktotrophic,Gregarious,Carnivorous,eel-like,0,0,1,demersal,WaterAssumed,NA,10
Gymnammodytes semisquamatus,Gymnammodytes semisquamatus,Gymnammodytes,Gymnammodytes,A,1,LC,NA,2014,NA,20,30,10,30,0,0,0,1,0,0,Oceanodromous,Oviparous,no,no,Planktotrophic,Gregarious,Omnivorous,elongated,0,0,1,demersal,WaterAssumed,NA,26.6
Gymnothorax reticularis,Gymnothorax reticularis,Gymnothorax,Gymnothorax,RS,1,LC,NA,2022,NA,NA,60,NA,56,NA,NA,NA,NA,NA,NA,NA,NA,NA,NA,NA,NA,NA,eel-like,0,0,1,demersal,WaterAssumed,NA,44
Gymnothorax unicolor,Gymnothorax unicolor,Gymnothorax,Gymnothorax,U,0,LC,DD,2015,2011,85,110,1,80,1,0,0,0,1,0,NA,Oviparous,no,no,Planktotrophic,Solitary,Carnivorous,eel-like,0,0,1,demersal,WaterAssumed,NA,60
Gymnura altavela,Gymnura altavela,Gymnura,Gymnura,U,0,EN,CR,2021,2016,350,400,2,60,0,0,0,1,0,0,NA,Ovoviviparous,no,no,no,NA,Carnivorous,other,0,1,1,demersal,WaterAssumed,NA,43.22
Halobatrachus didactylus,Halobatrachus didactylus,Halobatrachus,Halobatrachus,U,0,LC,DD,2015,2011,37.5,50,5,30,0,0,0,1,1,0,no,Oviparous,no,no,NA,Solitary,Carnivorous,fusiform / normal,0,0,1,demersal,WaterAssumed,NA,40
Halosaurus ovenii,Halosaurus ovenii,Halosaurus,Halosaurus,A,0,LC,NA,2015,NA,45,50,400,800,0,1,0,1,0,0,no,Oviparous,yes,no,Planktotrophic,Gregarious,Carnivorous,eel-like,0,0,1,bathydemersal,WaterAssumed,NA,44
Hazeus ingressus,Hazeus ingressus,Hazeus,Hazeus,RS,1,LC,NA,2025,NA,NA,2.5,5,20,NA,NA,NA,NA,NA,NA,NA,NA,NA,NA,NA,NA,NA,elongated,0,0,1,benthopelagic,NA,NA,10
Helicolenus dactylopterus,Helicolenus dactylopterus,Helicolenus,Helicolenus,U,0,LC,LC,2015,2011,30,46,100,300,1,1,0,1,1,0,no,Oviparous,no,no,Planktotrophic,NA,Carnivorous,fusiform / normal,0,0,1,bathydemersal,WaterAssumed,NA,68.14
Hemiramphus far,Hemiramphus far,Hemiramphus,Hemiramphus,RS,1,NA,NA,NA,NA,30,44,1,10,1,0,1,0,0,1,no,Oviparous,no,no,Planktotrophic,Gregarious,Herbivorous,elongated,0,1,1,reef-associated,WaterAssumed,non-migratory,35
Heniochus intermedium,Heniochus intermedius,Heniochus,Heniochus,RS,1,LC,NA,2010,NA,14,18,3,50,0,1,0,0,1,0,no,Oviparous,no,no,Planktotrophic,Gregarious,Carnivorous,short and / or deep,0,0,1,reef-associated,WaterAssumed,NA,10
Heptranchias perlo,Heptranchias perlo,Heptranchias,Heptranchias,U,0,NT,DD,2020,2016,120,300,25,800,1,1,1,0,0,0,Oceanodromous,Ovoviviparous,no,no,no,Solitary,Carnivorous,elongated,0,0,1,bathydemersal,WaterAssumed,NA,84
Herklotsichthys punctatus,Herklotsichthys punctatus,Herklotsichthys,Herklotsichthys,RS,1,LC,NA,2017,NA,7,8.5,1,20,0,0,1,0,0,0,no,Oviparous,no,no,Planktotrophic,Gregarious,Carnivorous,fusiform / normal,0,0,1,pelagic-neritic,WaterAssumed,NA,10
Hexanchus griseus,Hexanchus griseus,Hexanchus,Hexanchus,U,0,NT,LC,2020,2016,400,850,1,2000,0,0,1,0,0,0,Oceanodromous,Ovoviviparous,no,no,no,Solitary,Carnivorous,elongated,0,0,1,bathydemersal,WaterAssumed,oceanodromous,90
Himantura uarnak,Himantura uarnak,Himantura,Himantura,RS,1,EN,NA,2021,NA,100,150,20,50,1,0,0,1,0,0,Amphidromous,Ovoviviparous,no,no,no,Solitary,Carnivorous,other,0,1,1,demersal,WaterAssumed,amphidromous,90
Hippocampus fuscus,Hippocampus fuscus,Hippocampus,Hippocampus,RS,0,NA,NA,NA,NA,12,15,1,10,0,0,0,0,0,1,Amphidromous,Ovoviviparous,no,no,no,Mix,Carnivorous,other,0,0,1,demersal,WaterAssumed,amphidromous,10
Hippocampus hippocampus,Hippocampus hippocampus,Hippocampus,Hippocampus,U,0,LC,NT,2026,2016,10,15,1,10,0,0,0,1,0,0,Amphidromous,Ovoviviparous,no,no,no,Solitary,Carnivorous,other,0,0,1,demersal,WaterAssumed,non-migratory,14.69
Hippocampus kuda,Hippocampus kuda,Hippocampus,Hippocampus,RS,1,VU,NA,2014,NA,NA,30,0,68,NA,NA,NA,NA,NA,NA,NA,NA,NA,NA,NA,NA,NA,other,0,1,1,reef-associated,WaterAssumed,non-migratory,14.62
Hippocampus ramulosus,Hippocampus guttulatus,Hippocampus,Hippocampus,U,0,NT,NT,2026,2016,12,16,1,10,0,0,0,0,0,1,NA,Ovoviviparous,no,no,no,NA,Carnivorous,other,0,1,1,demersal,WaterAssumed,non-migratory,24.22
Holacanthus africanus,Holacanthus africanus,Holacanthus,Holacanthus,A,1,LC,NA,2010,NA,NA,45,1,40,NA,NA,NA,NA,NA,NA,NA,NA,NA,NA,NA,NA,NA,short and / or deep,0,0,1,reef-associated,WaterAssumed,non-migratory,35
Holacanthus ciliaris,Holacanthus ciliaris,Holacanthus,Holacanthus,A,1,LC,NA,2010,NA,30,45,1,70,NA,NA,NA,NA,NA,NA,NA,NA,NA,NA,NA,NA,NA,short and / or deep,0,0,1,reef-associated,WaterAssumed,non-migratory,35
Holocentrus adscensionis,Holocentrus adscensionis,Holocentrus,Holocentrus,A,1,LC,NA,2015,NA,25,61,0,180,NA,NA,NA,NA,NA,NA,NA,NA,NA,NA,NA,NA,NA,fusiform / normal,0,0,1,reef-associated,WaterAssumed,NA,44.4
Hoplostethus mediterraneus,Hoplostethus mediterraneus,Hoplostethus,Hoplostethus,U,0,LC,LC,2015,2011,20,30,200,700,0,1,0,1,0,0,NA,NA,no,no,NA,NA,Carnivorous,short and / or deep,0,0,1,benthopelagic,WaterAssumed,NA,67.04
Huso huso,Huso huso,Huso,Huso,E,0,CR,NA,2022,NA,200,400,70,120,0,0,1,1,0,0,Anadromous,Oviparous,no,no,Leicitotrophic,Solitary,Carnivorous,elongated,1,1,1,pelagic-neritic,WaterAssumed,anadromous,88.74
Hygophum benoiti,Hygophum benoiti,Hygophum,Hygophum,U,0,LC,LC,2015,2011,5,6,50,700,0,0,1,0,0,0,Oceanodromous,Oviparous,no,no,Planktotrophic,NA,Carnivorous,fusiform / normal,0,0,1,bathypelagic,WaterAssumed,oceanodromous,10
Hygophum hygomii,Hygophum hygomii,Hygophum,Hygophum,U,0,LC,LC,2015,2011,6,7,1,800,0,0,1,0,0,0,Oceanodromous,Oviparous,no,no,Planktotrophic,NA,Carnivorous,fusiform / normal,0,0,1,bathypelagic,WaterAssumed,oceanodromous,10
Hymenocephalus italicus,Hymenocephalus italicus,Hymenocephalus,Hymenocephalus,U,0,LC,LC,2015,2011,NA,25,100,1400,0,1,1,0,0,0,no,Oviparous,no,no,Planktotrophic,NA,Carnivorous,elongated,0,0,1,benthopelagic,WaterAssumed,non-migratory,15
Hypleurochilus bananensis,Hypleurochilus bananensis,Hypleurochilus,Hypleurochilus,U,0,LC,DD,2026,2011,8.5,12,1,5,0,0,0,0,1,0,no,Oviparous,no,no,Planktotrophic,Solitary,Omnivorous,fusiform / normal,0,0,1,demersal,WaterAssumed,NA,10
Hyporhamphus affinis,Hyporhamphus affinis,Hyporhamphus,Hyporhamphus,RS,1,NA,NA,NA,NA,25,30,1,10,0,0,0,0,1,0,no,Oviparous,no,no,Leicitotrophic,Gregarious,Carnivorous,elongated,0,0,1,reef-associated,WaterAssumed,NA,36.36
Hyporhamphus picarti,Hyporhamphus picarti,Hyporhamphus,Hyporhamphus,U,0,LC,LC,2015,2011,16,18,1,5,0,0,0,0,0,0,Oceanodromous,Oviparous,no,no,NA,Gregarious,Herbivorous,elongated,0,1,1,benthopelagic,WaterAssumed,NA,10
Ichthyococcus ovatus,Ichthyococcus ovatus,Ichthyococcus,Ichthyococcus,U,0,LC,LC,2015,2011,5,6,150,1000,0,0,1,0,0,0,no,Oviparous,no,no,Planktotrophic,Solitary,Carnivorous,fusiform / normal,0,0,1,bathypelagic,WaterAssumed,NA,10
Iniislius pavo,Iniistius pavo,Iniislius,Iniistius,RS,0,LC,NA,2010,NA,8,35,5,30,0,0,0,1,0,0,no,Oviparous,Protogynous,no,Planktotrophic,Solitary,Carnivorous,fusiform / normal,0,0,1,reef-associated,WaterAssumed,NA,32
Istiblennius meleagris,Istiblennius meleagris,Istiblennius,Istiblennius,RS,1,LC,NA,2014,NA,NA,15,NA,NA,NA,NA,NA,NA,NA,NA,NA,NA,NA,NA,NA,NA,NA,elongated,0,1,1,reef-associated,Facultative,NA,10
Istiompax indica,Istiompax indica,Istiompax,Istiompax,O,1,DD,NA,2022,NA,380,465,0,915,NA,NA,NA,NA,NA,NA,NA,NA,NA,NA,NA,NA,NA,elongated,0,0,1,pelagic-oceanic,WaterAssumed,oceanodromous,78.22
Isurus oxyrinchus,Isurus oxyrinchus,Isurus,Isurus,U,0,EN,CR,2019,2016,300,400,1,740,1,1,1,0,0,0,Oceanodromous,Ovoviviparous,no,no,no,Solitary,Carnivorous,fusiform / normal,0,0,1,pelagic-oceanic,WaterAssumed,oceanodromous,79.38
Katsuwonus pelamis,Katsuwonus pelamis,Katsuwonus,Katsuwonus,U,0,LC,LC,2021,2011,80,110,1,100,0,0,1,0,0,0,Oceanodromous,Oviparous,no,no,Planktotrophic,Gregarious,Carnivorous,fusiform / normal,0,0,1,pelagic-oceanic,WaterAssumed,oceanodromous,38.12
Knipowitschia panizzae,Knipowitschia panizzae,Knipowitschia,Knipowitschia,E,0,LC,NA,2024,NA,3.3,4,1,5,0,0,0,NA,NA,NA,Amphidromous,Oviparous,no,no,Planktotrophic,Solitary,Omnivorous,fusiform / normal,1,1,0,demersal,WaterAssumed,NA,10
Kyphosus incisor,Kyphosus incisor,Kyphosus,Kyphosus,A,1,NA,NA,NA,NA,45,90,1,15,NA,NA,NA,NA,NA,NA,NA,NA,NA,NA,NA,NA,NA,fusiform / normal,0,0,1,reef-associated,WaterAssumed,NA,65.88
Kyphosus sectator,Kyphosus sectatrix,Kyphosus,Kyphosus,U,0,LC,DD,2015,2011,55,76,2,15,0,0,0,1,1,1,NA,Oviparous,no,no,Planktotrophic,Gregarious,Omnivorous,fusiform / normal,0,0,1,reef-associated,WaterAssumed,NA,50.4
Labrus bimaculatus,Cichlasoma bimaculatum,Labrus,Cichlasoma,U,0,LC,NA,2023,NA,32.5,40,15,50,0,0,0,0,1,0,NA,Oviparous,Protogynous,no,Planktotrophic,Solitary,Carnivorous,fusiform / normal,1,0,0,benthopelagic,WaterAssumed,NA,20
Labrus merula,Labrus merula,Labrus,Labrus,U,0,LC,LC,2010,2011,35,50,2,25,0,0,0,0,1,1,NA,Oviparous,Protogynous,no,Planktotrophic,Mix,Carnivorous,fusiform / normal,0,0,1,reef-associated,WaterAssumed,NA,44.23
Labrus viridis,Labrus viridis,Labrus,Labrus,U,0,VU,VU,2010,2011,35,50,10,30,0,0,0,0,1,1,NA,Oviparous,Protogynous,no,Planktotrophic,Solitary,Carnivorous,fusiform / normal,0,0,1,reef-associated,WaterAssumed,NA,42.94
Laemonema latifrons,Guttigadus latifrons,Laemonema,Guttigadus,A,0,NA,DD,NA,2011,NA,15,770,1800,0,1,0,1,0,0,no,Oviparous,no,no,Planktotrophic,NA,Carnivorous,elongated,0,0,1,bathydemersal,WaterAssumed,NA,12.2
Lagocephalus guentheri,Lagocephalus guentheri,Lagocephalus,Lagocephalus,RS,1,LC,NA,2014,NA,NA,37.40000153,NA,NA,NA,NA,NA,NA,NA,NA,NA,NA,NA,NA,NA,NA,NA,short and / or deep,0,0,1,demersal,WaterAssumed,NA,27.4
Lagocephalus lagocephalus,Lagocephalus lagocephalus,Lagocephalus,Lagocephalus,A,0,LC,LC,2014,2011,50,61,1,30,0,0,1,0,0,0,Oceanodromous,Oviparous,no,no,Planktotrophic,NA,Carnivorous,fusiform / normal,0,0,1,benthopelagic,WaterAssumed,oceanodromous,44.4
Lagocephalus sceleratus,Lagocephalus sceleratus,Lagocephalus,Lagocephalus,RS,1,LC,NA,2014,NA,40,110,18,100,0,0,1,0,1,0,no,Oviparous,no,no,Planktotrophic,Solitary,Carnivorous,fusiform / normal,0,0,1,reef-associated,WaterAssumed,NA,40.34
Lagocephalus spadiceus,Lagocephalus spadiceus,Lagocephalus,Lagocephalus,RS,0,LC,NA,2014,NA,20,30,1,50,1,0,0,0,0,0,Oceanodromous,Oviparous,no,no,Planktotrophic,Solitary,Carnivorous,short and / or deep,0,1,1,demersal,WaterAssumed,oceanodromous,33.1
Lagocephalus suezensis,Lagocephalus suezensis,Lagocephalus,Lagocephalus,RS,1,LC,NA,2014,NA,11,18,1,40,0,0,1,1,0,0,no,Oviparous,no,no,Planktotrophic,Solitary,Carnivorous,short and / or deep,0,0,1,demersal,WaterAssumed,NA,10
Lampanyctus crocodilus,Lampanyctus crocodilus,Lampanyctus,Lampanyctus,U,0,LC,LC,2015,2011,20,30,1,1100,0,0,1,0,0,0,Oceanodromous,Oviparous,no,no,Planktotrophic,Solitary,Carnivorous,elongated,0,0,1,bathypelagic,WaterAssumed,oceanodromous,26.6
Lampanyctus pusillus,Lampanyctus pusillus,Lampanyctus,Lampanyctus,U,0,LC,LC,2015,2011,3,4,40,850,0,0,1,0,0,0,Oceanodromous,Oviparous,no,no,Planktotrophic,Solitary,Carnivorous,elongated,0,0,1,bathypelagic,WaterAssumed,oceanodromous,10
Lampetra fluviatilis,Lampetra fluviatilis,Lampetra,Lampetra,U,0,NT,NA,2024,NA,40,50,0,20,0,0,0,1,0,0,Anadromous,Oviparous,no,yes,Planktotrophic,NA,Piscivorous,eel-like,1,1,1,demersal,WaterAssumed,anadromous,40
Lampris guttatus,Lampris guttatus,Lampris,Lampris,U,0,LC,DD,2015,2011,120,200,5,400,0,0,1,0,0,0,Oceanodromous,Oviparous,no,no,Planktotrophic,Solitary,Carnivorous,short and / or deep,0,0,1,bathypelagic,WaterAssumed,oceanodromous,54.98
Lappanella fasciata,Lappanella fasciata,Lappanella,Lappanella,U,0,LC,NA,2014,NA,13.5,15,50,150,1,0,0,1,0,0,NA,Oviparous,Protogynous,no,Planktotrophic,NA,Carnivorous,elongated,0,0,1,reef-associated,WaterAssumed,NA,10
Lebetus guilleti,Lebetus guilleti,Lebetus,Lebetus,U,0,LC,DD,2025,2011,2.4,2.5,10,30,0,0,0,1,0,0,no,Oviparous,no,no,Planktotrophic,Solitary,Omnivorous,fusiform / normal,0,0,1,reef-associated,WaterAssumed,NA,10
Leiognathus klunzingeri,Equulites klunzingeri,Leiognathus,Equulites,RS,1,NA,NA,NA,NA,8,12,1,10,0,0,0,1,0,0,no,Oviparous,no,no,Planktotrophic,Gregarious,Carnivorous,fusiform / normal,0,0,1,demersal,WaterAssumed,NA,10
Lepadogaster candollei,Lepadogaster candolii,Lepadogaster,Lepadogaster,U,0,LC,NA,2025,NA,6.5,8,1,20,0,0,0,0,1,0,no,Oviparous,no,no,Planktotrophic,Solitary,Carnivorous,elongated,0,0,1,demersal,Facultative,NA,10
Lepadogaster lepadogaster,Lepadogaster lepadogaster,Lepadogaster,Lepadogaster,E,0,LC,LC,2011,2011,5.5,8,0.5,1,0,0,0,0,1,0,no,Oviparous,no,no,Planktotrophic,Solitary,Carnivorous,elongated,0,0,1,demersal,Facultative,NA,10
Lepadogaster purpurea,Lepadogaster purpurea,Lepadogaster,Lepadogaster,U,0,LC,LC,2015,2011,NA,7.5,1,20,0,0,0,0,1,0,no,Oviparous,no,no,Planktotrophic,Solitary,Carnivorous,elongated,0,0,1,demersal,Facultative,NA,10
Lepidion guentheri,Lepidion guentheri,Lepidion,Lepidion,A,0,LC,LC,2014,2011,NA,81,750,800,0,1,1,1,0,0,no,Oviparous,no,no,Planktotrophic,NA,Carnivorous,elongated,0,0,1,benthopelagic,WaterAssumed,NA,59.53
Lepidion lepidion,Lepidion lepidion,Lepidion,Lepidion,E,0,LC,LC,2014,2014,15,30,150,2000,0,1,0,1,1,0,NA,Oviparous,no,no,Planktotrophic,NA,Omnivorous,fusiform / normal,0,0,1,bathypelagic,WaterAssumed,NA,55.56
Lepidopus caudatus,Lepidopus caudatus,Lepidopus,Lepidopus,U,0,DD,LC,2015,2011,180,210,30,400,0,1,0,1,0,0,Oceanodromous,Oviparous,no,no,Planktotrophic,Gregarious,Carnivorous,eel-like,0,0,1,benthopelagic,WaterAssumed,oceanodromous,53.11
Lepidorhombus boscii,Lepidorhombus boscii,Lepidorhombus,Lepidorhombus,U,0,LC,LC,2021,2011,30,40,150,400,0,1,1,1,0,0,no,Oviparous,no,no,Planktotrophic,NA,Carnivorous,fusiform / normal,0,0,1,demersal,WaterAssumed,NA,47.78
Lepidorhombus whiffiagonis,Lepidorhombus whiffiagonis,Lepidorhombus,Lepidorhombus,U,0,LC,LC,2021,2011,42.5,60,50,400,1,1,0,1,0,0,no,Oviparous,no,no,Planktotrophic,Solitary,Carnivorous,fusiform / normal,0,0,1,bathydemersal,WaterAssumed,NA,59.63
Lepidotrigla cavillone,Lepidotrigla cavillone,Lepidotrigla,Lepidotrigla,U,0,NA,LC,NA,2011,11.5,20,30,450,1,1,0,1,0,0,NA,Oviparous,no,no,Planktotrophic,NA,Carnivorous,fusiform / normal,0,0,1,demersal,WaterAssumed,NA,26.02
Lepidotrigla dieuzeidei,Lepidotrigla dieuzeidei,Lepidotrigla,Lepidotrigla,U,0,LC,LC,2015,2011,10,15,60,250,1,1,0,1,0,0,no,Oviparous,no,no,Planktotrophic,NA,Carnivorous,fusiform / normal,0,0,1,demersal,WaterAssumed,NA,10
Lestidiops jayakari,Lestidiops jayakari,Lestidiops,Lestidiops,U,0,LC,LC,2015,2011,17,20,50,2000,1,1,1,0,0,0,no,Oviparous,no,no,Planktotrophic,Solitary,NA,elongated,0,0,1,bathypelagic,WaterAssumed,NA,10
Lesueurigobius friesii,Lesueurigobius friesii,Lesueurigobius,Lesueurigobius,U,0,LC,LC,2015,2011,5,10,10,130,0,1,0,1,0,0,no,Oviparous,no,no,Planktotrophic,Solitary,Omnivorous,elongated,0,0,1,demersal,WaterAssumed,NA,20.62
Lesueurigobius sanzoi,Lesueurigobius sanzi,Lesueurigobius,Lesueurigobius,A,0,LC,NA,2015,NA,8,9.5,40,100,0,0,0,1,0,0,no,Oviparous,no,no,Planktotrophic,Solitary,Carnivorous,fusiform / normal,0,0,1,demersal,WaterAssumed,NA,10
Lesueurigobius suerii,Lesueurigobius suerii,Lesueurigobius,Lesueurigobius,E,0,LC,LC,2025,2011,5,8,20,100,1,0,0,1,0,0,no,Oviparous,no,no,Planktotrophic,Solitary,Carnivorous,elongated,0,0,1,demersal,WaterAssumed,non-migratory,10
Lethrinus borbonicus,Lethrinus borbonicus,Lethrinus,Lethrinus,RS,1,LC,NA,2019,NA,25,40,NA,40,NA,NA,NA,NA,NA,NA,NA,NA,NA,NA,NA,NA,NA,fusiform / normal,0,0,1,reef-associated,WaterAssumed,non-migratory,23.14
Leucoraja circularis,Leucoraja circularis,Leucoraja,Leucoraja,U,0,VU,CR,2025,2016,70,120,70,250,1,1,0,1,0,0,NA,Oviparous,no,no,NA,NA,Carnivorous,other,0,0,1,demersal,WaterAssumed,NA,72
Leucoraja fullonica,Leucoraja fullonica,Leucoraja,Leucoraja,U,0,VU,CR,2025,2016,95,115,100,400,1,1,0,1,0,0,NA,Oviparous,no,no,NA,NA,Carnivorous,other,0,0,1,bathydemersal,WaterAssumed,NA,72
Leucoraja naevus,Leucoraja naevus,Leucoraja,Leucoraja,U,0,NT,NT,2025,2016,65,72,50,200,1,0,0,1,0,0,NA,Oviparous,no,no,NA,NA,Carnivorous,other,0,0,1,demersal,WaterAssumed,NA,47.79
Lichia amia,Lichia amia,Lichia,Lichia,U,0,LC,DD,2015,2011,100,200,1,60,1,0,0,0,0,0,Oceanodromous,Oviparous,no,no,Planktotrophic,Mix,Carnivorous,fusiform / normal,0,1,1,pelagic-neritic,WaterAssumed,oceanodromous,90
Lipophrys adriaticus,Microlipophrys adriaticus,Lipophrys,Microlipophrys,E,0,LC,NA,2026,NA,4.5,5.5,0.5,2,0,0,0,0,1,0,no,Oviparous,no,no,Planktotrophic,Solitary,Omnivorous,elongated,0,0,1,demersal,FacultativeGenus,NA,10
Lipophrys basiliscus,Salaria basilisca,Lipophrys,Salaria,E,0,LC,LC,2026,2014,14,18,2,10,0,0,0,0,1,1,no,Oviparous,no,no,Planktotrophic,Solitary,Omnivorous,fusiform / normal,0,0,1,demersal,FacultativeGenus,NA,10
Lipophrys canevai,Microlipophrys canevae,Lipophrys,Microlipophrys,U,0,LC,LC,2026,2011,6.5,8,0.5,2,0,0,0,0,1,0,no,Oviparous,no,no,Planktotrophic,Solitary,Omnivorous,elongated,0,0,1,demersal,FacultativeGenus,NA,10
Lipophrys dalmatinus,Microlipophrys dalmatinus,Lipophrys,Microlipophrys,U,0,LC,LC,2026,2014,3.5,4.5,0.5,2,0,0,0,1,0,0,no,Oviparous,no,no,Planktotrophic,Solitary,Omnivorous,elongated,0,0,1,demersal,Facultative,NA,10
Lipophrys nigriceps,Microlipophrys nigriceps,Lipophrys,Microlipophrys,E,0,LC,LC,2026,2014,3.5,4.5,1,5,0,0,0,0,1,0,no,Oviparous,no,no,Planktotrophic,Solitary,Omnivorous,elongated,0,0,1,demersal,FacultativeGenus,NA,10
Lipophrys pavo,Salaria pavo,Lipophrys,Salaria,U,0,LC,LC,2026,2011,11,13,0.5,2,0,0,0,1,1,0,no,Oviparous,no,no,Planktotrophic,Solitary,Omnivorous,fusiform / normal,0,1,1,demersal,Facultative,NA,25.08
Lipophrys pholis,Lipophrys pholis,Lipophrys,Lipophrys,A,0,LC,NA,2026,NA,14,18,1,3,0,0,0,0,1,1,no,Oviparous,no,no,Planktotrophic,Solitary,Omnivorous,fusiform / normal,0,0,1,demersal,Facultative,non-migratory,32.79
Lipophrys trigloides,Lipophrys trigloides,Lipophrys,Lipophrys,U,0,LC,LC,2026,2011,11.5,13,0,2,0,0,0,0,1,0,no,Oviparous,no,no,Planktotrophic,Solitary,Omnivorous,elongated,0,0,1,demersal,Facultative,NA,10
Lithognathus mormyrus,Lithognathus mormyrus,Lithognathus,Lithognathus,U,0,LC,LC,2014,2011,35,50,5,50,0,0,0,1,0,0,NA,Oviparous,Protandrous,no,Planktotrophic,Gregarious,Carnivorous,fusiform / normal,0,1,1,demersal,WaterAssumed,NA,40.38
Liza aurata,Chelon auratus,Liza,Chelon,U,0,NT,LC,2024,2018,35,55,1,20,1,0,0,0,1,0,Catadromous,Oviparous,no,no,Planktotrophic,Solitary,Omnivorous,fusiform / normal,1,1,1,pelagic-neritic,WaterAssumed,catadromous,35.71
Liza carinata,Planiliza carinata,Liza,Planiliza,RS,1,NA,NA,NA,NA,18,30,1,10,0,0,1,0,0,0,Anadromous,Oviparous,no,no,Planktotrophic,Gregarious,Omnivorous,fusiform / normal,0,1,1,pelagic-neritic,WaterAssumed,NA,24.97
Liza ramada,Chelon ramada,Liza,Chelon,U,0,NT,LC,2024,2018,50,70,1,10,0,0,0,1,0,0,Catadromous,Oviparous,no,no,Planktotrophic,Gregarious,Omnivorous,fusiform / normal,1,1,1,pelagic-neritic,WaterAssumed,catadromous,41.71
Liza saliens,Chelon saliens,Liza,Chelon,U,0,NT,LC,2024,2018,37.5,40,1,10,0,0,0,1,0,0,NA,Oviparous,no,no,Planktotrophic,Gregarious,Omnivorous,fusiform / normal,0,1,1,demersal,WaterAssumed,NA,45.17
Lobianchia dofleini,Lobianchia dofleini,Lobianchia,Lobianchia,U,0,LC,LC,2015,2011,3,5,1,4000,0,0,1,0,0,0,Oceanodromous,Oviparous,no,no,Planktotrophic,Solitary,Carnivorous,fusiform / normal,0,0,1,bathypelagic,WaterAssumed,oceanodromous,10
Lobianchia gemellarii,Lobianchia gemellarii,Lobianchia,Lobianchia,U,0,LC,DD,2015,2011,4,6,25,800,0,0,1,0,0,0,Oceanodromous,Oviparous,no,no,Planktotrophic,Solitary,Carnivorous,elongated,0,0,1,bathypelagic,WaterAssumed,oceanodromous,10
Lobotes surinamensisi,Lobotes surinamensis,Lobotes,Lobotes,U,0,LC,LC,2015,2011,80,100,1,10,0,0,0,1,0,0,Oceanodromous,Oviparous,no,no,Planktotrophic,NA,Carnivorous,short and / or deep,0,1,1,benthopelagic,WaterAssumed,oceanodromous,34.34
Lophius budegassa,Lophius budegassa,Lophius,Lophius,U,0,DD,LC,2015,2011,50,100,10,850,1,0,0,1,1,0,no,Oviparous,no,no,Planktotrophic,Solitary,Carnivorous,fusiform / normal,0,0,1,bathydemersal,WaterAssumed,NA,67.7
Lophius piscatorius,Lophius piscatorius,Lophius,Lophius,U,0,LC,LC,2015,2011,120,200,10,1000,1,1,1,1,1,0,no,Oviparous,no,no,Planktotrophic,Solitary,Piscivorous,short and / or deep,0,0,1,bathydemersal,WaterAssumed,NA,63.84
Lophotus lacepede,Lophotus lacepede,Lophotus,Lophotus,U,0,LC,DD,2015,2011,100,180,100,1000,0,0,1,0,0,0,Oceanodromous,Oviparous,no,no,Planktotrophic,NA,Carnivorous,elongated,0,0,1,bathypelagic,WaterAssumed,oceanodromous,90
Lutjanus argentimaculatus,Lutjanus argentimaculatus,Lutjanus,Lutjanus,RS,1,LC,NA,2016,NA,70,120,10,120,1,0,0,0,1,0,Oceanodromous,Oviparous,no,no,Planktotrophic,Gregarious,Carnivorous,fusiform / normal,1,1,1,reef-associated,WaterAssumed,oceanodromous,59.54
Lutjanus fulviflamma,Lutjanus fulviflamma,Lutjanus,Lutjanus,RS,1,LC,NA,2016,NA,30,50,3,35,NA,NA,NA,NA,NA,NA,NA,NA,NA,NA,NA,NA,NA,fusiform / normal,0,1,1,reef-associated,WaterAssumed,NA,40
Lutjanus jocu,Lutjanus jocu,Lutjanus,Lutjanus,A,1,DD,NA,2016,NA,60,128,2,40,NA,NA,NA,NA,NA,NA,NA,NA,NA,NA,NA,NA,NA,fusiform / normal,1,1,1,reef-associated,WaterAssumed,NA,66.26
Lutjanus sebae,Lutjanus sebae,Lutjanus,Lutjanus,RS,1,LC,NA,2016,NA,60,116,5,180,NA,NA,NA,NA,NA,NA,NA,NA,NA,NA,NA,NA,NA,short and / or deep,0,1,1,reef-associated,WaterAssumed, ,58.91
Luvarus imperialis,Luvarus imperialis,Luvarus,Luvarus,U,0,LC,LC,2015,2011,152,200,1,200,0,0,1,0,0,0,Oceanodromous,Oviparous,no,no,Planktotrophic,Solitary,Carnivorous,fusiform / normal,0,0,1,pelagic-oceanic,WaterAssumed,oceanodromous,90
Macroramphosus scolopax,Macroramphosus scolopax,Macroramphosus,Macroramphosus,U,0,LC,LC,2010,2016,10,22,1,30,1,0,0,1,1,0,no,Oviparous,no,no,Planktotrophic,Gregarious,Carnivorous,short and / or deep,0,0,1,demersal,WaterAssumed,NA,26.56
Maurolicus muelleri,Maurolicus muelleri,Maurolicus,Maurolicus,U,0,LC,LC,2019,2011,4,8,1,1500,0,0,1,0,0,0,no,Oviparous,no,no,Planktotrophic,Gregarious,Carnivorous,elongated,0,0,1,bathypelagic,WaterAssumed,NA,10
Merlangius merlangus,Merlangius merlangus,Merlangius,Merlangius,U,0,LC,LC,2014,2011,45,75,30,100,1,0,0,1,1,1,Oceanodromous,Oviparous,no,no,Planktotrophic,Gregarious,Carnivorous,fusiform / normal,0,1,1,benthopelagic,WaterAssumed,oceanodromous,67.35
Merluccius merluccius,Merluccius merluccius,Merluccius,Merluccius,U,0,LC,VU,2016,2011,80,110,30,1000,1,1,0,1,0,0,no,Oviparous,no,no,Planktotrophic,Solitary,Piscivorous,elongated,0,0,1,demersal,WaterAssumed,NA,64.77
Microchirus azevia,Microchirus azevia,Microchirus,Microchirus,U,0,DD,LC,2015,2011,35,40,20,250,1,0,0,1,0,0,NA,Oviparous,no,no,Planktotrophic,NA,Carnivorous,short and / or deep,0,0,1,demersal,WaterAssumed,NA,38.8
Microchirus boscanion,Microchirus boscanion,Microchirus,Microchirus,A,1,DD,NA,2015,NA,10,20,10,460,NA,NA,NA,NA,NA,NA,NA,NA,NA,NA,NA,NA,NA,short and / or deep,0,0,1,demersal,WaterAssumed,NA,10
Microchirus hexophthalmus,Dicologlossa hexophthalma,Microchirus,Dicologlossa,A,1,LC,NA,2015,NA,18,22,5,150,0,0,0,1,0,0,no,Oviparous,no,no,Planktotrophic,Solitary,Carnivorous,short and / or deep,0,0,1,demersal,WaterAssumed,NA,10
Microchirus ocellatus,Microchirus ocellatus,Microchirus,Microchirus,U,0,DD,LC,2015,2011,15,22,10,100,1,1,0,1,0,0,no,Oviparous,no,no,Planktotrophic,NA,Carnivorous,short and / or deep,0,0,1,demersal,WaterAssumed,NA,11
Microchirus variegatus,Microchirus variegatus,Microchirus,Microchirus,U,0,LC,LC,2015,2011,16.5,20,50,300,0,1,0,1,0,0,NA,Oviparous,no,no,Planktotrophic,NA,Carnivorous,short and / or deep,0,0,1,demersal,WaterAssumed,NA,44.08
Microichthys coccoi,Microichthys coccoi,Microichthys,Microichthys,E,0,LC,LC,2014,2014,2,3,50,550,0,0,1,0,0,0,no,NA,no,no,NA,NA,Carnivorous,short and / or deep,0,0,1,demersal,WaterAssumed,NA,10
Microichthys sanzoi,Microichthys sanzoi,Microichthys,Microichthys,E,0,DD,DD,2014,2014,5,6,50,500,0,0,1,0,0,0,no,NA,no,no,NA,NA,Carnivorous,short and / or deep,0,0,1,demersal,WaterAssumed,NA,10
Micromesistius poutassou,Micromesistius poutassou,Micromesistius,Micromesistius,U,0,NA,LC,NA,2011,30,45,30,400,0,1,0,0,0,0,Oceanodromous,Oviparous,no,no,Planktotrophic,Gregarious,Carnivorous,elongated,0,0,1,bathypelagic,WaterAssumed,oceanodromous,31.8
Microstoma microstoma,Microstoma microstoma,Microstoma,Microstoma,U,0,LC,DD,2015,2011,15,21,20,200,0,0,1,0,0,0,no,Oviparous,no,no,Planktotrophic,Solitary,Carnivorous,elongated,0,0,1,bathypelagic,WaterAssumed,NA,11
Millerigobius macrocephalus,Millerigobius macrocephalus,Millerigobius,Millerigobius,E,0,LC,NA,2025,NA,4.25,5,0.5,4,0,0,0,0,1,0,no,Oviparous,no,no,Planktotrophic,Solitary,Omnivorous,fusiform / normal,0,0,1,demersal,WaterAssumed,NA,10
Minyichthys sentus,Minyichthys sentus,Minyichthys,Minyichthys,U,0,LC,DD,2025,2016,5,6,50,100,1,1,1,1,1,0,no,Ovoviviparous,no,no,Planktotrophic,Solitary,Carnivorous,eel-like,0,0,1,demersal,WaterAssumed,NA,10
Mobula japanica,Mobula mobular,Mobula,Mobula,A,0,CR,EN,2025,2016,425,550,0.5,20,1,0,0,0,0,0,Oceanodromous,Ovoviviparous,no,no,no,Gregarious,Carnivorous,other,0,0,1,pelagic-neritic,WaterAssumed,oceanodromous,57.92
Mola mola,Mola mola,Mola,Mola,U,0,VU,DD,2015,2011,150,300,1,360,0,1,0,0,0,0,Oceanodromous,Oviparous,no,no,Planktotrophic,Solitary,Carnivorous,short and / or deep,0,0,1,pelagic-oceanic,WaterAssumed,oceanodromous,66.61
Molva dypterygia,Molva dypterygia,Molva,Molva,U,0,NA,LC,NA,2011,60,70,200,1000,0,1,1,NA,1,0,no,Oviparous,no,no,Planktotrophic,NA,Carnivorous,elongated,0,0,1,demersal,WaterAssumed,non-migratory,75.46
Molva molva,Molva molva,Molva,Molva,U,0,NA,DD,NA,2011,140,200,50,300,0,1,1,0,1,0,Oceanodromous,Oviparous,no,no,Planktotrophic,NA,Carnivorous,elongated,0,0,1,demersal,WaterAssumed,oceanodromous,77.21
Monishia ochetica,Coryogalops ocheticus,Monishia,Coryogalops,RS,1,EN,NA,2020,NA,5,6.2,1,5,0,0,0,1,1,1,Oceanodromous,Oviparous,no,no,Planktotrophic,NA,Carnivorous,fusiform / normal,0,0,1,demersal,WaterAssumed,NA,10
Monochirus hispidus,Monochirus hispidus,Monochirus,Monochirus,U,0,LC,DD,2015,2011,11,12,10,100,1,1,0,1,0,0,NA,Oviparous,no,no,Planktotrophic,NA,Carnivorous,short and / or deep,0,0,1,demersal,WaterAssumed,NA,30.06
Monotaxis grandoculis,Monotaxis grandoculis,Monotaxis,Monotaxis,RS,1,LC,NA,2016,NA,40,60,0,100,NA,NA,NA,NA,NA,NA,NA,NA,NA,NA,NA,NA,NA,fusiform / normal,0,0,1,reef-associated,WaterAssumed,non-migratory,40.13
Mora moro,Mora moro,Mora,Mora,U,0,LC,LC,2015,2011,50,65,200,800,0,1,0,1,0,0,NA,Oviparous,no,no,Planktotrophic,Solitary,Carnivorous,fusiform / normal,0,0,1,bathypelagic,WaterAssumed,NA,68.93
Morone saxatilis,Morone saxatilis,Morone,Morone,A,1,LC,NA,2019,NA,120,200,30,NA,NA,NA,NA,NA,NA,NA,NA,NA,NA,NA,NA,NA,NA,fusiform / normal,1,1,1,demersal,WaterAssumed,anadromous,60.64
Mugil cephalus,Mugil cephalus,Mugil,Mugil,U,0,LC,LC,2024,2011,75,120,1,10,0,0,0,1,1,0,Catadromous,Oviparous,no,no,Planktotrophic,Gregarious,Carnivorous,fusiform / normal,1,1,1,benthopelagic,WaterAssumed,catadromous,42.76
Mullus barbatus,Mullus barbatus,Mullus,Mullus,U,0,LC,LC,2015,2011,20,30,30,300,1,1,0,1,0,0,NA,Oviparous,no,no,Planktotrophic,Gregarious,Carnivorous,fusiform / normal,0,0,1,demersal,WaterAssumed,NA,31.53
Mullus surmuletus,Mullus surmuletus,Mullus,Mullus,U,0,LC,LC,2015,2011,27.5,45,3,80,1,1,0,1,0,0,Oceanodromous,Oviparous,no,no,Planktotrophic,Gregarious,Carnivorous,fusiform / normal,0,0,1,demersal,WaterAssumed,oceanodromous,41.64
Muraena helena,Muraena helena,Muraena,Muraena,U,0,LC,LC,2015,2011,125,150,5,50,1,0,0,0,1,0,NA,Oviparous,no,no,Planktotrophic,Solitary,Carnivorous,eel-like,0,0,1,reef-associated,WaterAssumed,NA,79.49
Muraenesox cinereus,Muraenesox cinereus,Muraenesox,Muraenesox,RS,1,LC,NA,2021,NA,150,200,10,300,1,1,0,1,0,0,Oceanodromous,Oviparous,no,yes,Planktotrophic,Solitary,Piscivorous,fusiform / normal,1,1,1,demersal,WaterAssumed,oceanodromous,61.77
Mustelus asterias,Mustelus asterias,Mustelus,Mustelus,U,0,NT,VU,2021,2016,115,150,10,200,0,0,0,1,0,0,NA,Ovoviviparous,no,no,no,Solitary,Carnivorous,elongated,0,0,1,demersal,WaterAssumed,NA,70.5
Mustelus mustelus,Mustelus mustelus,Mustelus,Mustelus,U,0,EN,VU,2021,2016,110,160,10,60,1,0,0,1,1,0,NA,Viviparous,no,no,no,Gregarious,Carnivorous,elongated,0,0,1,demersal,WaterAssumed,NA,84.21
Mycteroperca fusca,Mycteroperca fusca,Mycteroperca,Mycteroperca,A,1,VU,NA,2018,NA,NA,80,1,200,NA,NA,NA,NA,NA,NA,NA,NA,NA,NA,NA,NA,NA,fusiform / normal,0,0,1,demersal,WaterAssumed,NA,52
Mycteroperca rubra,Mycteroperca rubra,Mycteroperca,Mycteroperca,U,0,LC,LC,2018,2011,45,80,15,50,0,0,0,1,1,0,NA,Oviparous,Protogynous,no,Planktotrophic,NA,Carnivorous,fusiform / normal,0,0,1,demersal,WaterAssumed,NA,67.26
Myctophum punctatum,Myctophum punctatum,Myctophum,Myctophum,U,0,LC,LC,2015,2011,5,11,1,1000,0,0,1,0,0,0,Oceanodromous,Oviparous,no,no,Planktotrophic,Solitary,Carnivorous,elongated,0,0,1,bathypelagic,WaterAssumed,oceanodromous,32.31
Myliobatis aquila,Myliobatis aquila,Myliobatis,Myliobatis,U,0,CR,VU,2021,2016,110,180,10,60,0,0,0,1,0,0,NA,Ovoviviparous,no,no,no,Gregarious,Carnivorous,other,0,1,1,benthopelagic,WaterAssumed,NA,82.5
Myxine glutinosa,Myxine glutinosa,Myxine,Myxine,U,0,LC,LC,2011,2011,50,80,20,600,0,0,1,1,0,0,NA,Oviparous,no,no,no,Mix,Carnivorous,eel-like,0,0,1,bathydemersal,WaterAssumed,non-migratory,58
Nansenia iberica,Nansenia iberica,Nansenia,Nansenia,E,0,DD,DD,2014,2014,NA,25,500,600,0,0,1,0,0,0,no,Oviparous,no,no,Planktotrophic,Mix,Carnivorous,elongated,0,0,1,bathypelagic,WaterAssumed,NA,20.5
Nansenia oblita,Nansenia oblita,Nansenia,Nansenia,U,0,NA,DD,NA,2011,7,18,300,500,0,0,1,0,0,0,no,Oviparous,no,no,Planktotrophic,NA,Carnivorous,elongated,0,0,1,pelagic-oceanic,WaterAssumed,NA,11.96
Naso annulatus,Naso annulatus,Naso,Naso,RS,1,LC,NA,2012,NA,NA,100,1,60,NA,NA,NA,NA,NA,NA,NA,NA,NA,NA,NA,NA,NA,fusiform / normal,0,0,1,reef-associated,WaterAssumed,NA,45.06
Naucrates ductor,Naucrates ductor,Naucrates,Naucrates,U,0,LC,LC,2015,2011,40,70,1,15,0,0,1,0,0,0,no,Oviparous,no,no,Planktotrophic,Gregarious,Carnivorous,fusiform / normal,0,0,1,reef-associated,WaterAssumed,NA,48
Nemichthys scolopaceus,Nemichthys scolopaceus,Nemichthys,Nemichthys,U,0,LC,LC,2015,2011,NA,130,1,3600,1,1,1,0,0,0,Oceanodromous,Oviparous,no,yes,Planktotrophic,Mix,Carnivorous,eel-like,0,0,1,bathypelagic,WaterAssumed,NA,50.54
Nemipterus japonicus,Nemipterus japonicus,Nemipterus,Nemipterus,RS,0,LC,NA,2019,NA,5,80,5,80,0,0,0,1,0,0,no,Oviparous,no,no,Planktotrophic,Gregarious,Carnivorous,fusiform / normal,0,0,1,demersal,WaterAssumed,non-migratory,20.71
Nemipterus randalli,Nemipterus randalli,Nemipterus,Nemipterus,RS,1,LC,NA,2019,NA,12,30,20,200,0,0,0,1,0,0,no,Oviparous,no,no,Planktotrophic,Gregarious,Carnivorous,fusiform / normal,0,0,1,demersal,WaterAssumed,non-migratory,18.02
Neoniphon sammara,Neoniphon sammara,Neoniphon,Neoniphon,RS,1,LC,NA,2016,NA,23,32,0,46,NA,NA,NA,NA,NA,NA,NA,NA,NA,NA,NA,NA,NA,fusiform / normal,0,0,1,reef-associated,WaterAssumed,NA,25.61
Nerophis maculatus,Nerophis maculatus,Nerophis,Nerophis,U,0,NT,DD,2026,2016,22.5,30,1,20,0,0,0,0,0,1,NA,androViviparous,no,no,no,Solitary,Carnivorous,eel-like,0,0,1,demersal,WaterAssumed,NA,20
Nerophis ophidion,Nerophis ophidion,Nerophis,Nerophis,U,0,LC,LC,2025,2016,23.5,30,1,10,0,0,0,0,0,1,NA,androViviparous,no,no,no,NA,Carnivorous,eel-like,1,1,1,demersal,WaterAssumed,NA,16.82
Nettastoma melanurum,Nettastoma melanura,Nettastoma,Nettastoma,U,0,LC,LC,2015,2011,70,80,80,400,0,1,0,1,0,0,NA,Oviparous,no,no,Planktotrophic,NA,Carnivorous,eel-like,0,0,1,bathypelagic,WaterAssumed,NA,51.92
Nezumia aequalis,Nezumia aequalis,Nezumia,Nezumia,U,0,LC,LC,2015,2011,25,36,200,2300,0,0,1,0,0,0,no,Oviparous,no,no,Planktotrophic,NA,Carnivorous,elongated,0,0,1,benthopelagic,WaterAssumed,non-migratory,26
Nezumia sclerorhynchus,Nezumia sclerorhynchus,Nezumia,Nezumia,U,0,LC,LC,2015,2011,30,36,500,3200,0,0,1,0,0,0,no,Oviparous,no,no,Planktotrophic,NA,Carnivorous,elongated,0,0,1,bathypelagic,WaterAssumed,non-migratory,48.36
Notacanthus bonaparte,Notacanthus bonaparte,Notacanthus,Notacanthus,U,0,NA,LC,NA,2011,20,26,400,2000,0,1,1,0,0,0,no,Oviparous,no,no,Planktotrophic,Gregarious,Carnivorous,elongated,0,0,1,benthopelagic,WaterAssumed,NA,16
Notoscopelus bolini,Notoscopelus bolini,Notoscopelus,Notoscopelus,U,0,LC,LC,2015,2011,8.5,10,1,1300,0,0,1,0,0,0,Oceanodromous,NA,no,no,NA,NA,Carnivorous,elongated,0,0,1,pelagic-oceanic,WaterAssumed,oceanodromous,10
Notoscopelus elongatus,Notoscopelus elongatus,Notoscopelus,Notoscopelus,E,0,LC,LC,2014,2014,7,11,45,1000,0,0,1,1,0,0,Oceanodromous,Oviparous,no,no,Planktotrophic,Solitary,Carnivorous,elongated,0,0,1,pelagic-oceanic,WaterAssumed,oceanodromous,10
Oblada melanura,Oblada melanurus,Oblada,Oblada,U,0,LC,LC,2014,2011,17.5,30,1,10,0,0,0,0,1,1,NA,Oviparous,Protogynous,no,Planktotrophic,Gregarious,Omnivorous,fusiform / normal,0,0,1,benthopelagic,WaterAssumed,oceanodromous,34.35
Odondebuenia balearica,Odondebuenia balearica,Odondebuenia,Odondebuenia,E,0,LC,LC,2025,2025,3.5,3.9,25,40,1,0,0,0,1,0,no,Oviparous,no,no,Planktotrophic,Solitary,Carnivorous,elongated,0,0,1,demersal,WaterAssumed,NA,10
Odontaspis ferox,Odontaspis ferox,Odontaspis,Odontaspis,U,0,EN,CR,2024,2016,370,450,40,300,1,1,0,1,1,0,no,Ovoviviparous,no,no,no,Solitary,Carnivorous,fusiform / normal,0,0,1,benthopelagic,WaterAssumed,NA,90
Odonus niger,Odonus niger,Odonus,Odonus,RS,1,LC,NA,2022,NA,30,50,5,110,NA,NA,NA,NA,NA,NA,NA,NA,NA,NA,NA,NA,NA,short and / or deep,0,0,1,reef-associated,WaterAssumed,non-migratory,40
Oedalechilus labeo,Oedalechilus labeo,Oedalechilus,Oedalechilus,U,0,NA,LC,NA,2011,21.5,25,1,10,0,0,0,1,1,1,NA,Oviparous,no,no,Planktotrophic,Gregarious,Omnivorous,fusiform / normal,0,1,1,demersal,WaterAssumed,NA,33.22
Oligopus ater,Grammonus ater,Oligopus,Grammonus,E,0,LC,LC,2014,2014,9,12,5,50,0,1,0,1,1,0,no,Viviparous,no,no,no,Solitary,Carnivorous,elongated,0,0,1,reef-associated,WaterAssumed,NA,10
Omobranchus punctatus,Omobranchus punctatus,Omobranchus,Omobranchus,RS,1,LC,NA,2026,NA,5,9.5,1,5,0,0,0,0,1,0,no,Oviparous,no,no,Leicitotrophic,NA,Omnivorous,elongated,0,1,1,benthopelagic,WaterAssumed,NA,10
Oncorhynchus kisutch,Oncorhynchus kisutch,Oncorhynchus,Oncorhynchus,O,1,LC,NA,2024,NA,71,107.9499969,0,250,NA,NA,NA,NA,NA,NA,NA,NA,NA,NA,NA,NA,NA,fusiform / normal,1,1,1,pelagic-neritic,WaterAssumed,anadromous,47.71
Opeatogenys gracilis,Opeatogenys gracilis,Opeatogenys,Opeatogenys,E,0,LC,LC,2014,2014,2.5,3,3,20,0,0,0,0,1,0,no,Oviparous,no,no,Planktotrophic,Solitary,Carnivorous,elongated,0,0,1,demersal,WaterAssumed,NA,10
Ophichthus rufus,Ophichthus rufus,Ophichthus,Ophichthus,E,0,LC,LC,2014,2014,55,60,50,300,1,1,0,1,0,0,NA,Oviparous,no,no,Planktotrophic,NA,Carnivorous,eel-like,0,0,1,demersal,WaterAssumed,NA,44
Ophidion barbatum,Ophidion barbatum,Ophidion,Ophidion,U,0,LC,LC,2019,2011,23,30,10,100,1,0,0,1,1,0,NA,Oviparous,no,no,Planktotrophic,Solitary,Carnivorous,elongated,0,0,1,demersal,WaterAssumed,NA,15.4
Ophidion rochei,Ophidion rochei,Ophidion,Ophidion,E,0,DD,DD,2011,2011,22.5,30,5,20,1,0,0,0,1,0,NA,Oviparous,no,no,Planktotrophic,Solitary,Carnivorous,elongated,0,0,1,demersal,WaterAssumed,NA,19.25
Ophioblennius atlanticus,Ophioblennius atlanticus,Ophioblennius,Ophioblennius,A,1,LC,NA,2025,NA,NA,19,50,NA,NA,NA,NA,NA,NA,NA,NA,NA,NA,NA,NA,NA,NA,fusiform / normal,0,0,1,reef-associated,WaterAssumed,NA,10
Ophisurus serpens,Ophisurus serpens,Ophisurus,Ophisurus,U,0,LC,LC,2015,2011,190,240,50,300,1,1,0,1,0,0,NA,Oviparous,no,no,Planktotrophic,NA,Carnivorous,eel-like,0,1,1,demersal,WaterAssumed,NA,90
Oplegnathus fasciatus,Oplegnathus fasciatus,Oplegnathus,Oplegnathus,O,1,LC,NA,2024,NA,NA,80,1,10,NA,NA,NA,NA,NA,NA,NA,NA,NA,NA,NA,NA,NA,short and / or deep,0,0,1,reef-associated,WaterAssumed,NA,52
Orcynopsis unicolor,Orcynopsis unicolor,Orcynopsis,Orcynopsis,U,0,LC,LC,2023,2011,115,130,1,40,0,0,0,0,0,0,Oceanodromous,Oviparous,no,no,Planktotrophic,Mix,Piscivorous,fusiform / normal,0,1,1,pelagic-neritic,WaterAssumed,oceanodromous,86.58
Orthopristis chrysoptera,Orthopristis chrysoptera,Orthopristis,Orthopristis,A,1,LC,NA,2015,NA,30,46,10,NA,NA,NA,NA,NA,NA,NA,NA,NA,NA,NA,NA,NA,NA,short and / or deep,0,1,1,demersal,WaterAssumed,oceanodromous,30.14
Ostorhinchus fasciatus,Ostorhinchus fasciatus,Ostorhinchus,Ostorhinchus,RS,1,LC,NA,2022,NA,7,12.60000038,2,128,NA,NA,NA,NA,NA,NA,NA,NA,NA,NA,NA,NA,NA,short and / or deep,0,0,1,reef-associated,WaterAssumed,NA,10
Ostracion cubicus,Ostracion cubicum,Ostracion,Ostracion,RS,1,LC,NA,2024,NA,NA,45,1,280,NA,NA,NA,NA,NA,NA,NA,NA,NA,NA,NA,NA,NA,short and / or deep,0,0,1,reef-associated,WaterAssumed,NA,35
Oxynotus centrina,Oxynotus centrina,Oxynotus,Oxynotus,U,0,EN,CR,2021,2016,90,150,60,500,1,1,0,1,1,0,NA,Ovoviviparous,no,no,no,NA,Carnivorous,elongated,0,0,1,bathydemersal,WaterAssumed,NA,90
Oxyurichthys keiensis,Oxyurichthys keiensis,Oxyurichthys,Oxyurichthys,RS,1,LC,NA,2025,NA,NA,7,NA,NA,NA,NA,NA,NA,NA,NA,NA,NA,NA,NA,NA,NA,NA,fusiform / normal,0,1,1,demersal,WaterAssumed,NA,10
Oxyurichthys papuensis,Oxyurichthys papuensis,Oxyurichthys,Oxyurichthys,RS,0,LC,NA,2019,NA,9,11,30,50,0,0,0,1,1,0,no,Oviparous,no,no,Planktotrophic,NA,Carnivorous,fusiform / normal,0,1,1,reef-associated,WaterAssumed,NA,12
Oxyurichthys petersii,Oxyurichthys petersii,Oxyurichthys,Oxyurichthys,RS,1,LC,NA,2019,NA,8,15,1,70,0,0,0,1,0,0,no,Oviparous,no,no,Planktotrophic,NA,Carnivorous,fusiform / normal,0,0,1,reef-associated,WaterAssumed,NA,10
Pagellus acarne,Pagellus acarne,Pagellus,Pagellus,U,0,LC,LC,2014,2011,27.5,36,20,100,1,0,0,1,0,1,Oceanodromous,Oviparous,Protandrous,no,Planktotrophic,Gregarious,Carnivorous,fusiform / normal,0,0,1,benthopelagic,WaterAssumed,oceanodromous,36.56
Pagellus bellottii,Pagellus bellottii,Pagellus,Pagellus,A,1,LC,NA,2014,NA,25,42,10,250,1,1,0,1,1,0,no,Oviparous,Protogynous,no,Planktotrophic,Solitary,Carnivorous,fusiform / normal,0,0,1,demersal,WaterAssumed,NA,42.85
Pagellus bogaraveo,Pagellus bogaraveo,Pagellus,Pagellus,U,0,NT,LC,2014,2011,55,70,30,300,1,1,0,0,1,0,Oceanodromous,Oviparous,Protandrous,no,Planktotrophic,Gregarious,Carnivorous,fusiform / normal,0,0,1,benthopelagic,WaterAssumed,NA,63.82
Pagellus erythrinus,Pagellus erythrinus,Pagellus,Pagellus,U,0,LC,LC,2014,2011,35,60,20,100,1,0,0,1,1,0,Oceanodromous,Oviparous,Protogynous,no,Planktotrophic,Mix,Carnivorous,fusiform / normal,0,0,1,benthopelagic,WaterAssumed,NA,39.81
Pagrus auriga,Pagrus auriga,Pagrus,Pagrus,U,0,LC,DD,2014,2011,50,80,10,80,0,0,0,0,1,0,Oceanodromous,Oviparous,Protogynous,no,Leicitotrophic,NA,Carnivorous,short and / or deep,0,0,1,benthopelagic,WaterAssumed,oceanodromous,59.04
Pagrus caeruleostictus,Pagrus caeruleostictus,Pagrus,Pagrus,U,0,LC,DD,2014,2011,65,90,20,80,0,0,0,0,1,0,Oceanodromous,Oviparous,Protogynous,no,Planktotrophic,Gregarious,Carnivorous,short and / or deep,0,1,1,benthopelagic,WaterAssumed,oceanodromous,45.6
Pagrus major,Pagrus major,Pagrus,Pagrus,O,1,LC,NA,2014,NA,25,100,30,200,1,0,0,1,1,0,Oceanodromous,Viviparous,no,no,Planktotrophic,Gregarious,Carnivorous,fusiform / normal,0,0,1,demersal,WaterAssumed,oceanodromous,58.39
Pagrus pagrus,Pagrus pagrus,Pagrus,Pagrus,U,0,LC,LC,2014,2011,60,80,15,100,0,0,0,1,1,0,Oceanodromous,Oviparous,Protogynous,no,Planktotrophic,Solitary,Carnivorous,fusiform / normal,0,0,1,benthopelagic,WaterAssumed,oceanodromous,58.41
Pampus argenteus,Pampus argenteus,Pampus,Pampus,RS,1,NA,NA,NA,NA,50,65,1,30,0,0,1,1,0,0,Oceanodromous,Oviparous,no,no,Planktotrophic,Gregarious,Carnivorous,short and / or deep,0,0,1,benthopelagic,WaterAssumed,oceanodromous,30.52
Panturichthys fowleri,Panturichthys fowleri,Panturichthys,Panturichthys,E,0,DD,DD,2014,2014,65,70,30,60,1,0,0,1,0,0,NA,Oviparous,no,no,Planktotrophic,Solitary,Carnivorous,eel-like,0,0,1,demersal,WaterAssumed,NA,55.4
Papilloculiceps longiceps,Papilloculiceps longiceps,Papilloculiceps,Papilloculiceps,RS,1,LC,NA,2018,NA,70,100,1,15,1,0,0,1,1,0,no,Oviparous,no,no,Planktotrophic,Solitary,Carnivorous,elongated,0,0,1,reef-associated,WaterAssumed,non-migratory,48
Parablennius gattorugine,Parablennius gattorugine,Parablennius,Parablennius,U,0,LC,LC,2026,2011,22.5,30,3,20,0,0,0,0,1,0,no,Oviparous,no,no,Planktotrophic,Solitary,Carnivorous,fusiform / normal,0,0,1,demersal,Facultative,non-migratory,20
Parablennius incognitus,Parablennius incognitus,Parablennius,Parablennius,U,0,LC,LC,2026,2011,6.5,8,0.5,3,0,0,0,0,1,0,no,Oviparous,no,no,Planktotrophic,Solitary,Carnivorous,fusiform / normal,0,0,1,demersal,FacultativeGenus,NA,10
Parablennius pilicornis,Parablennius pilicornis,Parablennius,Parablennius,A,0,LC,LC,2026,2011,9,12,1,5,0,0,0,0,1,1,no,Oviparous,no,no,Planktotrophic,Solitary,Carnivorous,fusiform / normal,0,0,1,demersal,FacultativeGenus,NA,10
Parablennius rouxi,Parablennius rouxi,Parablennius,Parablennius,U,0,LC,LC,2026,2014,6.5,8,3,30,0,0,0,1,1,0,no,Oviparous,no,no,Planktotrophic,Solitary,Carnivorous,elongated,0,0,1,demersal,FacultativeGenus,NA,10
Parablennius sanguinolentus,Parablennius sanguinolentus,Parablennius,Parablennius,U,0,LC,LC,2026,2011,19,22,1,5,0,0,0,0,1,0,no,Oviparous,no,no,Planktotrophic,Solitary,Carnivorous,fusiform / normal,0,0,1,demersal,FacultativeGenus,non-migratory,10
Parablennius tentacularis,Parablennius tentacularis,Parablennius,Parablennius,U,0,LC,LC,2026,2011,10.5,15,5,15,0,0,0,1,0,0,no,Oviparous,no,no,Planktotrophic,Solitary,Carnivorous,fusiform / normal,0,1,1,demersal,FacultativeGenus,NA,10
Parablennius thysanius,Parablennius thysanius,Parablennius,Parablennius,A,1,LC,NA,2026,NA,NA,6.199999809,1,10,NA,NA,NA,NA,NA,NA,NA,NA,NA,NA,NA,NA,NA,fusiform / normal,0,0,1,demersal,FacultativeGenus,NA,10
Parablennius zvonimiri,Parablennius zvonimiri,Parablennius,Parablennius,E,0,LC,NA,2026,NA,6.5,8,1,5,0,0,0,0,1,1,no,Oviparous,no,no,Planktotrophic,Solitary,Carnivorous,fusiform / normal,0,0,1,demersal,FacultativeGenus,NA,10
Paracanthurus hepatus,Paracanthurus hepatus,Paracanthurus,Paracanthurus,O,1,LC,NA,2012,NA,NA,31,2,40,NA,NA,NA,NA,NA,NA,NA,NA,NA,NA,NA,NA,NA,short and / or deep,0,0,1,reef-associated,WaterAssumed,NA,21
Paralepis coregonoides,Paralepis coregonoides,Paralepis,Paralepis,E,0,LC,LC,2019,2011,25,50,50,1000,0,0,1,0,0,0,Oceanodromous,Oviparous,no,no,Planktotrophic,Solitary,Omnivorous,elongated,0,0,1,bathypelagic,WaterAssumed,oceanodromous,44.4
Paralepis speciosa,Paralepis speciosa,Paralepis,Paralepis,E,0,LC,NA,2014,NA,45,50,100,660,0,0,1,0,0,0,no,Oviparous,no,no,Planktotrophic,Solitary,Carnivorous,elongated,0,0,1,bathypelagic,WaterAssumed,NA,27.17
Paralichthys lethostigma,Paralichthys lethostigma,Paralichthys,Paralichthys,A,1,NT,NA,2015,NA,50,83,1,43,NA,NA,NA,NA,NA,NA,NA,NA,NA,NA,NA,NA,NA,short and / or deep,0,1,1,demersal,WaterAssumed,NA,43.52
Paraliparis leptochirus,Eutelichthys leptochirus,Paraliparis,Eutelichthys,E,0,DD,DD,2014,2014,3,5,500,700,0,0,1,0,0,0,no,Oviparous,no,no,Planktotrophic,NA,Carnivorous,Elongated,0,0,1,bathydemersal,WaterAssumed,NA,10
Paraliparis murieli,Paraliparis murieli,Paraliparis,Paraliparis,E,0,DD,DD,2014,2014,NA,NA,500,600,0,0,1,0,0,0,no,Oviparous,no,no,Planktotrophic,NA,Carnivorous,elongated,0,0,1,bathydemersal,WaterAssumed,NA,10
Paranthias furcifer,Paranthias furcifer,Paranthias,Paranthias,A,1,NA,NA,NA,NA,20,30,8,100,NA,NA,NA,NA,NA,NA,NA,NA,NA,NA,NA,NA,NA,fusiform / normal,0,0,1,reef-associated,WaterAssumed,NA,38.14
Parapristipoma octolineatum,Parapristipoma octolineatum,Parapristipoma,Parapristipoma,A,0,LC,DD,2015,2011,30,50,10,30,0,0,0,1,1,0,no,Oviparous,no,no,Planktotrophic,Gregarious,Carnivorous,fusiform / normal,0,0,1,demersal,WaterAssumed,NA,44.4
Parascorpaena mcadamsi,Parascorpaena mcadamsi,Parascorpaena,Parascorpaena,RS,1,LC,NA,2016,NA,NA,8,7,40,NA,NA,NA,NA,NA,NA,NA,NA,NA,NA,NA,NA,NA,fusiform / normal,0,0,1,reef-associated,WaterAssumed,NA,10
Parexocoetus mento,Parexocoetus mento,Parexocoetus,Parexocoetus,RS,1,NA,NA,NA,NA,10,13,1,20,1,0,0,0,0,0,Oceanodromous,Oviparous,no,no,Planktotrophic,NA,Carnivorous,elongated,0,0,1,pelagic-neritic,WaterAssumed,oceanodromous,10
Parophidion vassali,Parophidion vassali,Parophidion,Parophidion,E,0,DD,DD,2011,2011,23,26,20,100,1,0,0,0,1,1,NA,Oviparous,no,no,Planktotrophic,Solitary,Carnivorous,eel-like,0,0,1,demersal,WaterAssumed,NA,20.5
Parupeneus forsskali,Parupeneus forsskali,Parupeneus,Parupeneus,RS,1,LC,NA,2020,NA,25,28,1,45,NA,NA,NA,NA,NA,NA,NA,NA,NA,NA,NA,NA,NA,fusiform / normal,0,1,1,reef-associated,WaterAssumed,NA,15.09
Parupeneus rubescens,Parupeneus rubescens,Parupeneus,Parupeneus,RS,1,LC,NA,2020,NA,23,43,NA,200,NA,NA,NA,NA,NA,NA,NA,NA,NA,NA,NA,NA,NA,fusiform / normal,0,0,1,reef-associated,WaterAssumed,NA,33
Pelates quadrilineatus,Pelates quadrilineatus,Pelates,Pelates,RS,1,NA,NA,NA,NA,10,12,1,10,0,0,0,1,0,1,no,Oviparous,no,no,Planktotrophic,Gregarious,Carnivorous,fusiform / normal,0,1,1,reef-associated,WaterAssumed,NA,20
Pempheris rhomboidea,Pempheris rhomboidea,Pempheris,Pempheris,RS,1,NA,NA,NA,NA,NA,17.60000038,20,NA,NA,NA,NA,NA,NA,NA,NA,NA,NA,NA,NA,NA,NA,short and / or deep,0,0,1,pelagic-neritic,WaterAssumed,NA,10
Pempheris vanicolensis,Pempheris vanicolensis,Pempheris,Pempheris,RS,0,NA,NA,NA,NA,12,20,3,50,0,0,0,0,1,0,no,Oviparous,no,no,Planktotrophic,Gregarious,Carnivorous,short and / or deep,0,0,1,reef-associated,WaterAssumed,NA,10
Peristedion cataphractum,Peristedion cataphractum,Peristedion,Peristedion,U,0,LC,LC,2015,2011,27.5,40,50,500,1,1,0,1,0,0,Oceanodromous,Oviparous,no,no,NA,Gregarious,Carnivorous,fusiform / normal,0,0,1,demersal,WaterAssumed,NA,38.25
Petromyzon marinus,Petromyzon marinus,Petromyzon,Petromyzon,U,0,LC,NA,2024,NA,75,120,5,20,0,0,0,1,0,0,Anadromous,Oviparous,no,yes,Planktotrophic,NA,Carnivorous,eel-like,1,1,1,demersal,WaterAssumed,anadromous,72
Petroscirtes ancylodon,Petroscirtes ancylodon,Petroscirtes,Petroscirtes,RS,1,LC,NA,2014,NA,7.5,12,1,10,0,0,0,1,0,0,no,Oviparous,no,no,Planktotrophic,Gregarious,Carnivorous,fusiform / normal,0,0,1,demersal,WaterAssumed,NA,10
Phycis blennoides,Phycis blennoides,Phycis,Phycis,U,0,NA,LC,NA,2011,60,110,100,450,0,0,1,1,0,0,Oceanodromous,Oviparous,no,no,Planktotrophic,NA,Carnivorous,fusiform / normal,0,0,1,benthopelagic,WaterAssumed,oceanodromous,52.42
Phycis phycis,Phycis phycis,Phycis,Phycis,U,0,LC,LC,2015,2011,45,60,20,100,1,1,0,1,1,0,Oceanodromous,Oviparous,no,no,Planktotrophic,Solitary,Carnivorous,fusiform / normal,0,0,1,benthopelagic,WaterAssumed,non-migratory,44.59
Physiculus dalwigki,Physiculus dalwigki,Physiculus,Physiculus,U,0,LC,LC,2015,2011,NA,30,100,300,0,1,0,1,1,0,NA,Oviparous,no,no,Planktotrophic,NA,Carnivorous,elongated,0,0,1,benthopelagic,WaterAssumed,NA,20
Pinguipes brasilianus,Pinguipes brasilianus,Pinguipes,Pinguipes,A,1,NA,NA,NA,NA,30,70,60,150,1,0,0,1,0,1,no,Oviparous,no,no,Planktotrophic,Solitary,Carnivorous,elongated,0,0,1,demersal,WaterAssumed,NA,48
Pisodonophis semicinctus,Pisodonophis semicinctus,Pisodonophis,Pisodonophis,A,1,LC,NA,2015,NA,60,80,10,30,1,0,0,1,0,0,no,Oviparous,no,no,Planktotrophic,Solitary,Carnivorous,eel-like,0,1,1,demersal,WaterAssumed,NA,52
Planiliza haematocheilus,Planiliza haematocheilus,Planiliza,Planiliza,O,1,NA,NA,NA,NA,50,80,5,10,NA,NA,NA,NA,NA,NA,NA,NA,NA,NA,NA,NA,NA,fusiform / normal,1,1,1,pelagic-neritic,WaterAssumed,catadromous,58
Platax teira,Platax teira,Platax,Platax,RS,1,LC,NA,2019,NA,30,70,1,70,0,0,0,0,0,1,Amphidromous,Oviparous,no,no,Planktotrophic,Gregarious,Carnivorous,short and / or deep,0,0,1,reef-associated,WaterAssumed,amphidromous,48
Platichthys flesus,Platichthys flesus,Platichthys,Platichthys,E,0,LC,NA,2024,NA,30,60,1,25,0,0,0,1,0,0,Catadromous,Oviparous,no,no,Planktotrophic,NA,Carnivorous,short and / or deep,1,1,1,demersal,WaterAssumed,catadromous,48.72
Platycephalus indicus,Platycephalus indicus,Platycephalus,Platycephalus,RS,1,DD,NA,2010,NA,80,100,20,200,0,0,0,1,1,0,Oceanodromous,Oviparous,no,no,Planktotrophic,Solitary,Carnivorous,elongated,0,1,1,reef-associated,WaterAssumed,oceanodromous,36.94
Plectorhinchus mediterraneus,Plectorhinchus mediterraneus,Plectorhinchus,Plectorhinchus,U,0,DD,LC,2015,2011,55,80,5,50,0,0,0,1,0,0,NA,Oviparous,no,no,Planktotrophic,Gregarious,Carnivorous,fusiform / normal,0,0,1,demersal,WaterAssumed,NA,53.85
Pleuronectes platessa,Pleuronectes platessa,Pleuronectes,Pleuronectes,U,0,LC,NT,2024,2011,60,100,5,100,1,1,0,1,1,0,Oceanodromous,Oviparous,no,no,Planktotrophic,NA,Carnivorous,short and / or deep,0,1,1,demersal,WaterAssumed,oceanodromous,71.05
Plotosus lineatus,Plotosus lineatus,Plotosus,Plotosus,RS,1,LC,NA,2024,NA,18,32,1,60,1,0,0,1,1,0,Amphidromous,Oviparous,no,no,Planktotrophic,Mix,Carnivorous,fusiform / normal,0,1,1,reef-associated,WaterAssumed,amphidromous,28.58
Polymetme corythaeola,Polymetme corythaeola,Polymetme,Polymetme,A,1,LC,NA,2020,NA,NA,26,165,800,NA,NA,NA,NA,NA,NA,NA,NA,NA,NA,NA,NA,NA,elongated,0,0,1,benthopelagic,WaterAssumed,NA,21.72
Polyprion americanus,Polyprion americanus,Polyprion,Polyprion,U,0,DD,DD,2003,2011,100,200,1,1000,1,1,0,1,1,0,Oceanodromous,Oviparous,no,no,Planktotrophic,Solitary,Carnivorous,fusiform / normal,0,0,1,demersal,WaterAssumed,oceanodromous,77.75
Pomacanthus imperator,Pomacanthus imperator,Pomacanthus,Pomacanthus,RS,1,LC,NA,2010,NA,NA,40,1,100,NA,NA,NA,NA,NA,NA,NA,NA,NA,NA,NA,NA,NA,short and / or deep,0,0,1,reef-associated,WaterAssumed,non-migratory,67.79
Pomacanthus maculosus,Pomacanthus maculosus,Pomacanthus,Pomacanthus,RS,1,LC,NA,2010,NA,20,50,4,60,NA,NA,NA,NA,NA,NA,NA,NA,NA,NA,NA,NA,NA,short and / or deep,0,0,1,reef-associated,WaterAssumed,non-migratory,44.17
Pomacanthus semicirculatus,Pomacanthus semicirculatus,Pomacanthus,Pomacanthus,RS,1,LC,NA,2010,NA,NA,40,1,40,NA,NA,NA,NA,NA,NA,NA,NA,NA,NA,NA,NA,NA,short and / or deep,0,0,1,reef-associated,WaterAssumed,non-migratory,38.8
Pomadasys argenteus,Pomadasys argenteus,Pomadasys,Pomadasys,RS,1,LC,NA,2012,NA,25,70,15,115,NA,NA,NA,NA,NA,NA,NA,NA,NA,NA,NA,NA,NA,fusiform / normal,1,1,1,demersal,WaterAssumed,NA,30.58
Pomadasys incisus,Pomadasys incisus,Pomadasys,Pomadasys,U,0,LC,LC,2010,2011,32.5,50,10,40,0,0,0,1,1,0,NA,Oviparous,no,no,Planktotrophic,Gregarious,Carnivorous,fusiform / normal,0,1,1,demersal,WaterAssumed,NA,40.12
Pomadasys stridens,Pomadasys stridens,Pomadasys,Pomadasys,RS,1,LC,NA,2019,NA,10,16,5,55,0,0,0,1,0,0,no,Oviparous,no,no,Planktotrophic,Gregarious,Carnivorous,fusiform / normal,0,0,1,reef-associated,WaterAssumed,NA,35.09
Pomatomus saltator,Pomatomus saltatrix,Pomatomus,Pomatomus,U,0,VU,LC,2015,2011,75,120,10,40,1,0,0,0,0,0,Oceanodromous,Oviparous,no,no,Planktotrophic,Gregarious,Carnivorous,fusiform / normal,0,1,1,pelagic-oceanic,WaterAssumed,oceanodromous,42.22
Pomatoschistus bathi,Pomatoschistus bathi,Pomatoschistus,Pomatoschistus,E,0,LC,NA,2025,NA,3.2,3.5,2,10,0,0,0,1,0,0,no,Oviparous,no,no,Planktotrophic,Gregarious,Carnivorous,elongated,0,1,1,demersal,WaterAssumed,NA,10
Pomatoschistus canestrinii,Ninnigobius canestrinii,Pomatoschistus,Ninnigobius,E,0,LC,NA,2024,NA,5.8,6.7,2,10,0,0,0,1,0,0,Amphidromous,Oviparous,no,no,Planktotrophic,Solitary,Carnivorous,elongated,1,1,0,demersal,WaterAssumed,NA,10
Pomatoschistus knerii,Pomatoschistus knerii,Pomatoschistus,Pomatoschistus,E,0,LC,LC,2025,2014,3.65,4,1,10,0,0,0,1,0,0,no,Oviparous,no,no,Planktotrophic,Gregarious,Carnivorous,elongated,0,0,1,demersal,WaterAssumed,NA,10
Pomatoschistus marmoratus,Pomatoschistus marmoratus,Pomatoschistus,Pomatoschistus,U,0,LC,LC,2022,2011,6.25,6.5,1,20,0,0,0,1,0,0,no,Oviparous,no,no,Planktotrophic,Solitary,Carnivorous,elongated,1,1,1,demersal,WaterAssumed,NA,10
Pomatoschistus microps,Pomatoschistus microps,Pomatoschistus,Pomatoschistus,U,0,LC,CR,2024,2011,6.25,7,1,5,0,0,0,1,0,0,Amphidromous,Oviparous,no,yes,Planktotrophic,Gregarious,Carnivorous,elongated,1,1,1,demersal,WaterAssumed,amphidromous,33.28
Pomatoschistus minutus,Pomatoschistus minutus,Pomatoschistus,Pomatoschistus,U,0,LC,VU,2022,2011,7.5,9.5,1,20,0,0,0,1,0,0,no,Oviparous,no,yes,Planktotrophic,Mix,Carnivorous,elongated,0,1,1,demersal,WaterAssumed,amphidromous,14.6
Pomatoschistus norvegicus,Pomatoschistus norvegicus,Pomatoschistus,Pomatoschistus,U,0,LC,DD,2025,2011,6.5,8,20,325,1,0,0,1,0,0,no,Oviparous,no,no,Planktotrophic,Solitary,Omnivorous,elongated,0,0,1,demersal,WaterAssumed,NA,10
Pomatoschistus pictus,Pomatoschistus pictus,Pomatoschistus,Pomatoschistus,E,0,LC,NA,2025,NA,5.25,6,0.5,20,0,0,0,1,0,0,no,Oviparous,no,no,Planktotrophic,Gregarious,Carnivorous,elongated,0,0,1,demersal,WaterAssumed,NA,10
Pomatoschistus quagga,Pomatoschistus quagga,Pomatoschistus,Pomatoschistus,E,0,LC,LC,2025,2014,3.75,5,5,15,0,0,0,1,0,0,no,Oviparous,no,no,Planktotrophic,Gregarious,Carnivorous,elongated,0,0,1,demersal,WaterAssumed,NA,10
Pomatoschistus tortonesei,Pomatoschistus tortonesei,Pomatoschistus,Pomatoschistus,E,0,VU,VU,2025,2025,3.25,3.7,1,5,0,0,0,1,0,1,no,Oviparous,no,no,Planktotrophic,Solitary,Carnivorous,elongated,0,1,1,demersal,WaterAssumed,NA,10
Pontinus kuhlii,Pontinus kuhlii,Pontinus,Pontinus,A,0,DD,DD,2015,2011,20,23,100,450,1,1,0,0,1,0,no,Oviparous,no,no,Planktotrophic,Gregarious,Carnivorous,fusiform / normal,0,0,1,bathydemersal,WaterAssumed,NA,68.44
Priacanthus arenatus,Priacanthus arenatus,Priacanthus,Priacanthus,A,1,LC,DD,2015,2011,35,50,10,200,NA,NA,NA,NA,NA,NA,NA,NA,NA,NA,NA,NA,NA,fusiform / normal,0,0,1,reef-associated,WaterAssumed,NA,24.62
Priacanthus hamrur,Priacanthus hamrur,Priacanthus,Priacanthus,RS,1,LC,NA,2016,NA,25,40,5,250,1,0,0,0,1,0,no,Oviparous,no,no,NA,Gregarious,Carnivorous,short and / or deep,0,0,1,reef-associated,WaterAssumed,NA,24.42
Priacanthus prolixus,Priacanthus prolixus,Priacanthus,Priacanthus,RS,1,LC,NA,2020,NA,NA,25,35,250,NA,NA,NA,NA,NA,NA,NA,NA,NA,NA,NA,NA,NA,fusiform / normal,0,0,1,demersal,WaterAssumed,NA,20.5
Priacanthus sagittarius,Priacanthus sagittarius,Priacanthus,Priacanthus,RS,1,LC,NA,2016,NA,NA,35,NA,350,NA,NA,NA,NA,NA,NA,NA,NA,NA,NA,NA,NA,NA,fusiform / normal,0,0,1,demersal,WaterAssumed,NA,32.7
Prionace glauca,Prionace glauca,Prionace,Prionace,U,0,NT,CR,2019,2016,250,385,1,400,0,0,1,0,0,0,Oceanodromous,Viviparous,no,no,no,Solitary,Carnivorous,fusiform / normal,0,1,1,pelagic-oceanic,WaterAssumed,oceanodromous,72.61
Pristis pectinata,Pristis pectinata,Pristis,Pristis,A,0,CR,CR,2022,2016,550,760,1,10,0,0,0,1,0,0,Amphidromous,Ovoviviparous,no,no,no,Solitary,Carnivorous,elongated,1,1,1,demersal,WaterAssumed,amphidromous,84.4
Pristis pristis,Pristis pristis,Pristis,Pristis,U,0,CR,CR,2022,2016,450,500,2,50,0,0,0,1,0,0,Oceanodromous,Ovoviviparous,no,no,no,NA,Carnivorous,elongated,1,1,1,demersal,WaterAssumed,oceanodromous,78.59
Psenes pellucidus,Psenes pellucidus,Psenes,Psenes,A,1,LC,NA,2015,NA,50,90,1,500,0,1,1,0,0,0,no,Oviparous,no,no,Planktotrophic,Gregarious,Carnivorous,short and / or deep,0,0,1,bathypelagic,WaterAssumed,NA,52
Psetta maxima,Scophthalmus maximus,Psetta,Scophthalmus,E,0,LC,NT,2021,2011,65,110,2,70,1,0,0,1,1,0,NA,Oviparous,no,no,Planktotrophic,Solitary,Carnivorous,short and / or deep,0,1,1,demersal,WaterAssumed,oceanodromous,59.94
Pseudaphya ferreri,Pseudaphya ferreri,Pseudaphya,Pseudaphya,E,0,LC,LC,2025,2025,3.1,3.5,2,5,1,0,0,1,0,0,no,Oviparous,no,no,Planktotrophic,Gregarious,Carnivorous,elongated,0,0,1,benthopelagic,WaterAssumed,NA,10
Pseudocaranx dentex,Pseudocaranx dentex,Pseudocaranx,Pseudocaranx,U,0,LC,DD,2015,2011,50,100,4,200,1,0,0,0,1,0,no,Oviparous,no,no,Planktotrophic,Gregarious,Omnivorous,fusiform / normal,0,1,1,reef-associated,WaterAssumed,NA,73.2
Pseudochromis persicus,Pseudochromis persicus,Pseudochromis,Pseudochromis,RS,1,LC,NA,2020,NA,NA,15.39999962,1,25,NA,NA,NA,NA,NA,NA,NA,NA,NA,NA,NA,NA,NA,elongated,0,0,1,reef-associated,WaterAssumed,NA,10
Pseudotolithus senegallus,Pseudotolithus senegallus,Pseudotolithus,Pseudotolithus,A,1,VU,NA,2021,NA,85,230,0,150,NA,NA,NA,NA,NA,NA,NA,NA,NA,NA,NA,NA,NA,fusiform / normal,0,1,1,demersal,WaterAssumed,NA,90
Pseudupeneus prayensis,Pseudupeneus prayensis,Pseudupeneus,Pseudupeneus,A,1,VU,NA,2015,NA,30,55,10,300,1,0,0,1,0,0,no,Oviparous,no,no,Planktotrophic,NA,Carnivorous,fusiform / normal,0,0,1,demersal,WaterAssumed,NA,29.86
Pteragogus pelycus,Pteragogus pelycus,Pteragogus,Pteragogus,RS,0,LC,NA,2010,NA,10,15,2,20,0,0,0,0,0,1,no,Oviparous,no,no,Planktotrophic,NA,Carnivorous,fusiform / normal,0,0,1,demersal,WaterAssumed,NA,10
Pteragogus trispilus,Pteragogus trispilus,Pteragogus,Pteragogus,RS,1,NA,NA,NA,NA,NA,7.900000095,9,35,NA,NA,NA,NA,NA,NA,NA,NA,NA,NA,NA,NA,NA,short and / or deep,0,0,1,reef-associated,WaterAssumed,NA,10
Pterois miles,Pterois miles,Pterois,Pterois,RS,1,LC,NA,2018,NA,25,35,1,50,0,0,0,1,1,0,no,NA,no,no,NA,Mix,Piscivorous,fusiform / normal,0,0,1,reef-associated,WaterAssumed,NA,33
Pteromylaeus bovinus,Aetomylaeus bovinus,Pteromylaeus,Aetomylaeus,U,0,CR,CR,2021,2016,125,150,2,100,1,1,0,1,0,0,NA,Ovoviviparous,no,no,no,Mix,Carnivorous,other,0,1,1,benthopelagic,WaterAssumed,NA,82.5
Rachycentron canadum,Rachycentron canadum,Rachycentron,Rachycentron,RS,1,LC,NA,2015,NA,70,200,1,1200,1,1,1,0,0,0,Oceanodromous,Oviparous,no,no,Planktotrophic,Solitary,Carnivorous,elongated,0,1,1,reef-associated,WaterAssumed,oceanodromous,42.21
Raja asterias,Raja asterias,Raja,Raja,U,0,LC,NT,2024,2016,55,75,20,80,1,0,0,1,0,0,NA,Oviparous,no,no,NA,NA,Carnivorous,other,0,0,1,demersal,WaterAssumed,NA,32.61
Raja clavata,Raja clavata,Raja,Raja,U,0,NT,NT,2024,2016,95,115,10,300,1,1,0,1,1,0,NA,Oviparous,no,no,NA,NA,Carnivorous,other,0,0,1,demersal,WaterAssumed,NA,60.11
Raja melitensis,Leucoraja melitensis,Raja,Leucoraja,E,0,CR,CR,2025,2025,45,50,60,600,1,1,0,1,0,0,NA,Oviparous,no,no,NA,NA,Carnivorous,other,0,0,1,bathydemersal,WaterAssumed,NA,40.8
Raja miraletus,Raja miraletus,Raja,Raja,U,0,LC,LC,2019,2020,55,60,40,150,1,0,0,1,0,0,NA,Oviparous,no,no,NA,NA,Carnivorous,other,0,1,1,demersal,WaterAssumed,NA,50.71
Raja montagui,Raja montagui,Raja,Raja,U,0,LC,LC,2024,2016,70,100,30,80,1,0,0,1,0,0,NA,Oviparous,no,no,NA,NA,Carnivorous,other,0,0,1,demersal,WaterAssumed,NA,58.24
Raja polystigma,Raja polystigma,Raja,Raja,E,0,LC,LC,2024,2024,55,60,100,400,1,1,0,1,0,0,NA,Oviparous,no,no,NA,NA,Carnivorous,other,0,0,1,demersal,WaterAssumed,NA,62.14
Raja radula,Raja radula,Raja,Raja,U,0,EN,EN,2016,2016,65,75,40,350,1,1,0,1,0,0,NA,Oviparous,no,no,NA,NA,Carnivorous,other,0,0,1,demersal,WaterAssumed,NA,48
Raja rondeleti,Raja rondeleti,Raja,Raja,E,0,NA,NA,NA,NA,45,50,50,200,NA,NA,NA,NA,NA,NA,NA,Oviparous,no,no,NA,NA,Carnivorous,other,0,0,1,demersal,WaterAssumed,NA,40
Ranzania laevis,Ranzania laevis,Ranzania,Ranzania,U,0,LC,NA,2015,NA,60,80,1,50,0,0,1,0,0,0,Oceanodromous,Oviparous,no,no,Planktotrophic,Solitary,Carnivorous,short and / or deep,0,0,1,pelagic-oceanic,WaterAssumed,NA,60
Rastrelliger kanagurta,Rastrelliger kanagurta,Rastrelliger,Rastrelliger,RS,1,LC,NA,2023,NA,30,38,1,70,0,0,1,0,0,0,Oceanodromous,Oviparous,no,no,Planktotrophic,Gregarious,Omnivorous,fusiform / normal,0,0,1,pelagic-neritic,WaterAssumed,oceanodromous,17.31
Regalecus glesne,Regalecus glesne,Regalecus,Regalecus,U,0,LC,DD,2015,2011,700,1100,100,1000,0,0,1,0,0,0,Oceanodromous,Oviparous,no,no,Planktotrophic,NA,Carnivorous,eel-like,0,0,1,pelagic-oceanic,WaterAssumed,oceanodromous,90
Remora brachyptera,Remora brachyptera,Remora,Remora,U,0,LC,DD,2010,2011,30,40,1,50,0,0,1,0,0,0,Oceanodromous,NA,no,no,NA,NA,Carnivorous,elongated,0,0,1,pelagic-oceanic,WaterAssumed,oceanodromous,40
Remora osteochir,Remora osteochir,Remora,Remora,U,0,LC,DD,2015,2011,35,45,1,50,0,0,1,0,0,0,Oceanodromous,Oviparous,no,no,Planktotrophic,NA,Carnivorous,elongated,0,0,1,pelagic-oceanic,WaterAssumed,oceanodromous,38.8
Remora remora,Remora remora,Remora,Remora,U,0,LC,LC,2015,2011,65,86,1,50,1,0,0,0,1,0,Oceanodromous,Oviparous,no,no,Planktotrophic,Solitary,Carnivorous,elongated,0,0,1,reef-associated,WaterAssumed,NA,54.56
Rhabdosargus haffara,Rhabdosargus haffara,Rhabdosargus,Rhabdosargus,RS,1,LC,NA,2014,NA,25,35,2,30,0,0,0,1,1,0,no,Oviparous,no,no,Planktotrophic,Solitary,Carnivorous,fusiform / normal,0,0,1,reef-associated,WaterAssumed,NA,29.12
Rhincodon typus,Rhincodon typus,Rhincodon,Rhincodon,A,1,EN,NA,2025,NA,1000,1700,0,1928,NA,NA,NA,NA,NA,NA,NA,NA,NA,NA,NA,NA,NA,elongated,0,0,1,pelagic-oceanic,WaterAssumed,oceanodromous,86.63
Rhinobatos cemiculus,Glaucostegus cemiculus,Rhinobatos,Glaucostegus,U,0,CR,NA,2019,NA,190,200,5,50,1,0,0,1,0,0,NA,Ovoviviparous,no,no,no,NA,Carnivorous,elongated,0,1,1,demersal,WaterAssumed,NA,55.06
Rhinobatos rhinobatos,Rhinobatos rhinobatos,Rhinobatos,Rhinobatos,U,0,CR,EN,2021,2016,90,100,1,100,1,0,0,1,1,0,NA,Ovoviviparous,no,no,no,NA,Carnivorous,elongated,0,1,1,demersal,WaterAssumed,NA,65.69
Rhinoptera marginata,Rhinoptera marginata,Rhinoptera,Rhinoptera,U,0,CR,DD,2021,2016,175,200,1,60,0,0,0,1,0,0,NA,Ovoviviparous,no,no,no,Gregarious,Carnivorous,other,0,0,1,benthopelagic,WaterAssumed,NA,84.15
Rhizoprionodon acutus,Rhizoprionodon acutus,Rhizoprionodon,Rhizoprionodon,A,1,VU,NA,2020,NA,100,180,1,200,1,0,0,0,0,0,Amphidromous,Viviparous,no,no,no,Gregarious,Carnivorous,fusiform / normal,1,1,1,benthopelagic,WaterAssumed,amphidromous,60.97
Rhynchoconger trewavasae,Rhynchoconger trewavasae,Rhynchoconger,Rhynchoconger,RS,1,LC,NA,2019,NA,50,60,300,500,1,0,0,1,0,0,no,NA,no,yes,NA,NA,Carnivorous,eel-like,0,0,1,bathydemersal,WaterAssumed,NA,42.8
Rhynchogabus hepaticus,Rhynchogadus hepaticus,Rhynchogabus,Rhynchogadus,U,0,DD,DD,2014,2014,8,10,400,700,0,1,0,0,0,0,no,Oviparous,no,no,Planktotrophic,NA,Carnivorous,fusiform / normal,0,0,1,bathypelagic,WaterAssumed,NA,10
Rostroraja alba,Rostroraja alba,Rostroraja,Rostroraja,U,0,EN,EN,2024,2016,125,200,40,200,1,1,0,1,0,0,NA,Oviparous,no,no,NA,NA,Carnivorous,other,0,0,1,demersal,WaterAssumed,NA,90
Ruvettus pretiosus,Ruvettus pretiosus,Ruvettus,Ruvettus,U,0,LC,LC,2015,2011,105,200,80,700,1,1,0,0,0,0,Oceanodromous,Oviparous,no,no,Planktotrophic,Solitary,Carnivorous,elongated,0,0,1,benthopelagic,WaterAssumed,oceanodromous,90
Sarda sarda,Sarda sarda,Sarda,Sarda,U,0,LC,LC,2023,2011,75,95,1,50,0,0,0,0,0,0,Oceanodromous,Oviparous,no,no,Planktotrophic,Gregarious,Carnivorous,fusiform / normal,0,1,1,pelagic-neritic,WaterAssumed,oceanodromous,32.68
Sardina pilchardus,Sardina pilchardus,Sardina,Sardina,U,0,LC,LC,2015,2011,19,25,5,60,0,0,1,0,0,0,Oceanodromous,Oviparous,no,no,Planktotrophic,Gregarious,Omnivorous,fusiform / normal,1,1,1,pelagic-neritic,WaterAssumed,oceanodromous,30.31
Sardinella aurita,Sardinella aurita,Sardinella,Sardinella,U,0,LC,LC,2015,2011,25,33,1,350,0,0,1,0,0,0,Oceanodromous,Oviparous,no,no,Planktotrophic,Gregarious,Carnivorous,fusiform / normal,0,1,1,pelagic-neritic,WaterAssumed,oceanodromous,28.98
Sardinella gibbosa,Sardinella gibbosa,Sardinella,Sardinella,RS,1,LC,NA,2018,NA,15,29.60000038,10,70,NA,NA,NA,NA,NA,NA,NA,NA,NA,NA,NA,NA,NA,fusiform / normal,0,0,1,pelagic-neritic,WaterAssumed,NA,19
Sardinella maderensis,Sardinella maderensis,Sardinella,Sardinella,U,0,VU,LC,2015,2011,26.5,30,5,50,0,0,1,0,0,0,Oceanodromous,Oviparous,no,no,Planktotrophic,Gregarious,Carnivorous,fusiform / normal,0,1,1,pelagic-neritic,WaterAssumed,oceanodromous,35.19
Sargocentron caudimaculatum,Sargocentron caudimaculatum,Sargocentron,Sargocentron,RS,1,LC,NA,2016,NA,18,25,2,40,NA,NA,NA,NA,NA,NA,NA,NA,NA,NA,NA,NA,NA,fusiform / normal,0,0,1,reef-associated,WaterAssumed,NA,15
Sargocentron rubrum,Sargocentron rubrum,Sargocentron,Sargocentron,RS,1,LC,NA,2016,NA,18,27,1,84,0,0,0,0,1,0,no,Oviparous,no,no,Planktotrophic,Gregarious,Carnivorous,fusiform / normal,0,0,1,reef-associated,WaterAssumed,NA,16.59
Sarpa salpa,Sarpa salpa,Sarpa,Sarpa,U,0,LC,LC,2014,2011,32.5,50,1,15,0,0,0,0,1,1,Oceanodromous,Oviparous,Protandrous,no,Planktotrophic,Gregarious,Herbivorous,fusiform / normal,0,1,1,benthopelagic,WaterAssumed,oceanodromous,41.17
Saurida gracilis,Saurida gracilis,Saurida,Saurida,RS,1,LC,NA,2016,NA,NA,32,0,135,NA,NA,NA,NA,NA,NA,NA,NA,NA,NA,NA,NA,NA,elongated,0,0,1,reef-associated,WaterAssumed,NA,29.04
Saurida lessepsianus,Saurida lessepsianus,Saurida,Saurida,RS,1,LC,NA,2019,NA,NA,28.21999931,20,200,NA,NA,NA,NA,NA,NA,NA,NA,NA,NA,NA,NA,NA,elongated,0,0,1,benthopelagic,WaterAssumed,NA,24.43
Saurida undosquamis,Saurida undosquamis,Saurida,Saurida,RS,0,LC,NA,2016,NA,30,50,20,225,1,0,0,1,0,0,Amphidromous,Oviparous,no,no,Planktotrophic,NA,Carnivorous,elongated,0,0,1,reef-associated,WaterAssumed,amphidromous,39.46
Scartella cristata,Scartella cristata,Scartella,Scartella,U,0,LC,LC,2025,2011,8.5,10,0.5,2,0,0,0,0,1,1,no,Oviparous,no,no,Planktotrophic,Solitary,Omnivorous,fusiform / normal,0,0,1,reef-associated,WaterAssumed,NA,10
Scarus ghobban,Scarus ghobban,Scarus,Scarus,RS,1,LC,NA,2012,NA,25,75,3,36,0,0,0,0,1,0,no,Oviparous,Protogynous,no,Planktotrophic,NA,Herbivorous,fusiform / normal,0,1,1,reef-associated,WaterAssumed,NA,50
Scatophagus argus,Scatophagus argus,Scatophagus,Scatophagus,RS,1,LC,NA,2010,NA,20,45,0,5,NA,NA,NA,NA,NA,NA,NA,NA,NA,NA,NA,NA,NA,short and / or deep,1,1,1,demersal,WaterAssumed,amphidromous,20.24
Schedophilus medusophagus,Schedophilus medusophagus,Schedophilus,Schedophilus,U,0,LC,LC,2019,2011,40,50,1,100,0,0,1,0,0,0,no,Oviparous,no,no,Planktotrophic,NA,Carnivorous,fusiform / normal,0,0,1,pelagic-oceanic,WaterAssumed,NA,42
Schedophilus ovalis,Schedophilus ovalis,Schedophilus,Schedophilus,U,0,NA,LC,NA,2011,70,100,1,250,0,0,1,0,0,0,no,Oviparous,Protogynous,no,Planktotrophic,NA,Carnivorous,short and / or deep,0,0,1,benthopelagic,WaterAssumed,NA,60
Sciaena umbra,Sciaena umbra,Sciaena,Sciaena,U,0,NT,VU,2020,2011,37.5,55,10,30,1,0,0,0,1,1,no,Oviparous,no,no,Planktotrophic,Gregarious,Carnivorous,fusiform / normal,0,1,1,demersal,WaterAssumed,NA,46.02
Sciaenops ocellatus,Sciaenops ocellatus,Sciaenops,Sciaenops,A,1,LC,NA,2020,NA,100,155,10,NA,NA,NA,NA,NA,NA,NA,NA,NA,NA,NA,NA,NA,NA,fusiform / normal,0,1,1,demersal,WaterAssumed,oceanodromous,43.88
Scolopsis ghanam,Scolopsis ghanam,Scolopsis,Scolopsis,RS,1,LC,NA,2019,NA,12,30,1,20,NA,NA,NA,NA,NA,NA,NA,NA,NA,NA,NA,NA,NA,fusiform / normal,0,0,1,reef-associated,WaterAssumed,NA,20
Scomber japonicus,Scomber japonicus,Scomber,Scomber,U,0,LC,NA,2023,NA,30,50,10,100,0,0,1,0,0,0,Oceanodromous,Oviparous,no,no,Planktotrophic,Gregarious,Carnivorous,fusiform / normal,0,0,1,pelagic-neritic,WaterAssumed,oceanodromous,30.73
Scomber scombrus,Scomber scombrus,Scomber,Scomber,U,0,LC,LC,2023,2011,35,50,1,100,0,0,1,0,0,0,Oceanodromous,Oviparous,no,no,Planktotrophic,Gregarious,Carnivorous,fusiform / normal,0,1,1,pelagic-neritic,WaterAssumed,oceanodromous,30.18
Scomberesox saurus,Scomberesox saurus,Scomberesox,Scomberesox,U,0,LC,LC,2015,2011,40,50,1,15,0,0,1,0,0,0,no,Oviparous,no,no,Planktotrophic,Gregarious,Carnivorous,elongated,0,0,1,pelagic-oceanic,WaterAssumed,oceanodromous,24.28
Scomberomorus commerson,Scomberomorus commerson,Scomberomorus,Scomberomorus,RS,1,NT,NA,2023,NA,100,220,1,220,0,0,1,0,0,0,Oceanodromous,Oviparous,no,no,Planktotrophic,NA,Carnivorous,fusiform / normal,0,0,1,pelagic-neritic,WaterAssumed,oceanodromous,51.72
Scomberomorus tritor,Scomberomorus tritor,Scomberomorus,Scomberomorus,U,0,LC,LC,2023,2011,60,100,1,15,0,0,1,0,0,0,Oceanodromous,Oviparous,no,no,Planktotrophic,Gregarious,Carnivorous,fusiform / normal,0,1,1,pelagic-neritic,WaterAssumed,oceanodromous,37.97
Scophthalmus rhombus,Scophthalmus rhombus,Scophthalmus,Scophthalmus,U,0,LC,LC,2021,2011,67.5,100,2,70,1,0,0,1,0,0,Oceanodromous,Oviparous,no,no,Planktotrophic,Solitary,Carnivorous,short and / or deep,0,0,1,demersal,WaterAssumed,oceanodromous,36.35
Scorpaena elongata,Scorpaena elongata,Scorpaena,Scorpaena,U,0,LC,LC,2015,2011,45,55,150,500,0,1,0,1,1,0,no,Oviparous,no,no,Planktotrophic,Solitary,Carnivorous,fusiform / normal,0,0,1,demersal,WaterAssumed,NA,40
Scorpaena loppei,Scorpaena loppei,Scorpaena,Scorpaena,U,0,LC,LC,2015,2011,9,15,100,200,1,0,0,1,1,0,no,Oviparous,no,no,Planktotrophic,Solitary,Carnivorous,fusiform / normal,0,0,1,demersal,WaterAssumed,NA,25.52
Scorpaena maderensis,Scorpaena maderensis,Scorpaena,Scorpaena,U,0,LC,LC,2015,2011,11,15,3,20,0,0,0,0,1,0,no,Oviparous,no,no,Planktotrophic,Solitary,Carnivorous,fusiform / normal,0,1,1,demersal,WaterAssumed,NA,35.5
Scorpaena notata,Scorpaena notata,Scorpaena,Scorpaena,U,0,LC,LC,2015,2011,16,20,10,50,0,0,0,0,1,0,no,Oviparous,no,no,Planktotrophic,Solitary,Carnivorous,fusiform / normal,0,0,1,demersal,WaterAssumed,NA,34.22
Scorpaena porcus,Scorpaena porcus,Scorpaena,Scorpaena,U,0,LC,LC,2020,2011,23.5,30,5,20,0,0,0,0,1,1,no,Oviparous,no,no,Planktotrophic,Solitary,Carnivorous,fusiform / normal,0,0,1,demersal,WaterAssumed,non-migratory,47.08
Scorpaena scrofa,Scorpaena scrofa,Scorpaena,Scorpaena,U,0,LC,LC,2015,2011,37.5,50,20,100,1,1,0,0,1,0,no,Oviparous,no,no,Planktotrophic,Solitary,Carnivorous,fusiform / normal,0,1,1,demersal,WaterAssumed,non-migratory,67.52
Scorpaena stephanica,Scorpaena stephanica,Scorpaena,Scorpaena,A,1,LC,NA,2015,NA,30,40,80,600,0,0,0,1,1,0,no,Oviparous,no,no,Planktotrophic,Mix,Carnivorous,fusiform / normal,0,0,1,demersal,WaterAssumed,NA,31.8
Scorpaenodes arenai,Scorpaenodes arenai,Scorpaenodes,Scorpaenodes,E,0,DD,DD,2014,2011,10,11,20,50,0,0,0,1,0,0,no,Oviparous,no,no,Planktotrophic,Solitary,Carnivorous,fusiform / normal,0,0,1,demersal,WaterAssumed,NA,10
Scyliorhinus canicula,Scyliorhinus canicula,Scyliorhinus,Scyliorhinus,U,0,LC,NA,2021,NA,65,100,20,100,1,1,0,1,0,0,NA,Oviparous,no,no,NA,Gregarious,Carnivorous,elongated,0,0,1,demersal,WaterAssumed,NA,58.6
Scyliorhinus stellaris,Scyliorhinus stellaris,Scyliorhinus,Scyliorhinus,U,0,VU,NT,2021,2016,110,190,10,60,1,0,0,0,1,0,NA,Oviparous,no,no,NA,Solitary,Carnivorous,elongated,0,0,1,reef-associated,WaterAssumed,NA,90
Sebastapistes nuchalis,Sebastapistes nuchalis,Sebastapistes,Sebastapistes,RS,0,NA,NA,NA,NA,7,10,1,10,0,0,0,1,1,0,no,Ovoviviparous,no,no,no,NA,Carnivorous,Elongated,0,0,1,demersal,WaterAssumed,NA,10
Selene dorsalis,Selene dorsalis,Selene,Selene,A,1,LC,NA,2015,NA,20,36,10,100,0,0,0,1,0,0,no,Oviparous,no,no,Planktotrophic,Gregarious,Carnivorous,fusiform / normal,0,1,1,demersal,WaterAssumed, ,24.87
Seriola carpenteri,Seriola carpenteri,Seriola,Seriola,A,1,LC,NA,2015,NA,45,55,1,200,1,0,0,0,0,0,no,Oviparous,no,no,Planktotrophic,Gregarious,Carnivorous,fusiform / normal,0,0,1,benthopelagic,WaterAssumed,NA,49
Seriola dumerili,Seriola dumerili,Seriola,Seriola,U,0,LC,LC,2015,2011,100,190,20,70,0,0,1,0,0,0,Oceanodromous,Oviparous,no,no,Planktotrophic,Mix,Carnivorous,fusiform / normal,0,0,1,reef-associated,WaterAssumed,oceanodromous,53.95
Seriola fasciata,Seriola fasciata,Seriola,Seriola,A,1,LC,NA,2015,NA,50,75,20,70,0,0,0,0,0,0,no,Oviparous,no,no,Planktotrophic,Gregarious,Carnivorous,fusiform / normal,0,0,1,benthopelagic,WaterAssumed,NA,49.97
Seriola rivoliana,Seriola rivoliana,Seriola,Seriola,A,1,LC,NA,2015,NA,80,120,30,70,0,0,1,0,0,0,no,Oviparous,no,no,Planktotrophic,Gregarious,Carnivorous,short and / or deep,0,0,1,reef-associated,WaterAssumed,NA,90
Serranus atricauda,Serranus atricauda,Serranus,Serranus,A,0,DD,LC,2010,2011,20,30,10,50,0,0,0,0,1,0,no,Oviparous,no,no,Planktotrophic,Solitary,Carnivorous,fusiform / normal,0,0,1,demersal,WaterAssumed,NA,45.14
Serranus cabrilla,Serranus cabrilla,Serranus,Serranus,U,0,LC,LC,2015,2011,27.5,40,5,500,1,1,0,1,1,1,no,Oviparous,Hermaphrodite,no,Planktotrophic,Solitary,Carnivorous,fusiform / normal,0,0,1,demersal,WaterAssumed,NA,54.73
Serranus hepatus,Serranus hepatus,Serranus,Serranus,U,0,LC,LC,2015,2011,12.5,25,30,200,1,0,0,1,1,1,no,Oviparous,Hermaphrodite,no,Planktotrophic,Solitary,Carnivorous,fusiform / normal,0,0,1,demersal,WaterAssumed,NA,36.54
Serranus scriba,Serranus scriba,Serranus,Serranus,U,0,LC,LC,2015,2011,27.5,36,5,30,0,0,0,0,1,1,no,Oviparous,Hermaphrodite,no,Planktotrophic,Solitary,Carnivorous,fusiform / normal,0,0,1,demersal,WaterAssumed,NA,44
Siganus fuscescens,Siganus fuscescens,Siganus,Siganus,RS,1,LC,NA,2016,NA,25,40,1,50,NA,NA,NA,NA,NA,NA,NA,NA,NA,NA,NA,NA,NA,short and / or deep,0,1,1,reef-associated,WaterAssumed,oceanodromous,20.85
Siganus javus,Siganus javus,Siganus,Siganus,RS,1,LC,NA,2016,NA,30,53,0,20,NA,NA,NA,NA,NA,NA,NA,NA,NA,NA,NA,NA,NA,short and / or deep,0,1,1,reef-associated,WaterAssumed,oceanodromous,41.2
Siganus luridus,Siganus luridus,Siganus,Siganus,RS,1,LC,NA,2018,NA,20,25,1,40,1,0,0,0,1,0,no,Oviparous,no,no,Planktotrophic,Mix,Herbivorous,fusiform / normal,0,0,1,reef-associated,WaterAssumed,NA,39.38
Siganus rivulatus,Siganus rivulatus,Siganus,Siganus,RS,1,LC,NA,2010,NA,25,30,1,60,1,0,0,0,1,1,no,Oviparous,no,no,Planktotrophic,Gregarious,Carnivorous,fusiform / normal,0,1,1,reef-associated,WaterAssumed,NA,30.89
Silhouettea aegyptia,Silhouettea aegyptia,Silhouettea,Silhouettea,RS,1,LC,NA,2025,NA,3.5,4.4,1,5,0,0,0,1,0,0,no,Oviparous,no,no,NA,NA,Carnivorous,fusiform / normal,0,0,1,demersal,WaterAssumed,NA,10
Sillago sihama,Sillago sihama,Sillago,Sillago,RS,0,LC,NA,2016,NA,20,25,1,20,0,0,0,1,0,0,Amphidromous,Oviparous,no,no,Planktotrophic,NA,Carnivorous,elongated,0,1,1,reef-associated,WaterAssumed,amphidromous,23.64
Sillago suezensis,Sillago suezensis,Sillago,Sillago,RS,1,NA,NA,NA,NA,NA,18.5,1,40,NA,NA,NA,NA,NA,NA,NA,NA,NA,NA,NA,NA,NA,elongated,0,0,1,reef-associated,WaterAssumed,NA,12.57
Solea aegyptiaca,Solea aegyptiaca,Solea,Solea,E,0,LC,LC,2014,2014,25,30,1,50,0,0,0,1,0,0,NA,Oviparous,no,no,Planktotrophic,NA,Carnivorous,short and / or deep,0,1,1,demersal,WaterAssumed,NA,32.53
Solea impar,Pegusa impar,Solea,Pegusa,U,0,NA,DD,NA,2011,27.5,35,30,100,0,0,0,1,0,0,NA,Oviparous,no,no,Planktotrophic,Solitary,Carnivorous,short and / or deep,0,0,1,demersal,WaterAssumed,NA,28.08
Solea kleinii,Synapturichthys kleinii,Solea,Synapturichthys,U,0,DD,DD,2015,2011,30,40,20,120,1,0,0,1,0,0,NA,Oviparous,no,no,Planktotrophic,NA,Carnivorous,short and / or deep,0,1,1,demersal,WaterAssumed,NA,32.62
Solea lascaris,Pegusa lascaris,Solea,Pegusa,U,0,LC,DD,2015,2011,25,40,20,50,0,0,0,1,0,0,no,Oviparous,no,no,NA,Solitary,Carnivorous,short and / or deep,0,1,1,demersal,WaterAssumed,NA,28.86
Solea nasuta,Pegusa nasuta,Solea,Pegusa,U,0,NA,NA,NA,NA,NA,40,1,150,0,0,0,1,0,0,NA,Oviparous,no,no,Planktotrophic,NA,Carnivorous,short and / or deep,0,1,1,demersal,WaterAssumed,oceanodromous,11.7
Solea senegalensis,Solea senegalensis,Solea,Solea,A,1,DD,NA,2015,NA,45,60,12,65,0,0,0,1,0,0,no,Oviparous,no,no,Leicitotrophic,Solitary,Carnivorous,short and / or deep,0,0,1,demersal,WaterAssumed,NA,49.16
Solea vulgaris,Solea solea,Solea,Solea,U,0,DD,LC,2015,2011,37.5,70,1,80,1,0,0,1,0,0,NA,Oviparous,no,no,Planktotrophic,NA,Carnivorous,short and / or deep,0,1,1,demersal,WaterAssumed,oceanodromous,34.95
Somniosus rostratus,Somniosus rostratus,Somniosus,Somniosus,U,0,LC,DD,2020,2016,100,140,200,1000,1,1,0,0,0,0,no,Ovoviviparous,no,no,no,Solitary,Carnivorous,elongated,0,0,1,bathydemersal,WaterAssumed,NA,85.8
Sorsogona prionota,Ratabulus prionotus,Sorsogona,Ratabulus,RS,1,LC,NA,2018,NA,11,20,1,100,0,0,0,1,0,0,no,NA,no,no,NA,NA,Carnivorous,elongated,0,0,1,demersal,WaterAssumed,NA,12
Sparisoma cretense,Sparisoma cretense,Sparisoma,Sparisoma,U,0,LC,LC,2012,2011,30,50,3,20,0,0,0,0,1,1,NA,Oviparous,no,no,Planktotrophic,NA,Herbivorous,fusiform / normal,0,0,1,reef-associated,WaterAssumed,NA,35.92
Sparus aurata,Sparus aurata,Sparus,Sparus,U,0,LC,LC,2014,2011,55,70,10,30,0,0,0,1,1,1,no,Oviparous,Protandrous,no,Planktotrophic,Mix,Omnivorous,fusiform / normal,0,1,1,demersal,WaterAssumed,NA,34.54
Speleogobius trigloides,Speleogobius trigloides,Speleogobius,Speleogobius,E,0,LC,LC,2025,2025,2.1,2.3,8,30,0,0,0,0,1,0,no,Oviparous,no,no,Planktotrophic,Solitary,Omnivorous,elongated,0,0,1,demersal,WaterAssumed,NA,10
Sphoeroides cutaneus,Sphoeroides pachygaster,Sphoeroides,Sphoeroides,A,1,LC,NA,2014,NA,20,25,20,200,1,0,0,1,1,0,no,Oviparous,no,no,Planktotrophic,Solitary,Carnivorous,short and / or deep,0,0,1,benthopelagic,WaterAssumed,NA,39.41
Sphoeroides marmoratus,Sphoeroides marmoratus,Sphoeroides,Sphoeroides,A,1,LC,NA,2014,NA,10,20,3,90,0,0,0,1,1,0,no,Oviparous,no,no,Planktotrophic,Solitary,Herbivorous,short and / or deep,0,0,1,demersal,WaterAssumed,NA,10
Sphoeroides spengleri,Sphoeroides spengleri,Sphoeroides,Sphoeroides,A,0,LC,NA,2014,NA,12,30,2,70,1,0,0,1,1,1,no,Oviparous,no,no,Leicitotrophic,Solitary,Carnivorous,fusiform / normal,0,1,1,reef-associated,WaterAssumed,NA,20
Sphyraena chrysotaenia,Sphyraena chrysotaenia,Sphyraena,Sphyraena,RS,1,NA,NA,NA,NA,30,40,1,20,1,1,1,0,0,0,Oceanodromous,Oviparous,no,no,Planktotrophic,Gregarious,Carnivorous,elongated,0,0,1,pelagic-neritic,WaterAssumed,NA,24.48
Sphyraena flavicauda,Sphyraena flavicauda,Sphyraena,Sphyraena,RS,1,LC,NA,2024,NA,35,60,2,25,0,0,0,0,0,0,no,Oviparous,no,no,Planktotrophic,Gregarious,Carnivorous,elongated,0,0,1,reef-associated,WaterAssumed,NA,33.03
Sphyraena sphyraena,Sphyraena sphyraena,Sphyraena,Sphyraena,U,0,LC,LC,2015,2011,70,165,5,40,0,0,0,0,0,0,NA,NA,no,no,NA,Gregarious,Carnivorous,elongated,0,0,1,pelagic-neritic,WaterAssumed,NA,90
Sphyraena viridensis,Sphyraena viridensis,Sphyraena,Sphyraena,E,0,LC,LC,2015,2011,100,165,5,30,0,0,1,0,0,0,Oceanodromous,NA,no,no,NA,Gregarious,Carnivorous,elongated,0,0,1,pelagic-neritic,WaterAssumed,NA,68.9
Sphyrna lewini,Sphyrna lewini,Sphyrna,Sphyrna,U,0,CR,NA,2019,NA,360,430,1,500,0,0,1,0,0,0,Oceanodromous,Viviparous,no,no,no,Mix,Carnivorous,elongated,0,1,1,pelagic-oceanic,WaterAssumed,oceanodromous,77.74
Sphyrna mokarran,Sphyrna mokarran,Sphyrna,Sphyrna,A,1,CR,NA,2019,NA,370,610,1,300,1,1,0,0,1,0,Oceanodromous,Viviparous,no,no,no,Solitary,Carnivorous,elongated,0,1,1,pelagic-oceanic,WaterAssumed,oceanodromous,90
Sphyrna tudes,Sphyrna tudes,Sphyrna,Sphyrna,U,0,CR,NA,2020,NA,NA,150,1,12,0,0,0,0,0,NA,NA,Viviparous,no,no,no,NA,Carnivorous,elongated,0,0,1,benthopelagic,WaterAssumed,NA,88.8
Sphyrna zygaena,Sphyrna zygaena,Sphyrna,Sphyrna,U,0,VU,CR,2019,2016,380,420,1,20,0,0,1,0,0,0,Oceanodromous,Viviparous,no,no,no,Gregarious,Carnivorous,elongated,0,1,1,pelagic-oceanic,WaterAssumed,oceanodromous,68.11
Spicara flexuosa,Spicara flexuosum,Spicara,Spicara,U,0,NA,NA,NA,NA,20,22,5,50,0,0,0,1,0,0,Oceanodromous,Oviparous,no,no,NA,Gregarious,Carnivorous,fusiform / normal,0,0,1,demersal,WaterAssumed,NA,13.2
Spicara maena,Spicara maena,Spicara,Spicara,U,0,LC,LC,2014,2011,21.5,26,5,50,0,0,0,1,1,1,NA,Oviparous,Protogynous,no,NA,Gregarious,Carnivorous,fusiform / normal,0,0,1,pelagic-neritic,WaterAssumed,NA,35.87
Spicara smaris,Spicara smaris,Spicara,Spicara,U,0,LC,LC,2014,2011,17.5,22,15,70,1,0,0,1,1,1,NA,Oviparous,no,no,NA,Gregarious,Carnivorous,fusiform / normal,0,0,1,pelagic-neritic,WaterAssumed,NA,40.36
Spondyliosoma cantharus,Spondyliosoma cantharus,Spondyliosoma,Spondyliosoma,U,0,LC,LC,2014,2011,37.5,70,10,60,1,0,0,1,1,1,Oceanodromous,Oviparous,Protogynous,no,Planktotrophic,Gregarious,Omnivorous,fusiform / normal,0,0,1,benthopelagic,WaterAssumed,oceanodromous,37.21
Spratelloides delicatulus,Spratelloides delicatulus,Spratelloides,Spratelloides,RS,1,LC,NA,2017,NA,6,7,1,20,0,0,0,0,0,0,no,Oviparous,no,no,Planktotrophic,Gregarious,Carnivorous,fusiform / normal,0,0,1,reef-associated,WaterAssumed,NA,10
Sprattus sprattus,Sprattus sprattus,Sprattus,Sprattus,E,0,LC,DD,2018,2011,12,18,5,50,1,0,1,0,0,0,Oceanodromous,Oviparous,no,no,Planktotrophic,Gregarious,Omnivorous,fusiform / normal,0,1,1,pelagic-neritic,WaterAssumed,oceanodromous,24.52
Squalus acanthias,Squalus acanthias,Squalus,Squalus,U,0,VU,EN,2020,2016,90,160,10,200,1,1,0,1,0,0,Oceanodromous,Ovoviviparous,no,no,no,Solitary,Carnivorous,elongated,0,1,1,bathydemersal,WaterAssumed,oceanodromous,64.18
Squalus blainville,Squalus blainville,Squalus,Squalus,U,0,DD,DD,2021,2016,80,110,15,700,1,1,0,0,0,0,no,Ovoviviparous,no,no,no,Gregarious,Carnivorous,elongated,0,1,1,demersal,WaterAssumed,NA,68.13
Squatina aculeata,Squatina aculeata,Squatina,Squatina,U,0,CR,CR,2019,2016,160,200,30,500,1,1,0,1,0,0,NA,Ovoviviparous,no,no,no,NA,Carnivorous,other,0,0,1,demersal,WaterAssumed,NA,90
Squatina oculata,Squatina oculata,Squatina,Squatina,U,0,CR,CR,2019,2016,150,200,20,100,1,1,0,1,0,0,NA,Ovoviviparous,no,no,no,NA,Piscivorous,other,0,0,1,demersal,WaterAssumed,NA,90
Squatina squatina,Squatina squatina,Squatina,Squatina,U,0,CR,CR,2019,2016,190,250,5,100,1,1,0,1,0,0,Oceanodromous,Ovoviviparous,no,no,no,NA,Carnivorous,other,0,1,1,demersal,WaterAssumed,oceanodromous,90
Stegastes variabilis,Stegastes variabilis,Stegastes,Stegastes,A,1,LC,NA,2022,NA,NA,12.5,0,30,NA,NA,NA,NA,NA,NA,NA,NA,NA,NA,NA,NA,NA,short and / or deep,0,0,1,reef-associated,WaterAssumed,non-migratory,10
Stephanolepis diaspros,Stephanolepis diaspros,Stephanolepis,Stephanolepis,RS,1,LC,NA,2019,NA,18,28,1,60,0,0,0,0,1,1,Oceanodromous,Oviparous,no,no,Planktotrophic,Gregarious,Carnivorous,short and / or deep,0,0,1,demersal,WaterAssumed,NA,15
Stolephorus indicus,Stolephorus indicus,Stolephorus,Stolephorus,RS,1,LC,NA,2017,NA,12,15.5,20,50,NA,NA,NA,NA,NA,NA,NA,NA,NA,NA,NA,NA,NA,elongated,0,1,1,pelagic-neritic,WaterAssumed,oceanodromous,13.41
Stolephorus insularis,Stolephorus insularis,Stolephorus,Stolephorus,RS,1,NA,NA,NA,NA,NA,8,0,50,NA,NA,NA,NA,NA,NA,NA,NA,NA,NA,NA,NA,NA,elongated,0,1,1,pelagic-neritic,WaterAssumed,oceanodromous,10
Stomias boa,Stomias boa,Stomias,Stomias,U,0,LC,LC,2015,2011,20,50,1000,4000,0,0,1,1,0,0,no,Oviparous,no,no,Planktotrophic,NA,Carnivorous,elongated,0,0,1,bathypelagic,WaterAssumed,NA,29.28
Stromateus fiatola,Stromateus fiatola,Stromateus,Stromateus,U,0,LC,DD,2015,2011,45,55,10,70,0,0,1,0,0,0,Oceanodromous,Oviparous,no,no,Planktotrophic,Gregarious,Carnivorous,short and / or deep,0,0,1,benthopelagic,WaterAssumed,NA,44.4
Sudis hyalina,Sudis hyalina,Sudis,Sudis,U,0,DD,DD,2015,2011,NA,100,200,2000,0,0,1,0,0,0,Oceanodromous,Oviparous,no,no,Planktotrophic,Solitary,Carnivorous,elongated,0,0,1,bathypelagic,WaterAssumed,NA,60
Symbolophorus veranyi,Symbolophorus veranyi,Symbolophorus,Symbolophorus,U,0,LC,LC,2015,2011,9,12,1,800,0,0,1,0,0,0,Oceanodromous,Oviparous,no,no,Planktotrophic,Solitary,Carnivorous,fusiform / normal,0,0,1,bathypelagic,WaterAssumed,oceanodromous,10
Symphodus bailloni,Symphodus bailloni,Symphodus,Symphodus,U,0,LC,DD,2010,2011,16.5,20,1,50,0,0,0,0,1,1,NA,Oviparous,Protogynous,no,Planktotrophic,NA,Carnivorous,fusiform / normal,0,0,1,reef-associated,WaterAssumed,NA,14.4
Symphodus cinereus,Symphodus cinereus,Symphodus,Symphodus,E,0,LC,LC,2015,2011,9,12,5,20,0,0,0,1,0,1,NA,Oviparous,Protogynous,no,Planktotrophic,Gregarious,Carnivorous,fusiform / normal,0,1,1,demersal,WaterAssumed,NA,27.17
Symphodus doderleini,Symphodus doderleini,Symphodus,Symphodus,E,0,LC,LC,2014,2014,8,10,5,30,0,0,0,0,1,1,NA,Oviparous,Protogynous,no,Planktotrophic,NA,Carnivorous,fusiform / normal,0,0,1,demersal,WaterAssumed,NA,10
Symphodus mediterraneus,Symphodus mediterraneus,Symphodus,Symphodus,U,0,LC,LC,2010,2011,10,18,3,20,0,0,0,0,1,1,no,Oviparous,no,no,Planktotrophic,NA,Carnivorous,fusiform / normal,0,0,1,demersal,WaterAssumed,NA,22.54
Symphodus melanocercus,Centrolabrus melanocercus,Symphodus,Centrolabrus,E,0,LC,LC,2014,2014,10,14,3,15,0,0,0,0,1,1,NA,Oviparous,Protogynous,no,Planktotrophic,NA,Carnivorous,fusiform / normal,0,0,1,reef-associated,WaterAssumed,NA,10
Symphodus melops,Symphodus melops,Symphodus,Symphodus,U,0,LC,LC,2010,2011,17.5,25,2,15,0,0,0,0,1,0,NA,Oviparous,Protogynous,no,Planktotrophic,Gregarious,Carnivorous,fusiform / normal,0,0,1,reef-associated,WaterAssumed,non-migratory,33.97
Symphodus ocellatus,Symphodus ocellatus,Symphodus,Symphodus,U,0,LC,LC,2014,2014,9,12,1,15,0,0,0,0,1,0,NA,Oviparous,Protogynous,no,Planktotrophic,Gregarious,Carnivorous,fusiform / normal,0,0,1,reef-associated,WaterAssumed,NA,22.05
Symphodus roissali,Symphodus roissali,Symphodus,Symphodus,U,0,LC,LC,2010,2011,13.5,17,1,10,0,0,0,0,1,0,NA,Oviparous,Protogynous,no,Planktotrophic,Solitary,Carnivorous,fusiform / normal,0,1,1,reef-associated,WaterAssumed,NA,31.12
Symphodus rostratus,Symphodus rostratus,Symphodus,Symphodus,U,0,LC,LC,2014,2014,9,13,3,20,0,0,0,0,1,1,NA,Oviparous,Protogynous,no,Planktotrophic,NA,Carnivorous,elongated,0,0,1,reef-associated,WaterAssumed,NA,20.2
Symphodus tinca,Symphodus tinca,Symphodus,Symphodus,U,0,LC,LC,2010,2011,27.5,35,1,20,0,0,0,0,1,1,NA,Oviparous,Protogynous,no,Planktotrophic,Gregarious,Carnivorous,fusiform / normal,0,1,1,reef-associated,WaterAssumed,NA,39.78
Symphurus ligulatus,Symphurus ligulatus,Symphurus,Symphurus,U,0,LC,LC,2015,2011,8,10,20,800,1,0,0,1,0,0,NA,Oviparous,no,no,Planktotrophic,Solitary,Carnivorous,elongated,0,0,1,demersal,WaterAssumed,NA,21.84
Symphurus nigrescens,Symphurus nigrescens,Symphurus,Symphurus,U,0,LC,LC,2015,2011,10,12,50,1000,1,1,0,1,0,0,NA,Oviparous,no,no,Planktotrophic,Solitary,Carnivorous,elongated,0,0,1,demersal,WaterAssumed,NA,10
Synagrops japonicus,Synagrops japonicus,Synagrops,Synagrops,RS,0,LC,NA,2015,NA,30,35,250,450,0,1,0,1,0,0,no,NA,no,no,NA,NA,Carnivorous,fusiform / normal,0,0,1,benthopelagic,WaterAssumed,NA,32.7
Synanceia verrucosa,Synanceia verrucosa,Synanceia,Synanceia,RS,1,LC,NA,2018,NA,27,40,0,30,NA,NA,NA,NA,NA,NA,NA,NA,NA,NA,NA,NA,NA,fusiform / normal,0,0,1,reef-associated,WaterAssumed,non-migratory,38.8
Synaptura lusitanica,Dagetichthys lusitanicus,Synaptura,Dagetichthys,A,1,NA,NA,NA,NA,30,40,5,60,1,0,0,1,0,0,no,Oviparous,no,no,Leicitotrophic,Solitary,Carnivorous,short and / or deep,0,1,1,demersal,WaterAssumed,NA,30
Synchiropus phaeton,Synchiropus phaeton,Synchiropus,Synchiropus,U,0,LC,LC,2015,2011,10,18,80,650,1,1,0,1,0,0,no,Oviparous,no,no,Planktotrophic,Solitary,Carnivorous,fusiform / normal,0,0,1,demersal,WaterAssumed,NA,34.72
Synchiropus sechellensis,Synchiropus sechellensis,Synchiropus,Synchiropus,RS,1,LC,NA,2022,NA,NA,3.799999952,34,68,NA,NA,NA,NA,NA,NA,NA,NA,NA,NA,NA,NA,NA,elongated,0,0,1,demersal,WaterAssumed,NA,10
Syngnathus abaster,Syngnathus abaster,Syngnathus,Syngnathus,U,0,LC,LC,2024,2016,12.5,21,1,5,0,0,0,1,0,1,Amphidromous,Ovoviviparous,no,no,no,NA,Carnivorous,eel-like,1,1,1,demersal,WaterAssumed,amphidromous?,36.4
Syngnathus acus,Syngnathus acus,Syngnathus,Syngnathus,U,0,LC,LC,2025,2016,35,46,1,15,0,0,0,1,0,1,NA,Ovoviviparous,no,no,no,NA,Carnivorous,eel-like,0,1,1,demersal,WaterAssumed,non-migratory,40
Syngnathus phlegon,Syngnathus phlegon,Syngnathus,Syngnathus,U,0,LC,DD,2025,2016,15,20,1,50,1,1,0,0,0,0,NA,Ovoviviparous,no,no,no,NA,Carnivorous,eel-like,0,0,1,pelagic-neritic,WaterAssumed,NA,10
Syngnathus rostellatus,Syngnathus rostellatus,Syngnathus,Syngnathus,A,1,LC,DD,2025,2016,15,17,1,15,0,0,0,1,0,1,no,Ovoviviparous,no,no,no,Solitary,Carnivorous,eel-like,0,1,1,demersal,WaterAssumed,non-migratory,18.64
Syngnathus taenionotus,Syngnathus taenionotus,Syngnathus,Syngnathus,E,0,DD,DD,2016,2016,22.5,25,1,20,0,0,0,1,0,1,NA,Ovoviviparous,no,no,no,NA,Carnivorous,eel-like,0,1,1,demersal,WaterAssumed,NA,10
Syngnathus tenuirostris,Syngnathus tenuirostris,Syngnathus,Syngnathus,E,0,VU,DD,2026,2016,33,39,1,25,0,0,0,1,0,1,NA,Ovoviviparous,no,no,no,NA,Carnivorous,eel-like,0,0,1,demersal,WaterAssumed,NA,15.42
Syngnathus typhle,Syngnathus typhle,Syngnathus,Syngnathus,U,0,LC,LC,2014,2016,30,35,5,20,0,0,0,1,0,0,NA,Ovoviviparous,no,no,no,NA,Carnivorous,eel-like,0,1,1,demersal,WaterAssumed,non-migratory,25.2
Synodus randalli,Synodus randalli,Synodus,Synodus,RS,1,LC,NA,2019,NA,NA,11.30000019,NA,NA,NA,NA,NA,NA,NA,NA,NA,NA,NA,NA,NA,NA,NA,elongated,0,0,1,benthopelagic,WaterAssumed,NA,10
Synodus saurus,Synodus saurus,Synodus,Synodus,U,0,LC,LC,2010,2011,27.5,43,5,50,0,0,0,1,0,0,NA,Oviparous,no,no,Planktotrophic,NA,Piscivorous,elongated,0,0,1,demersal,WaterAssumed,NA,47.08
Taeniura grabata,Taeniurops grabatus,Taeniura,Taeniurops,U,0,NT,DD,2021,2016,90,100,10,300,0,0,0,1,0,0,Oceanodromous,Ovoviviparous,no,no,no,Gregarious,Carnivorous,other,0,0,1,demersal,WaterAssumed,NA,90
Taractes rubescens,Taractes rubescens,Taractes,Taractes,A,1,LC,NA,2015,NA,30,89,0,600,NA,NA,NA,NA,NA,NA,NA,NA,NA,NA,NA,NA,NA,fusiform / normal,0,0,1,benthopelagic,WaterAssumed,oceanodromous,55.6
Taurulus bubalis,Taurulus bubalis,Taurulus,Taurulus,U,0,LC,DD,2014,2011,15,20,1,30,0,0,0,0,1,1,NA,Oviparous,no,no,Planktotrophic,Gregarious,Carnivorous,fusiform / normal,0,1,1,demersal,Facultative,non-migratory,37.66
Terapon jarbua,Terapon jarbua,Terapon,Terapon,RS,1,LC,NA,2017,NA,25,36,20,350,NA,NA,NA,NA,NA,NA,NA,NA,NA,NA,NA,NA,NA,fusiform / normal,1,1,1,demersal,WaterAssumed,catadromous,36.94
Terapon puta,Terapon puta,Terapon,Terapon,RS,1,NA,NA,NA,NA,10,15,1,10,0,0,0,1,0,0,no,Oviparous,no,no,Planktotrophic,NA,Carnivorous,elongated,1,1,1,benthopelagic,WaterAssumed,amphidromous,31.43
Terapon theraps,Terapon theraps,Terapon,Terapon,RS,1,LC,NA,2011,NA,12,30,1,10,0,0,0,1,0,0,no,Oviparous,no,no,Planktotrophic,NA,Carnivorous,fusiform / normal,1,1,1,reef-associated,WaterAssumed,NA,24.37
Tetragonurus cuvieri,Tetragonurus cuvieri,Tetragonurus,Tetragonurus,U,0,LC,LC,2015,2011,50,70,1,800,0,0,1,0,0,0,Oceanodromous,Oviparous,no,no,Planktotrophic,NA,Omnivorous,elongated,0,0,1,bathypelagic,WaterAssumed,oceanodromous,66.13
Tetrapturus albidus,Kajikia albida,Tetrapturus,Kajikia,U,0,LC,DD,2022,2011,200,300,1,50,0,0,1,0,0,0,Oceanodromous,Oviparous,no,no,Planktotrophic,Solitary,Carnivorous,elongated,0,0,1,pelagic-oceanic,WaterAssumed,oceanodromous,41.31
Tetrapturus belone,Tetrapturus belone,Tetrapturus,Tetrapturus,E,0,LC,LC,2023,2011,200,240,1,200,1,0,1,0,0,0,Oceanodromous,Oviparous,no,no,Planktotrophic,Solitary,Carnivorous,elongated,0,0,1,pelagic-oceanic,WaterAssumed,oceanodromous,90
Tetrapturus georgei,Tetrapturus georgii,Tetrapturus,Tetrapturus,A,0,DD,NA,2023,NA,150,200,1,200,0,0,1,0,0,0,Oceanodromous,Oviparous,no,no,Planktotrophic,Solitary,Carnivorous,elongated,0,0,1,pelagic-oceanic,WaterAssumed,oceanodromous,90
Tetrosomus gibbosus,Tetrosomus gibbosus,Tetrosomus,Tetrosomus,RS,1,LC,NA,2010,NA,20,30,1,100,0,1,0,0,0,1,no,Oviparous,no,no,Planktotrophic,Solitary,Carnivorous,short and / or deep,0,0,1,reef-associated,WaterAssumed,NA,20
Thalassoma pavo,Thalassoma pavo,Thalassoma,Thalassoma,U,0,LC,LC,2010,2011,17.5,25,1,30,0,0,0,0,1,0,NA,Oviparous,Protogynous,no,Planktotrophic,Mix,Carnivorous,fusiform / normal,0,0,1,reef-associated,WaterAssumed,NA,20.5
Thorogobius ephippiatus,Thorogobius ephippiatus,Thorogobius,Thorogobius,U,0,LC,LC,2025,2011,9,13,10,30,0,0,0,0,1,0,no,Oviparous,no,no,Planktotrophic,Solitary,Carnivorous,elongated,0,0,1,demersal,WaterAssumed,NA,36.08
Thorogobius macrolepis,Thorogobius macrolepis,Thorogobius,Thorogobius,E,0,LC,LC,2025,2025,5.5,6.5,20,40,0,0,0,1,1,0,no,Oviparous,no,no,Planktotrophic,Solitary,Carnivorous,fusiform / normal,0,0,1,demersal,WaterAssumed,NA,10
Thunnus alalunga,Thunnus alalunga,Thunnus,Thunnus,U,0,LC,LC,2021,2011,80,130,1,100,0,0,1,0,0,0,Oceanodromous,Oviparous,no,no,Planktotrophic,Gregarious,Carnivorous,fusiform / normal,0,0,1,pelagic-oceanic,WaterAssumed,oceanodromous,71.11
Thunnus albacares,Thunnus albacares,Thunnus,Thunnus,A,1,LC,NA,2021,NA,150,239,1,1602,NA,NA,NA,NA,NA,NA,NA,NA,NA,NA,NA,NA,NA,fusiform / normal,0,1,1,pelagic-oceanic,WaterAssumed,oceanodromous,45.6
Thunnus thynnus,Thunnus thynnus,Thunnus,Thunnus,U,0,LC,EN,2021,2011,200,320,1,70,0,0,1,0,0,0,Oceanodromous,Oviparous,no,no,Planktotrophic,Gregarious,Carnivorous,fusiform / normal,0,1,1,pelagic-oceanic,WaterAssumed,oceanodromous,82.35
Torpedo marmorata,Torpedo marmorata,Torpedo,Torpedo,U,0,VU,LC,2021,2016,70,100,10,100,1,0,0,1,0,0,NA,Ovoviviparous,no,no,no,NA,Piscivorous,other,0,1,1,reef-associated,WaterAssumed,NA,60
Torpedo nobiliana,Tetronarce nobiliana,Torpedo,Tetronarce,U,0,LC,NA,2021,NA,140,180,10,300,1,1,0,1,0,0,Oceanodromous,Ovoviviparous,no,no,no,NA,Piscivorous,other,0,0,1,benthopelagic,WaterAssumed,oceanodromous,90
Torpedo torpedo,Torpedo torpedo,Torpedo,Torpedo,U,0,VU,LC,2021,2016,55,80,1,100,1,0,0,1,0,0,NA,Ovoviviparous,no,no,no,NA,Carnivorous,other,0,0,1,demersal,WaterAssumed,NA,65.3
Torquigener flavimaculosus,Torquigener flavimaculosus,Torquigener,Torquigener,RS,1,LC,NA,2014,NA,10,14,1,10,0,0,0,1,0,1,no,Oviparous,no,no,Planktotrophic,Solitary,Carnivorous,short and / or deep,0,0,1,reef-associated,WaterAssumed,NA,10
Trachinotus ovatus,Trachinotus ovatus,Trachinotus,Trachinotus,U,0,LC,LC,2015,2011,35,70,1,10,0,0,0,0,0,0,no,Oviparous,no,no,Planktotrophic,Gregarious,Carnivorous,fusiform / normal,0,1,1,pelagic-neritic,WaterAssumed,NA,48
Trachinus araneus,Trachinus araneus,Trachinus,Trachinus,U,0,LC,LC,2015,2011,35,50,5,100,0,0,0,1,0,0,no,Oviparous,no,no,Planktotrophic,NA,Carnivorous,fusiform / normal,0,0,1,demersal,WaterAssumed,NA,31.87
Trachinus draco,Trachinus draco,Trachinus,Trachinus,U,0,LC,LC,2015,2011,32.5,40,5,20,0,0,0,1,0,0,no,Oviparous,no,no,Planktotrophic,NA,Carnivorous,elongated,0,0,1,demersal,WaterAssumed,NA,54.76
Trachinus radiatus,Trachinus radiatus,Trachinus,Trachinus,U,0,LC,LC,2015,2011,35,50,30,60,0,0,0,1,0,0,no,Oviparous,no,no,Planktotrophic,NA,Carnivorous,fusiform / normal,0,0,1,demersal,WaterAssumed,NA,34.11
Trachipterus trachypterus,Trachipterus trachypterus,Trachipterus,Trachipterus,U,0,LC,DD,2015,2011,150,300,1,500,1,1,0,0,0,0,no,Oviparous,no,no,Planktotrophic,Solitary,Carnivorous,eel-like,0,0,1,bathypelagic,WaterAssumed,NA,90
Trachurus indicus,Trachurus indicus,Trachurus,Trachurus,RS,1,VU,NA,2018,NA,20,35,NA,400,NA,NA,NA,NA,NA,NA,NA,NA,NA,NA,NA,NA,NA,fusiform / normal,0,0,1,reef-associated,WaterAssumed,NA,30.61
Trachurus mediterraneus,Trachurus mediterraneus,Trachurus,Trachurus,U,0,LC,LC,2015,2011,30,60,10,50,0,0,1,0,0,0,Oceanodromous,Oviparous,no,no,Planktotrophic,Gregarious,Carnivorous,fusiform / normal,0,1,1,pelagic-oceanic,WaterAssumed,oceanodromous,36.06
Trachurus picturatus,Trachurus picturatus,Trachurus,Trachurus,U,0,LC,LC,2015,2011,40,60,1,370,0,0,1,0,0,0,Oceanodromous,Oviparous,no,no,Planktotrophic,Gregarious,Carnivorous,fusiform / normal,0,0,1,benthopelagic,WaterAssumed,oceanodromous,68.02
Trachurus trachurus,Trachurus trachurus,Trachurus,Trachurus,U,0,VU,LC,2015,2011,30,50,10,100,0,0,1,0,0,0,Oceanodromous,Oviparous,no,no,Planktotrophic,Gregarious,Carnivorous,fusiform / normal,0,0,1,pelagic-neritic,WaterAssumed,oceanodromous,56.3
Trachyrincus scabrus,Trachyrincus scabrus,Trachyrincus,Trachyrincus,U,0,LC,LC,2015,2011,50,60,390,1700,0,1,1,1,1,0,no,Oviparous,no,no,Planktotrophic,NA,Carnivorous,elongated,0,0,1,bathydemersal,WaterAssumed,non-migratory,38.44
Trachyscorpia cristulata,Trachyscorpia cristulata,Trachyscorpia,Trachyscorpia,A,0,LC,NA,2015,NA,15,55,200,2500,0,1,1,1,0,0,no,Oviparous,no,no,Planktotrophic,NA,Carnivorous,fusiform / normal,0,0,1,demersal,WaterAssumed,NA,44.4
Triacanthus biaculaetus,Triacanthus biaculeatus,Triacanthus,Triacanthus,RS,1,LC,NA,2024,NA,25,30,0,60,NA,NA,NA,NA,NA,NA,NA,NA,NA,NA,NA,NA,NA,short and / or deep,0,1,1,demersal,WaterAssumed,NA,39.76
Trichiurus lepturus,Trichiurus lepturus,Trichiurus,Trichiurus,U,0,LC,LC,2015,2011,130,150,3,350,1,0,0,0,0,0,Amphidromous,Oviparous,no,no,Planktotrophic,Gregarious,Carnivorous,eel-like,0,1,1,benthopelagic,WaterAssumed,amphidromous,52.45
Tridentiger trigonocephalus,Tridentiger trigonocephalus,Tridentiger,Tridentiger,O,1,LC,NA,2021,NA,NA,11,NA,NA,NA,NA,NA,NA,NA,NA,NA,NA,NA,NA,NA,NA,NA,fusiform / normal,1,1,1,demersal,WaterAssumed,NA,10
Trigla lucerna,Chelidonichthys lucerna,Trigla,Chelidonichthys,U,0,LC,LC,2015,2011,55,75,20,150,1,1,0,1,0,0,NA,Oviparous,no,no,Planktotrophic,NA,Carnivorous,elongated,0,0,1,demersal,WaterAssumed,NA,54.94
Trigla lyra,Trigla lyra,Trigla,Trigla,U,0,LC,LC,2015,2011,45,75,50,400,1,1,0,1,0,0,NA,Oviparous,no,no,Planktotrophic,NA,Carnivorous,fusiform / normal,0,0,1,bathydemersal,WaterAssumed,NA,62.63
Trigloporus lastoviza,Chelidonichthys lastoviza,Trigloporus,Chelidonichthys,U,0,LC,LC,2015,2011,27.5,40,20,100,1,0,0,1,1,0,NA,Oviparous,no,no,Planktotrophic,Gregarious,Carnivorous,fusiform / normal,0,0,1,demersal,WaterAssumed,NA,32
Tripterygion delaisi,Tripterygion delaisi,Tripterygion,Tripterygion,E,0,LC,LC,2026,2011,6.5,9,5,20,0,0,0,0,1,0,no,Oviparous,no,no,Planktotrophic,NA,Carnivorous,elongated,0,0,1,demersal,WaterAssumed,NA,10
Tripterygion melanurus,Tripterygion melanurus,Tripterygion,Tripterygion,E,0,LC,LC,2026,2014,4.25,5.3,1,15,0,0,0,0,1,0,no,Oviparous,no,no,Planktotrophic,NA,Carnivorous,elongated,0,0,1,demersal,WaterAssumed,NA,10
Tripterygion tripteronotus,Tripterygion tripteronotum,Tripterygion,Tripterygion,E,0,LC,NA,2026,NA,6.5,8,1,3,0,0,0,1,1,0,no,Oviparous,no,no,Planktotrophic,NA,Carnivorous,elongated,0,0,1,demersal,WaterAssumed,non-migratory,10
Trisopterus luscus,Trisopterus luscus,Trisopterus,Trisopterus,E,0,NA,DD,NA,2011,32.5,45,10,100,1,0,0,1,0,0,Oceanodromous,Oviparous,no,no,Planktotrophic,Gregarious,Carnivorous,fusiform / normal,0,1,1,benthopelagic,WaterAssumed,oceanodromous,25.61
Trisopterus minutus,Trisopterus minutus,Trisopterus,Trisopterus,U,0,NA,NA,NA,NA,27.5,40,25,200,1,1,0,1,1,0,NA,Oviparous,no,no,Planktotrophic,Gregarious,Carnivorous,fusiform / normal,0,0,1,benthopelagic,WaterAssumed,non-migratory,37.25
Trypauchen vagina,Trypauchen vagina,Trypauchen,Trypauchen,RS,1,LC,NA,2019,NA,NA,22,NA,NA,NA,NA,NA,NA,NA,NA,NA,NA,NA,NA,NA,NA,NA,elongated,0,1,1,demersal,WaterAssumed,amphidromous,24.01
Tylerius spinosissimus,Tylerius spinosissimus,Tylerius,Tylerius,RS,1,LC,NA,2014,NA,NA,12,250,435,0,0,1,1,0,0,no,NA,no,no,NA,Solitary,Carnivorous,short and / or deep,0,0,1,bathydemersal,WaterAssumed,NA,10
Tylosurus acus,Tylosurus acus,Tylosurus,Tylosurus,U,0,LC,LC,2015,2011,65,135,1,5,0,0,1,0,0,0,Oceanodromous,Oviparous,no,no,Planktotrophic,Gregarious,Piscivorous,elongated,0,0,1,reef-associated,WaterAssumed,NA,43.55
Tylosurus choran,Tylosurus choram,Tylosurus,Tylosurus,RS,0,NA,NA,NA,NA,60,75,1,5,1,0,0,0,0,0,no,Oviparous,no,no,Planktotrophic,Solitary,Piscivorous,elongated,0,0,1,pelagic-oceanic,WaterAssumed,NA,72
Tylosurus crocodilus,Tylosurus crocodilus,Tylosurus,Tylosurus,RS,1,LC,NA,2015,NA,90,150,0,13,NA,NA,NA,NA,NA,NA,NA,NA,NA,NA,NA,NA,NA,elongated,0,0,1,reef-associated,WaterAssumed,oceanodromous,47.31
Umbrina canariensis,Umbrina canariensis,Umbrina,Umbrina,A,0,LC,DD,2020,2011,40,80,50,300,1,1,0,1,1,0,no,Oviparous,no,no,Planktotrophic,Gregarious,Carnivorous,fusiform / normal,0,0,1,demersal,WaterAssumed,NA,43.62
Umbrina cirrosa,Umbrina cirrosa,Umbrina,Umbrina,U,0,VU,VU,2020,2011,70,100,5,50,0,0,0,1,0,0,NA,Oviparous,no,no,Planktotrophic,Mix,Carnivorous,fusiform / normal,0,0,1,demersal,WaterAssumed,NA,42.61
Umbrina ronchus,Umbrina ronchus,Umbrina,Umbrina,U,0,DD,DD,2020,2011,65,80,20,200,0,0,0,1,1,0,NA,Oviparous,no,no,Planktotrophic,NA,Carnivorous,fusiform / normal,0,0,1,demersal,WaterAssumed,NA,36.37
Upeneus asymmetricus,Upeneus asymmetricus,Upeneus,Upeneus,RS,0,NA,NA,NA,NA,9,30,50,300,0,0,0,0,1,0,NA,NA,no,no,NA,NA,Carnivorous,fusiform / normal,0,0,1,demersal,WaterAssumed,NA,20
Upeneus moluccensis,Upeneus moluccensis,Upeneus,Upeneus,RS,1,LC,NA,2016,NA,18,25,10,80,0,0,0,1,0,0,no,Oviparous,no,no,Planktotrophic,Solitary,Carnivorous,fusiform / normal,0,1,1,reef-associated,WaterAssumed,NA,21.99
Upeneus pori,Upeneus pori,Upeneus,Upeneus,RS,1,LC,NA,2020,NA,7,17,1,50,0,0,0,1,0,0,no,Oviparous,no,no,Planktotrophic,NA,Carnivorous,fusiform / normal,0,0,1,demersal,WaterAssumed,NA,10
Uranoscopus scaber,Uranoscopus scaber,Uranoscopus,Uranoscopus,U,0,LC,LC,2015,2011,27.5,35,15,100,1,0,0,1,0,0,NA,Oviparous,no,no,Planktotrophic,NA,Carnivorous,fusiform / normal,0,0,1,demersal,WaterAssumed,NA,56.01
Valenciennellus tripunctulatus,Valenciennellus tripunctulatus,Valenciennellus,Valenciennellus,U,0,LC,NA,2015,NA,NA,3.1,100,550,0,0,1,0,0,0,no,Oviparous,no,no,NA,NA,Carnivorous,fusiform / normal,0,0,1,bathypelagic,WaterAssumed,non-migratory,10
Vanderhorstia mertensi,Vanderhorstia mertensi,Vanderhorstia,Vanderhorstia,RS,1,LC,NA,2019,NA,NA,11,2,50,NA,NA,NA,NA,NA,NA,NA,NA,NA,NA,NA,NA,NA,elongated,0,0,1,reef-associated,WaterAssumed,NA,10
Vanneaugobius pruvoti,Vanneaugobius pruvoti,Vanneaugobius,Vanneaugobius,U,0,DD,NA,2025,NA,3.7,3.9,110,115,NA,NA,NA,0,1,0,no,Oviparous,no,no,Planktotrophic,Solitary,Omnivorous,elongated,0,0,1,demersal,WaterAssumed,NA,10
Variola louti,Variola louti,Variola,Variola,RS,1,LC,NA,2018,NA,75,83,3,300,NA,NA,NA,NA,NA,NA,NA,NA,NA,NA,NA,NA,NA,fusiform / normal,0,0,1,reef-associated,WaterAssumed,non-migratory,43.34
Vinciguerria attenuata,Vinciguerria attenuata,Vinciguerria,Vinciguerria,U,0,LC,LC,2015,2011,2,5,100,2000,0,0,1,0,0,0,no,Oviparous,no,no,Planktotrophic,Gregarious,Carnivorous,fusiform / normal,0,0,1,bathypelagic,WaterAssumed,NA,10
Vinciguerria poweriae,Vinciguerria poweriae,Vinciguerria,Vinciguerria,U,0,LC,LC,2015,2011,2,4,50,1000,0,0,1,0,0,0,no,Oviparous,no,no,Planktotrophic,Gregarious,Carnivorous,fusiform / normal,0,0,1,bathypelagic,WaterAssumed,NA,10
Xiphia gladius,Xiphias gladius,Xiphia,Xiphias,U,0,NT,NT,2022,2011,250,450,10,125,0,0,1,0,0,0,Oceanodromous,Oviparous,no,no,Planktotrophic,Gregarious,Carnivorous,elongated,0,0,1,pelagic-oceanic,WaterAssumed,oceanodromous,71.62
Xyrichthys novacula,Xyrichtys novacula,Xyrichthys,Xyrichtys,U,0,LC,LC,2010,2011,27.5,50,5,20,0,0,0,1,0,1,no,Oviparous,Protogynous,no,Planktotrophic,Gregarious,Carnivorous,elongated,0,0,1,reef-associated,WaterAssumed,NA,36.27
Zebrasoma flavescens,Zebrasoma flavescens,Zebrasoma,Zebrasoma,O,1,LC,NA,2012,NA,NA,20,2,46,NA,NA,NA,NA,NA,NA,NA,NA,NA,NA,NA,NA,NA,short and / or deep,0,0,1,reef-associated,WaterAssumed,NA,57.42
Zebrasoma xanthurum,Zebrasoma xanthurum,Zebrasoma,Zebrasoma,RS,1,LC,NA,2012,NA,10,36.70000076,0,20,NA,NA,NA,NA,NA,NA,NA,NA,NA,NA,NA,NA,NA,short and / or deep,0,0,1,reef-associated,WaterAssumed,NA,26.7
Zebrus zebrus,Zebrus zebrus,Zebrus,Zebrus,U,0,LC,NA,2025,NA,5,6.5,1,5,0,0,0,1,1,0,no,Oviparous,no,no,Planktotrophic,Solitary,Carnivorous,elongated,0,0,1,demersal,WaterAssumed,NA,10
Zenopsis conchifer,Zenopsis conchifer,Zenopsis,Zenopsis,A,1,LC,NA,2015,NA,25,75,100,400,0,0,0,1,0,0,no,Oviparous,no,no,Planktotrophic,Gregarious,Piscivorous,short and / or deep,0,0,1,benthopelagic,WaterAssumed, ,52
Zeus faber,Zeus faber,Zeus,Zeus,U,0,DD,LC,2015,2011,45,70,50,150,1,1,0,1,1,0,Oceanodromous,Oviparous,no,no,Planktotrophic,Solitary,Carnivorous,short and / or deep,0,1,1,benthopelagic,WaterAssumed,oceanodromous,38.57
Zosterisessor ophiocephalus,Gobius ophiocephalus,Zosterisessor,Gobius,E,0,LC,LC,2025,2011,19,25,1,5,0,0,0,1,0,1,Oceanodromous,Oviparous,no,no,Planktotrophic,Solitary,Carnivorous,fusiform / normal,0,1,1,demersal,WaterAssumed,oceanodromous,19.9
Zu cristatus,Zu cristatus,Zu,Zu,U,0,LC,DD,2015,2011,80,100,1,500,0,0,1,0,0,0,no,Oviparous,no,no,Planktotrophic,NA,Carnivorous,elongated,0,0,1,bathypelagic,WaterAssumed,NA,86.38
Apogon pacificus,Apogon pacificus,Apogon,Apogon,O,0,LC,NA,2010,NA,NA,10,0,30,NA,NA,NA,NA,NA,NA,NA,NA,NA,NA,NA,NA,NA,fusiform / normal,0,0,1,reef-associated,WaterAssumed,NA,10
Dasyatis marmorata,Dasyatis marmorata,Dasyatis,Dasyatis,A,0,NT,DD,2021,2016,NA,74.5,12,65,NA,NA,NA,NA,NA,NA,NA,NA,NA,NA,NA,NA,NA,other,0,0,1,demersal,WaterAssumed,NA,49.8
Dasyatis pastinaca,Dasyatis pastinaca,Dasyatis,Dasyatis,A,0,VU,VU,2021,2016,NA,69.5,5,200,NA,NA,NA,NA,NA,NA,NA,NA,NA,NA,NA,NA,NA,other,0,1,1,demersal,WaterAssumed,NA,78.45
Diplodus holbrookii,Diplodus holbrookii,Diplodus,Diplodus,U,0,LC,NA,2014,NA,25,46,1,28,NA,NA,NA,NA,NA,NA,NA,NA,NA,NA,NA,NA,NA,fusiform / normal,0,1,1,demersal,WaterAssumed,NA,36
Encrasicholina punctifer,Encrasicholina punctifer,Encrasicholina,Encrasicholina,RS,1,LC,NA,2017,NA,NA,13,5,35,NA,NA,NA,NA,NA,NA,NA,NA,NA,NA,NA,NA,NA,fusiform / normal,0,0,1,reef-associated,WaterAssumed,oceanodromous,11.68
Epinephelus costae,Epinephelus costae,Epinephelus,Epinephelus,A,0,NA,NA,NA,NA,NA,140,1,300,NA,NA,NA,NA,NA,NA,NA,NA,NA,NA,NA,NA,NA,fusiform / normal,0,0,1,demersal,WaterAssumed,NA,65.72
Oncorhynchus gorbuscha,Oncorhynchus gorbuscha,Oncorhynchus,Oncorhynchus,O,0,LC,NA,2024,NA,50.5,76,0,250,NA,NA,NA,NA,NA,NA,NA,NA,NA,NA,NA,NA,NA,fusiform / normal,1,1,1,demersal,WaterAssumed,anadromous,50.4
Pegusa bleekeri,Ebosia bleekeri,Pegusa,Ebosia,O,0,NA,NA,NA,NA,NA,22,110,152,NA,NA,NA,NA,NA,NA,NA,NA,NA,NA,NA,NA,NA,fusiform / normal,0,0,1,demersal,WaterAssumed,NA,16.84
Raja brachyura,Raja brachyura,Raja,Raja,A,0,NT,NT,2024,2016,NA,120,10,380,NA,NA,NA,NA,NA,NA,NA,NA,NA,NA,NA,NA,NA,other,0,0,1,demersal,WaterAssumed,NA,65.3
Salmo salar,Salmo salar,Salmo,Salmo,A,0,NT,NA,2023,NA,38,150,0,210,NA,NA,NA,NA,NA,NA,NA,NA,NA,NA,NA,NA,NA,fusiform / normal,1,1,1,benthopelagic,WaterAssumed,anadromous,45.37
Sardinella longiceps,Sardinella longiceps,Sardinella,Sardinella,O,0,LC,NA,2020,NA,20,23,20,200,NA,NA,NA,NA,NA,NA,NA,NA,NA,NA,NA,NA,NA,fusiform / normal,0,0,1,pelagic-neritic,WaterAssumed,oceanodromous,16.6
Scomber colias,Scomber colias,Scomber,Scomber,A,0,LC,NT,2023,2011,NA,55,NA,NA,NA,NA,NA,NA,NA,NA,NA,NA,NA,NA,NA,NA,NA,fusiform / normal,0,1,1,pelagic-neritic,WaterAssumed,NA,42
Synodus synodus,Synodus synodus,Synodus,Synodus,A,1,LC,NA,2015,NA,20,43,0,144,NA,NA,NA,NA,NA,NA,NA,NA,NA,NA,NA,NA,NA,elongated,0,0,1,reef-associated,WaterAssumed,NA,33
Vinciguerria nimbaria,Vinciguerria nimbaria,Vinciguerria,Vinciguerria,A,0,LC,NA,2015,NA,3.700000048,5.5,20,5000,NA,NA,NA,NA,NA,NA,NA,NA,NA,NA,NA,NA,NA,fusiform / normal,0,0,1,bathypelagic,WaterAssumed,NA,10
