"scientific_name","rank","species_name","species_name_fishbase","genus_name","genus_name_fishbase","family_name","10001.1","10001.2","10001.3","20001.1","20001.2","20001.3","20002.1","20002.2","20002.3","20003.1","20003.2","20003.3","30001.1","30001.2","30001.3","30002.1","30002.2","30002.3","40001.1","40001.2","40001.3","40002.1","40002.2","40002.3","50001.1","50001.2","50001.3","50002.1","50002.2","50002.3","50003.1","50003.2","50003.3","70001.1.1","70001.1.2","70001.2.1","70001.2.2","70001.3.1","70001.3.2","70002.1","70002.2","70002.3","70003.1","70003.2","70003.3","70004.1","70004.2","70004.3","70004.4","70005.1","70005.2","70005.3","70005.4","70006.1","70006.2","70006.3","70006.4","70006.5","70006.6","80001.1","80001.2","80001.3","80002.1","80002.2","80002.3","90004.1.1","90004.1.2","90004.1.3","90004.1.4","90004.2.1","90004.2.2","90004.3.1","90004.3.2","90005.1.1","90005.1.2","90005.1.3","90005.1.4","90005.2.1","90005.2.2","90005.2.3","90005.2.4","90005.2.5","90005.2.6","90005.3.1","90005.3.2","90005.3.3","90005.3.4","90005.3.5","90005.3.6","90005.4.1","90005.4.2","90005.4.3","90006.1.1","90006.1.2","90006.1.3","90006.2.1","90006.2.2","90006.3.1","90006.3.2","90006.3.3","90006.3.4","90006.4.1","90006.4.2","90006.4.3","90007.1","90007.2.1","90007.2.3","90007.2.4","90008.1.1","90008.1.2.1","90008.1.2.2","90008.1.3","90008.1.4","90008.1.5","90008.2.1","90008.2.2.1","90008.2.2.2","90008.2.3","90008.2.4.1","90008.2.4.2","90008.2.5","90008.2.6.1","90008.2.6.2","90008.3.1","90008.3.2","90008.3.3","90008.3.4","90008.3.5","90008.4.1","90008.4.2","90009.1.1","90009.1.2","90009.2.1","90009.2.2"
"Aetomylaeus","genus",NA,NA,"Aetomylaeus","Aetomylaeus","Myliobatidae",0,0,0,0,0,0,0,0,0,0,0,0,0,0,0,0,0,0,0,0,0,0,0,0,0,0,0,18,0,0,0,0,0,0,0,0,0,0,0,0,0,0,0,123,0,0,0,0,0,0,0,0,0,0,0,0,0,0,0,0,0,0,0,0,0,0,0,0,0,0,0,0,0,0,0,0,0,0,0,0,0,0,0,0,0,0,0,0,0,0,0,0,0,0,0,0,0,0,0,0,0,0,0,0,0,0,0,0,0,0,0,0,0,0,0,0,0,0,0,0,0,0,0,0,0,0,0,0,0,0,0,0,0,0
"Aetomylaeus bovinus","species","Aetomylaeus bovinus","Aetomylaeus bovinus","Aetomylaeus","Aetomylaeus","Myliobatidae",0,0,0,0,0,0,0,0,27,0,0,0,0,0,0,0,0,0,0,0,0,0,0,0,0,0,0,0,0,0,0,0,0,0,0,0,0,0,0,0,0,0,0,2613,0,0,0,0,0,0,0,0,0,0,0,0,0,0,0,0,0,0,0,0,0,0,0,0,0,0,0,0,0,0,0,0,0,0,0,0,0,0,0,0,0,0,0,0,0,0,0,0,0,0,0,0,0,0,781,0,0,0,0,0,0,0,0,0,0,0,0,0,0,0,0,0,0,379,0,0,0,0,0,0,0,80,0,0,0,0,0,0,0,0
"Aidablennius sphynx","species","Aidablennius sphynx","Aidablennius sphynx","Aidablennius","Aidablennius","Blenniidae",0,0,0,0,0,0,0,0,0,0,0,0,0,0,0,0,0,0,0,0,0,0,0,0,0,0,0,0,0,0,0,158,0,0,25,0,101,0,265,0,160,0,0,0,0,0,0,0,0,0,0,0,0,0,0,0,0,0,0,143,134,0,0,0,0,0,0,0,0,0,0,0,53,0,0,0,0,78,0,0,0,2536,32,0,0,0,203,0,0,0,0,0,0,0,0,0,0,0,0,0,0,0,0,0,18106,0,0,0,0,0,0,0,0,0,0,0,0,0,0,0,0,0,0,0,0,0,0,0,0,0,0,0,0,0
"Alepes djedaba","species","Alepes djedaba","Alepes djedaba","Alepes","Alepes","Carangidae",0,93,99,0,0,0,0,0,0,0,0,0,0,0,0,0,0,0,0,0,0,0,0,0,0,0,0,0,0,0,0,0,0,0,0,0,0,0,0,0,0,0,0,0,0,0,0,0,0,0,0,0,0,0,0,0,0,0,0,0,0,0,0,0,0,0,0,0,0,0,0,0,0,0,0,0,0,0,0,0,0,0,0,0,0,0,0,0,0,0,0,0,0,0,0,0,0,0,0,0,0,0,0,0,0,0,0,0,0,0,0,0,0,0,0,0,0,0,0,0,0,0,0,0,0,0,0,0,0,0,0,0,0,0
"Alopias","genus",NA,NA,"Alopias","Alopias","Alopiidae",0,0,0,0,0,0,0,0,0,0,0,0,0,0,0,0,0,0,0,0,0,0,0,0,0,0,0,0,0,0,0,0,0,0,0,0,0,0,0,0,0,0,0,0,0,0,0,0,0,1471,0,0,0,0,0,0,0,0,0,0,0,0,0,0,0,0,0,0,0,0,0,0,0,0,0,0,0,0,0,0,0,0,0,0,0,0,0,0,0,0,0,0,0,0,0,0,0,0,0,0,0,0,0,0,0,0,0,0,0,0,0,0,0,0,0,0,0,0,0,0,0,0,0,0,0,0,0,0,0,0,0,0,0,0
"Alopias vulpinus","species","Alopias vulpinus","Alopias vulpinus","Alopias","Alopias","Alopiidae",0,0,0,0,0,0,0,0,0,0,0,0,0,0,0,0,0,0,0,0,0,0,0,0,0,0,0,0,0,0,0,0,0,0,0,0,0,0,0,0,0,0,0,0,0,0,0,0,0,26508,0,0,0,0,0,0,0,0,0,0,0,0,0,0,0,0,0,0,0,0,0,0,0,0,0,0,0,0,0,0,0,0,0,0,0,0,0,0,0,0,0,0,0,0,0,0,0,0,0,0,0,0,0,0,0,0,0,0,0,0,0,0,0,0,0,0,0,0,0,0,0,0,0,0,0,0,0,0,0,0,0,0,0,0
"Anguilla","genus",NA,NA,"Anguilla","Anguilla","Anguillidae",0,0,0,0,0,0,0,0,0,0,0,0,0,0,0,0,0,0,0,0,0,0,0,0,0,0,0,0,0,0,0,0,0,0,0,0,0,0,0,0,0,0,0,0,0,0,0,0,0,0,0,0,0,0,0,0,0,0,0,0,0,0,0,0,0,0,0,0,0,0,0,0,0,0,0,2,0,0,0,0,0,0,0,0,0,0,0,0,0,0,0,0,0,0,0,0,0,0,0,0,0,0,0,0,0,0,0,0,0,0,0,0,0,0,0,0,0,0,0,0,0,0,0,0,318,656,0,0,0,0,0,0,0,0
"Anthias","genus",NA,NA,"Anthias","Anthias","Serranidae",0,0,0,0,0,0,0,0,0,0,311,0,115,0,0,0,0,0,0,0,0,0,0,0,0,0,0,0,0,0,0,0,0,0,0,0,0,0,0,0,0,0,3024,82,4830,3192,0,0,0,41662,3478,59800,0,0,0,0,59327,6816,313,0,0,0,0,0,0,0,0,0,0,0,0,0,0,0,0,0,0,0,0,0,0,0,0,0,0,0,0,0,0,0,0,0,1712,0,0,2518,7282,209,0,0,0,0,3311,0,477,0,0,0,0,0,0,270,0,72,0,0,0,0,0,0,275,0,631,0,0,0,845,0,0,0,550,37986,0,0
"Anthias anthias","species","Anthias anthias","Anthias anthias","Anthias","Anthias","Serranidae",0,0,0,0,0,0,0,0,0,0,1216,0,257,760,5247,2031,4604,3457,573,727,0,851,629,921,0,0,0,0,0,0,1970,0,0,108,0,0,586,0,0,0,0,0,354451,5701,117886,364478,0,1786,1691,697863,31960,1352596,19801,2194,6476,0,1548214,209651,0,409,26,1937,3446,0,0,0,0,0,0,0,0,0,0,0,0,0,0,3286,0,0,0,1257,0,0,0,0,0,0,0,0,0,0,124657,5407,0,18923,164534,39453,0,0,0,3004,34796,0,166082,0,37248,0,0,0,0,61845,0,0,10276,0,0,0,0,0,3332,0,7154,1303,0,0,98082,0,0,2384,93197,930496,0,0
"Aphia minuta","species","Aphia minuta","Aphia minuta","Aphia","Aphia","Gobiidae",0,0,0,69,0,0,0,0,0,137,0,0,0,0,0,0,0,0,0,0,0,0,0,0,0,0,0,0,0,0,0,0,0,0,0,0,0,0,0,0,0,0,0,0,0,84102,0,85426,0,0,0,0,0,0,0,0,45242,0,0,0,0,26,0,0,0,0,0,0,0,0,0,0,0,0,0,0,0,0,0,0,0,0,0,0,0,0,0,0,0,0,0,0,0,0,0,0,0,919,276,0,0,0,665,0,0,0,0,0,0,11403,0,0,0,0,0,0,0,0,0,14799,1455,0,0,0,0,0,0,1076,0,0,0,0,0,0
"Apogon","genus",NA,NA,"Apogon","Apogon","Apogonidae",0,0,0,0,0,0,0,0,0,0,0,0,0,0,0,0,0,0,0,0,0,0,0,0,0,0,0,0,0,0,0,0,0,0,0,0,0,0,0,0,0,0,91,0,0,284,141,0,798,0,0,0,124,0,0,0,0,0,247,0,0,0,0,0,0,0,0,0,0,0,0,0,0,0,0,0,0,0,0,0,0,0,75,0,0,0,0,0,0,0,0,0,0,0,0,0,0,0,0,0,39193,0,272,0,122,0,0,0,0,0,0,0,0,0,0,0,0,0,0,0,0,0,0,0,0,0,0,0,77,0,0,0,0,0
"Apogon imberbis","species","Apogon imberbis","Apogon imberbis","Apogon","Apogon","Apogonidae",0,0,0,0,14,0,0,0,0,374,0,0,49,0,217,1395,0,0,0,219,24,0,705,1923,0,0,0,0,0,0,0,451,0,84,1117,14,574,165,655,0,0,0,4945,20356,0,152990,48241,0,97869,0,23172,0,7121,2032,8605,0,0,1035,4134,64,0,22,0,0,0,420,0,0,0,0,0,0,686,0,0,0,0,1683,0,0,0,0,5376,0,0,0,5697,0,0,0,0,0,2701,1587,8364,0,0,3035,0,0,0,6938,5676,0,40285,0,0,0,0,0,0,0,0,0,0,6957,2860,20382,0,0,1250,5229,13507,0,0,0,0,0,554,0,0,22774,0,0
"Apogon pacificus","species","Apogon pacificus","Apogon pacificus","Apogon","Apogon","Apogonidae",0,0,0,0,0,0,0,0,0,0,0,0,0,0,0,0,0,0,0,0,0,0,0,0,0,0,0,0,0,0,0,0,0,0,0,0,0,0,0,0,0,0,0,0,0,0,0,0,0,0,0,0,0,0,0,0,0,0,0,0,0,0,0,0,0,0,0,0,0,0,0,0,0,0,0,0,0,0,0,0,0,0,0,0,0,0,0,0,0,0,0,0,0,0,0,0,0,0,0,0,0,0,0,0,0,0,0,0,0,0,0,0,0,0,0,0,0,89,0,0,0,0,159,0,0,0,0,0,0,0,0,0,0,0
"Argyropelecus hemigymnus","species","Argyropelecus hemigymnus","Argyropelecus hemigymnus","Argyropelecus","Argyropelecus","Sternoptychidae",0,0,0,0,0,0,0,0,0,0,0,0,0,0,0,0,0,0,0,0,0,0,0,0,0,0,0,0,0,0,0,0,0,0,0,0,0,0,0,0,0,0,0,0,0,0,0,0,0,0,0,0,0,0,0,0,0,0,0,0,0,0,0,0,0,0,0,0,0,0,0,0,0,0,0,0,0,0,0,0,0,0,0,0,0,0,0,0,0,0,0,0,0,0,0,0,0,0,0,0,0,0,0,0,0,0,0,0,0,0,0,0,1991,0,0,0,0,0,0,0,0,0,0,0,0,0,0,0,0,0,0,0,0,0
"Ariosoma","genus",NA,NA,"Ariosoma","Ariosoma","Congridae",0,0,0,0,0,0,0,0,0,0,0,0,19,0,0,0,0,0,0,0,0,0,123,0,0,0,0,0,0,0,0,0,0,0,0,0,0,0,0,0,0,0,2852,0,0,0,0,0,0,0,0,0,0,0,0,0,0,0,0,0,0,0,0,0,0,0,0,0,0,0,0,0,0,0,0,0,0,0,0,0,0,20,0,0,0,0,0,0,0,0,0,0,0,0,0,0,0,0,0,0,0,0,0,0,0,0,0,0,0,0,0,0,0,0,0,0,0,0,0,0,0,0,0,0,0,13,0,0,0,0,0,0,0,0
"Arnoglossus","genus",NA,NA,"Arnoglossus","Arnoglossus","Bothidae",0,0,0,0,0,0,0,0,0,0,0,0,0,0,0,0,0,0,0,0,0,0,0,0,0,0,0,0,62,0,0,0,0,0,0,0,0,0,0,0,0,0,0,0,0,0,0,0,0,0,0,0,0,0,0,0,0,0,0,0,0,0,0,0,0,0,0,0,0,0,0,0,0,0,0,0,0,0,0,0,0,0,0,0,0,0,0,0,0,0,0,0,392,0,0,0,0,0,0,0,0,0,0,0,0,0,0,0,0,0,0,0,0,0,0,0,0,0,0,351,0,0,0,0,0,0,0,0,0,0,0,0,0,0
"Arnoglossus imperialis","species","Arnoglossus imperialis","Arnoglossus imperialis","Arnoglossus","Arnoglossus","Bothidae",0,0,0,0,0,0,0,0,0,0,0,0,0,0,0,0,0,0,0,0,0,0,0,0,0,0,0,0,0,0,0,0,0,0,0,0,0,0,0,0,0,0,0,0,0,0,0,0,0,0,0,0,0,0,0,0,0,0,0,0,0,0,0,0,0,0,0,0,0,0,0,0,0,0,0,0,0,0,0,0,0,0,0,0,0,0,0,0,0,0,0,0,0,0,0,0,0,0,0,0,0,0,0,0,0,0,0,0,0,0,0,0,0,0,0,0,0,0,0,0,0,0,0,0,0,0,0,493,0,0,0,0,0,0
"Arnoglossus laterna","species","Arnoglossus laterna","Arnoglossus laterna","Arnoglossus","Arnoglossus","Bothidae",0,0,0,0,0,0,0,0,0,0,0,0,0,0,0,0,0,0,0,0,0,0,0,0,0,1579,0,0,0,0,0,0,0,0,0,0,0,0,0,0,0,0,0,0,0,0,0,0,0,0,0,0,0,0,0,0,0,0,0,0,0,0,0,0,0,0,0,0,0,0,0,0,0,0,0,0,0,0,0,0,0,0,0,0,0,0,0,0,0,0,0,0,0,0,0,0,0,0,0,0,0,15493,0,0,0,0,0,0,0,0,0,0,0,0,0,0,0,0,0,0,0,0,0,0,0,0,0,0,0,0,0,0,0,0
"Arnoglossus thori","species","Arnoglossus thori","Arnoglossus thori","Arnoglossus","Arnoglossus","Bothidae",0,0,0,0,0,0,0,0,0,0,0,0,0,0,0,78,0,0,0,0,0,0,0,151,0,0,0,118,0,0,0,0,0,0,0,0,0,0,0,0,0,0,0,0,0,0,0,0,0,0,0,0,0,0,0,0,0,0,0,0,0,0,0,0,0,0,0,0,0,0,0,0,0,0,0,0,0,150,0,0,0,0,0,0,0,0,742,0,0,0,0,0,16487,0,0,2883,0,0,186,0,0,472,295,0,0,0,0,0,0,0,7585,0,0,250,784,0,0,9,0,3241,108,0,0,0,0,0,0,5,0,0,0,0,0,0
"Atherina","genus",NA,NA,"Atherina","Atherina","Atherinidae",0,0,0,0,0,0,0,0,0,0,0,0,0,0,0,0,0,0,0,0,0,0,0,0,0,0,0,0,0,0,0,0,0,0,0,0,0,0,58,0,0,0,0,0,0,0,0,0,0,0,0,0,0,0,0,0,0,0,0,0,0,0,0,0,0,0,0,0,0,0,0,0,0,0,0,0,0,0,0,0,0,0,0,0,0,0,0,0,0,0,0,0,0,0,0,0,0,0,0,0,0,0,0,0,0,0,0,0,0,0,0,0,0,0,0,0,0,0,0,0,0,0,0,0,0,0,0,0,0,0,0,0,0,0
"Atherina boyeri","species","Atherina boyeri","Atherina boyeri","Atherina","Atherina","Atherinidae",0,0,0,0,0,0,0,0,0,0,0,0,0,0,0,0,0,0,0,0,0,0,0,0,0,0,0,0,0,0,0,0,0,0,79,0,0,0,26,0,0,0,0,0,0,0,0,0,0,0,0,0,0,0,0,0,0,0,0,0,0,0,0,0,0,0,0,0,0,0,0,0,0,0,0,0,0,0,0,0,0,0,0,0,0,0,0,0,0,0,0,0,0,0,0,0,0,0,0,0,0,0,0,0,0,0,0,0,0,0,0,0,0,0,0,0,0,0,0,0,0,0,0,0,0,0,0,0,0,0,0,0,0,0
"Atherinomorus forskalii","species","Atherinomorus forskalii","Atherinomorus forskalii","Atherinomorus","Atherinomorus","Atherinidae",875,0,140,903,303,0,91,3056,2520,5115,0,3518,0,0,0,0,0,0,0,0,0,0,0,0,0,0,0,0,0,0,0,0,0,0,0,0,0,0,0,0,0,0,0,0,0,0,0,0,0,0,0,0,0,0,0,0,0,0,0,0,0,0,0,0,0,0,0,0,0,0,0,0,0,0,0,0,0,0,0,0,0,0,0,0,0,0,0,0,0,0,0,0,0,0,0,0,0,0,0,0,0,0,0,0,0,0,0,0,0,0,0,0,0,0,0,0,0,0,0,0,0,0,0,0,0,0,0,0,0,0,0,0,0,0
"Auxis","genus",NA,NA,"Auxis","Auxis","Scombridae",686,0,634,427,0,0,0,0,0,0,0,116,0,0,0,87,5761,32693,141,945,65,241,829,492,0,0,0,0,39,0,58,0,0,568,0,270,0,0,56,972,471,159,0,0,12862,11892,3373,0,703,0,2017,0,0,0,0,0,4193,1781,0,77,0,85,1541,0,807,0,0,0,0,0,0,0,0,0,0,0,0,0,0,0,0,0,0,0,0,0,0,0,0,0,0,0,0,0,0,0,160273,0,0,0,0,48,0,709,6986,0,0,0,0,0,0,0,5200,71,0,0,0,0,0,4821,125,0,684,0,0,572,3831,886,0,293,0,2736,0,0
"Balistes capriscus","species","Balistes capriscus","Balistes capriscus","Balistes","Balistes","Balistidae",0,235,0,0,0,0,0,0,333,0,0,0,0,0,0,0,0,0,0,127,0,0,0,59,0,0,0,0,0,0,0,38,0,0,0,0,0,0,0,0,0,0,0,0,0,0,0,0,0,0,0,0,0,0,0,0,0,0,0,0,0,0,0,0,0,0,0,0,0,0,0,0,0,0,0,0,0,0,0,0,0,0,0,0,0,0,0,0,0,0,0,0,0,0,0,138,0,0,0,0,0,0,0,0,0,0,0,0,0,0,0,0,0,0,0,0,0,0,0,0,0,0,0,0,0,0,0,0,0,0,0,0,0,0
"Bathytoshia","genus",NA,NA,"Bathytoshia","Bathytoshia","Dasyatidae",0,0,0,15,0,0,0,0,0,0,0,0,0,0,0,0,0,0,0,0,0,0,0,0,0,0,0,0,0,0,0,0,0,0,0,0,0,0,0,0,0,0,0,0,0,0,0,0,0,0,0,0,0,0,0,0,0,0,0,0,0,0,0,0,0,0,0,0,0,0,0,0,0,0,0,0,0,0,0,0,0,0,0,0,0,0,0,0,0,0,0,0,0,0,0,0,0,0,0,0,0,0,0,0,0,0,0,0,0,0,0,0,0,0,0,0,0,0,0,0,0,0,0,0,0,0,0,264,0,54,0,0,0,0
"Belone","genus",NA,NA,"Belone","Belone","Belonidae",0,0,0,0,0,0,0,0,0,0,0,0,0,0,0,0,0,0,0,0,0,0,0,0,0,0,0,0,0,0,0,0,0,0,0,0,0,0,0,0,42,0,0,0,0,0,0,0,0,0,0,0,0,1777,0,0,0,0,0,0,0,0,0,0,0,0,0,0,0,0,0,0,0,0,14,0,0,0,475,0,0,185,64,0,68,541,191,0,0,0,0,0,0,0,0,0,0,0,0,0,0,0,0,0,0,0,1019,0,0,0,0,5000,0,0,0,0,0,0,0,0,0,0,326,0,0,0,22,0,0,0,0,0,0,0
"Belone belone","species","Belone belone","Belone belone","Belone","Belone","Belonidae",0,0,0,0,0,0,0,0,0,0,0,0,30,0,0,33,0,591,67,0,36,8341,6381,952,0,0,0,0,0,0,0,0,0,203,379,26,266,134,24,653,0,14,0,0,0,0,0,0,0,0,0,0,15833,27209,23189,31135,0,22397,4553,2241,4816,144,145,134,174,365,0,1596,2026,3936,10784,0,801,0,14581,2423,2571,3139,55248,347,1325,18154,18719,20686,16593,35255,32521,0,0,9553,2528,2930,190,0,0,0,0,0,0,0,0,0,0,0,0,0,74681,0,0,0,0,171825,1028,0,0,0,0,0,0,0,0,0,2453,218,0,0,35275,0,0,0,0,0,0,0
"Belonidae","family",NA,NA,NA,NA,"Belonidae",0,0,0,0,0,0,0,0,0,0,0,0,0,0,0,0,0,0,0,0,0,0,0,0,0,0,0,0,0,0,0,0,0,0,0,0,0,0,0,0,0,0,0,0,0,0,0,0,0,0,0,0,0,0,0,0,0,0,0,0,0,0,0,0,0,0,0,0,3,2103,0,0,0,0,0,0,0,0,0,1300,0,0,0,0,0,0,0,0,0,0,0,0,0,0,0,0,0,0,0,0,0,0,0,0,0,0,0,0,0,0,0,0,0,0,0,0,0,0,0,0,0,0,0,0,0,0,0,0,0,0,0,1340,0,0
"Benthocometes robustus","species","Benthocometes robustus","Benthocometes robustus","Benthocometes","Benthocometes","Ophidiidae",0,0,0,0,0,0,0,0,0,0,0,0,0,0,0,0,0,0,0,0,0,0,0,0,0,0,0,0,0,0,0,0,0,0,0,0,0,0,0,0,0,0,0,0,0,0,0,0,0,0,0,0,0,0,0,0,8405,0,0,0,0,0,0,0,0,0,0,0,0,0,0,0,0,0,0,0,0,0,0,0,0,0,0,0,0,0,0,0,0,0,0,0,0,0,0,0,0,0,0,0,0,0,0,0,0,0,0,0,0,0,0,0,0,0,0,0,0,0,0,0,0,0,0,0,0,0,0,0,0,0,0,0,0,0
"Blennius","genus",NA,NA,"Blennius","Blennius","Blenniidae",0,0,0,0,0,0,0,0,0,0,0,0,0,0,0,0,0,0,0,0,0,0,0,0,0,0,0,0,0,0,0,0,0,0,0,0,0,0,0,0,0,0,818,0,0,0,0,0,0,0,0,0,0,0,0,0,0,0,0,0,0,0,0,0,0,0,0,0,0,0,0,0,0,0,0,0,0,0,0,0,0,0,0,0,0,0,0,0,0,0,0,0,0,0,0,0,0,0,0,0,0,0,0,0,0,0,0,0,0,0,0,0,0,0,0,0,0,0,0,0,0,0,0,0,0,0,0,108,0,0,0,0,0,0
"Blennius ocellaris","species","Blennius ocellaris","Blennius ocellaris","Blennius","Blennius","Blenniidae",0,0,0,0,0,0,0,0,0,0,0,0,0,0,0,0,0,0,0,0,0,0,0,0,0,0,0,0,0,0,0,0,0,0,0,0,0,0,0,0,0,0,125512,0,0,0,0,0,0,0,0,0,0,0,0,0,0,0,0,0,0,0,0,0,0,0,0,0,0,0,0,0,0,0,0,0,0,0,0,0,0,0,0,0,0,0,0,0,0,0,0,0,800,167,0,0,0,0,199,0,0,0,3996,0,0,0,0,0,0,0,0,0,0,62,743,0,0,4,0,0,344,0,0,0,0,0,0,2304,0,0,0,0,0,0
"Boops boops","species","Boops boops","Boops boops","Boops","Boops","Sparidae",3919,0,501,1449,6384,0,40190,24012,56273,3496,71659,11040,5508,4194,1803,18044,6553,3183,21242,1889,6236,62878,26150,48667,4016,6503,1848,0,6192,1581,19807,4029,2174,2201,0,1322,6706,7352,2913,49488,25736,1130,26181,33207,12792,6172,89254,0,7279,153895,290351,248644,53318,197842,168231,0,5929,417266,170664,24569,23554,28348,51,1700,13413,2287,0,65779,33729,161075,156145,26654,20222,60464,24227,7807,329,68358,0,27741,7656,19749,64609,15196,71588,81621,40120,24063,140114,63543,57667,119299,48777,82165,85663,30685,2267,125595,72608,0,251828,184399,143088,1227,94064,19772,56934,0,12807,18696,0,0,0,0,21246,29124,51354,5613,0,174466,67531,13662,45220,5749,43619,5806,6802,34100,611,15049,558429,420922,28571,17599
"Bothus","genus",NA,NA,"Bothus","Bothus","Bothidae",0,0,0,0,0,0,0,0,0,0,0,0,0,0,0,0,0,0,0,0,0,0,0,0,0,0,0,0,0,0,0,0,0,0,0,0,0,0,0,0,0,0,0,0,0,0,0,0,0,0,0,0,0,0,0,0,0,0,0,0,0,0,0,0,0,0,0,0,0,0,0,0,0,0,0,0,0,0,0,0,0,0,0,0,0,0,0,0,0,0,0,0,0,0,0,0,0,0,0,0,0,0,0,0,0,0,0,0,0,0,0,0,0,0,85,0,0,0,0,0,0,0,0,0,0,0,0,0,0,0,0,0,0,0
"Bothus podas","species","Bothus podas","Bothus podas","Bothus","Bothus","Bothidae",0,0,0,0,0,0,0,0,0,0,0,0,0,0,0,0,0,0,0,0,0,0,0,0,0,0,0,0,0,0,0,0,0,0,0,0,0,0,0,0,0,0,0,0,0,0,0,0,0,0,0,0,0,0,0,0,0,0,0,0,0,0,0,0,0,0,0,0,0,0,0,0,0,0,0,0,0,0,0,0,0,0,0,0,0,0,0,0,0,0,0,0,0,0,0,0,0,0,0,0,0,0,0,0,0,0,0,0,0,6,0,0,0,0,62,0,198,6,0,13,0,0,32,0,0,66,0,251,0,0,0,0,0,0
"Brama","genus",NA,NA,"Brama","Brama","Bramidae",0,0,0,0,0,0,0,0,0,0,0,0,0,0,0,0,0,0,0,0,0,0,0,0,0,0,0,0,0,0,0,0,0,0,0,0,0,0,0,0,0,0,0,0,0,0,0,0,0,0,0,0,0,929,0,0,0,0,0,0,0,0,0,0,0,0,0,0,0,0,0,0,0,0,0,0,0,0,0,0,0,0,0,0,0,0,0,0,0,0,0,0,0,0,0,0,0,0,0,0,0,0,0,0,0,0,0,0,0,0,0,0,0,0,0,0,0,0,0,0,0,0,0,0,0,0,0,0,0,0,0,0,0,0
"Brama brama","species","Brama brama","Brama brama","Brama","Brama","Bramidae",0,0,0,0,0,0,0,0,0,0,0,0,0,0,0,0,0,0,0,0,0,0,0,0,0,0,0,0,0,0,0,0,0,0,0,0,0,0,0,0,0,0,0,0,0,0,0,0,0,0,0,0,0,46221,0,0,0,0,0,0,0,0,0,0,0,0,0,0,0,0,0,0,0,0,0,0,0,0,0,0,0,0,0,0,0,0,0,0,0,0,0,0,0,0,0,0,0,0,0,0,0,0,0,0,0,0,0,0,0,0,0,0,0,0,0,0,0,0,0,0,0,0,0,0,0,0,0,0,0,0,0,0,0,0
"Buenia","genus",NA,NA,"Buenia","Buenia","Gobiidae",0,0,0,0,0,0,0,0,0,0,0,0,0,0,0,0,0,0,0,0,0,0,0,0,0,0,0,0,0,0,0,0,0,0,0,0,0,0,0,0,0,0,0,0,37874,0,0,1286,0,0,0,0,0,0,0,0,0,0,0,0,0,0,0,0,0,0,0,0,0,0,0,0,0,0,0,0,0,0,0,0,0,0,0,0,0,0,0,0,0,0,0,0,0,0,0,0,0,0,0,0,0,0,0,0,0,0,0,0,0,477,0,0,0,25,45,0,0,0,0,0,0,0,0,0,0,0,0,0,0,0,0,0,0,0
"Buenia affinis","species","Buenia affinis","Buenia affinis","Buenia","Buenia","Gobiidae",0,0,0,0,0,0,0,1281,0,0,0,0,0,0,0,0,0,0,0,0,0,21,0,0,73,0,0,0,0,0,0,0,0,0,0,0,0,0,0,0,0,0,0,0,1812250,14056,0,24290,0,270,0,0,0,0,0,0,0,0,0,0,0,0,0,0,0,0,0,0,0,0,0,0,0,0,0,0,0,0,0,0,0,0,0,0,0,0,0,0,0,0,0,0,5477,0,0,134,0,808,431,0,0,0,1170,0,0,0,0,0,0,140734,0,0,0,400,379,0,224,716,0,47183,430,0,0,0,0,0,0,795,0,396,0,0,0,0
"Buglossidium luteum","species","Buglossidium luteum","Buglossidium luteum","Buglossidium","Buglossidium","Soleidae",0,25,0,0,0,0,0,0,0,0,0,0,0,0,0,0,0,0,0,0,0,0,0,0,0,0,0,0,0,0,0,0,0,0,0,0,0,0,0,0,0,0,0,0,0,0,0,0,0,0,0,0,0,0,0,0,0,0,0,0,0,0,0,0,0,0,0,0,0,0,0,0,0,0,0,0,0,0,0,0,0,0,0,0,0,0,0,0,0,0,0,0,0,0,0,0,0,0,0,0,0,0,0,0,0,0,0,0,0,0,0,0,0,0,0,0,0,0,0,0,0,0,0,0,0,0,0,0,0,0,0,0,0,0
"Callionymus maculatus","species","Callionymus maculatus","Callionymus maculatus","Callionymus","Callionymus","Callionymidae",0,0,0,0,0,0,0,0,0,0,0,0,0,0,0,0,0,0,0,0,0,0,0,0,0,0,0,0,0,0,0,0,0,0,0,0,0,0,0,0,0,0,0,0,0,0,0,0,0,0,0,0,0,0,0,0,0,0,0,0,0,0,0,0,0,0,0,0,0,0,0,0,0,0,0,0,0,0,0,0,0,0,0,0,0,0,0,0,0,0,0,0,0,0,0,0,0,0,0,0,0,7,0,0,0,0,0,0,0,0,0,0,0,0,0,0,0,0,0,0,0,0,0,0,0,0,0,0,0,0,0,0,0,0
"Capros aper","species","Capros aper","Capros aper","Capros","Capros","Caproidae",0,0,0,0,0,0,0,0,0,0,0,0,0,0,0,0,0,0,0,0,0,0,0,0,0,0,0,0,0,0,0,0,0,0,0,0,0,0,0,0,0,0,0,0,0,0,0,0,0,0,0,0,0,0,0,0,0,0,0,0,0,0,0,0,0,0,0,0,0,0,0,0,0,0,0,0,0,0,0,0,0,0,0,0,0,0,0,0,0,0,0,0,0,0,0,0,0,0,0,0,0,0,0,0,0,0,0,0,52021,0,0,0,12016,0,0,0,0,0,0,0,0,0,0,0,0,0,0,0,0,0,0,0,0,0
"Caranx","genus",NA,NA,"Caranx","Caranx","Carangidae",152,0,17,0,0,0,41,0,0,0,0,0,0,0,0,0,0,0,201,302,0,81,134,16,0,0,0,0,0,0,0,0,0,0,0,0,0,0,0,0,0,0,0,0,0,0,0,0,0,0,0,0,0,0,0,0,0,0,0,0,0,0,0,0,0,0,0,0,0,0,0,0,0,0,0,0,0,0,0,0,0,0,0,0,0,0,0,0,0,0,0,0,0,0,0,0,0,0,0,0,0,0,0,0,0,0,0,0,0,0,0,0,0,0,0,0,0,0,0,0,0,0,0,0,0,0,0,0,0,0,0,0,0,0
"Carapus acus","species","Carapus acus","Carapus acus","Carapus","Carapus","Carapidae",0,0,0,0,0,0,0,0,0,0,0,0,0,0,0,0,0,0,0,0,0,0,0,0,0,0,0,0,0,0,0,0,0,11,0,0,290,0,0,129,0,0,0,0,0,0,0,0,0,0,0,0,0,0,0,0,0,0,0,0,0,0,0,0,0,0,0,0,0,0,0,0,0,0,0,0,0,0,0,0,0,0,0,0,0,0,0,0,0,0,0,0,0,103,0,124,0,0,0,0,0,662,0,0,0,0,0,0,0,0,0,0,0,0,0,0,0,0,0,0,0,0,0,0,0,0,6107,0,0,0,0,0,0,0
"Carcharhinus","genus",NA,NA,"Carcharhinus","Carcharhinus","Carcharhinidae",0,0,0,0,14,0,0,0,0,0,0,0,0,0,0,0,0,0,0,0,0,0,0,0,0,0,0,0,0,0,0,0,0,0,0,0,0,0,0,0,0,0,0,0,0,0,0,0,0,0,0,0,0,0,0,0,0,0,0,0,0,0,0,0,0,0,0,0,0,0,0,0,0,0,0,0,0,0,0,0,0,0,0,0,0,0,0,0,0,0,0,0,0,0,0,0,0,0,0,0,0,0,0,0,0,0,0,0,0,0,0,0,0,0,0,0,0,0,0,0,0,0,0,0,0,0,0,0,0,0,0,0,0,0
"Centrolophus niger","species","Centrolophus niger","Centrolophus niger","Centrolophus","Centrolophus","Centrolophidae",0,0,0,0,0,0,0,0,0,0,0,0,0,0,0,0,0,0,0,0,0,0,0,0,0,0,0,4600,0,0,0,0,0,0,0,0,0,0,0,0,0,0,0,0,0,0,0,0,0,0,0,0,0,0,0,0,0,0,0,0,0,0,0,0,0,0,0,0,0,0,0,0,0,0,0,0,0,0,0,0,0,0,0,0,0,0,0,0,0,0,0,0,0,0,0,0,0,0,0,0,0,0,0,0,0,0,0,0,0,0,0,0,0,0,0,0,0,0,0,0,0,0,0,0,0,0,0,0,0,0,0,0,0,0
"Cepola macrophthalma","species","Cepola macrophthalma","Cepola macrophthalma","Cepola","Cepola","Cepolidae",0,0,0,0,0,0,0,0,0,1201,0,0,0,0,0,0,0,0,1012,0,0,0,0,0,0,0,0,0,0,0,0,0,0,0,0,0,0,0,0,0,0,0,0,0,0,0,0,0,0,3118,0,0,0,0,0,0,0,0,0,55,93,99,0,0,0,0,0,0,0,0,0,0,0,0,0,0,0,0,0,0,0,0,0,0,0,0,0,0,0,0,0,0,3244,0,0,0,0,20898,0,0,0,0,9771,0,0,0,0,0,0,0,0,0,0,0,0,0,0,0,0,0,0,0,0,0,0,0,0,0,0,0,0,0,0,0
"Ceratoscopelus","genus",NA,NA,"Ceratoscopelus","Ceratoscopelus","Myctophidae",0,0,0,0,0,0,2519,0,0,0,1009,0,0,0,0,907,0,863,0,0,66,0,0,0,39,397,0,47,295,0,0,0,0,0,0,0,0,0,0,0,0,0,0,0,0,0,0,0,0,0,0,0,0,0,0,0,0,0,0,0,0,0,0,0,0,0,0,0,0,0,0,0,0,0,0,0,0,0,0,0,0,0,0,0,0,0,0,0,0,0,0,0,0,0,342,0,0,0,0,0,0,0,0,0,0,0,0,0,0,0,0,0,852,0,0,0,0,0,0,0,0,2398,0,0,0,0,0,0,0,0,0,0,0,0
"Ceratoscopelus maderensis","species","Ceratoscopelus maderensis","Ceratoscopelus maderensis","Ceratoscopelus","Ceratoscopelus","Myctophidae",0,0,0,0,40,0,1625,1036,854,0,1191,156,633,0,134,8024,48,3028,0,0,0,0,913,292,352,642,1067,624,0,90,102,130,0,646,0,0,0,0,2293,0,364,0,0,0,0,0,1386,0,190,0,0,0,334,0,0,0,0,0,0,12,0,0,0,0,0,0,0,0,0,0,167,0,222,0,0,0,0,0,0,0,0,0,0,0,0,0,0,0,0,0,0,0,0,0,25041,0,0,0,0,0,0,0,0,0,0,0,0,0,3823,0,0,0,2796,0,0,1120,0,0,0,0,0,0,0,0,1831,0,0,0,0,0,4303,1576,0,0
"Chauliodus sloani","species","Chauliodus sloani","Chauliodus sloani","Chauliodus","Chauliodus","Stomiidae",0,0,0,0,0,0,0,0,0,0,0,0,0,0,0,0,0,0,0,0,0,0,0,0,0,0,0,0,0,0,0,0,0,0,0,0,0,0,0,0,0,0,0,0,0,0,0,0,0,0,0,0,0,0,0,0,0,0,0,0,0,0,0,0,0,0,0,0,0,0,0,0,0,0,0,0,0,0,0,0,0,0,0,0,0,0,0,0,0,0,0,0,0,0,0,0,0,0,0,0,0,0,0,0,0,0,0,0,91,0,0,0,0,0,0,0,0,0,0,0,0,0,0,0,0,0,0,0,0,0,0,0,0,0
"Cheilodipterus","genus",NA,NA,"Cheilodipterus","Cheilodipterus","Apogonidae",0,0,0,0,0,0,0,0,78,0,0,0,0,0,0,0,0,0,0,0,0,0,0,0,0,0,0,0,0,0,0,0,0,0,0,0,0,0,0,0,0,0,0,0,0,0,0,0,0,0,0,0,0,0,0,0,0,0,0,0,0,0,0,0,0,0,0,0,0,0,0,0,0,0,0,0,0,0,0,0,0,0,0,0,0,0,0,0,0,0,0,0,0,0,0,0,0,0,0,0,0,0,0,0,0,0,0,0,0,0,0,0,0,0,0,0,0,0,0,0,0,0,0,0,0,0,0,0,0,0,0,0,0,0
"Cheilodipterus novemstriatus","species","Cheilodipterus novemstriatus","Cheilodipterus novemstriatus","Cheilodipterus","Cheilodipterus","Apogonidae",0,0,0,0,0,0,165,0,1260,0,0,0,0,0,0,0,0,0,0,0,0,0,0,0,0,0,0,0,0,0,0,0,0,0,0,0,0,0,0,0,0,0,0,0,0,0,0,0,0,0,0,0,0,0,0,0,0,0,0,0,0,0,0,0,0,0,0,0,0,0,0,0,0,0,0,0,0,0,0,0,0,0,0,0,0,0,0,0,0,0,0,0,0,0,0,0,0,0,0,0,0,0,0,0,0,0,0,0,0,0,0,0,0,0,0,0,0,0,0,0,0,0,0,0,0,0,0,0,0,0,0,0,0,0
"Chelon","genus",NA,NA,"Chelon","Chelon","Mugilidae",0,0,0,0,0,0,0,0,0,0,0,0,0,0,0,0,0,0,0,0,0,0,0,0,0,0,0,0,0,0,0,0,0,0,0,0,140,0,0,0,0,0,0,0,0,0,0,0,0,0,0,0,0,0,0,0,0,0,0,0,0,0,0,0,0,253,0,32,0,43,0,0,0,0,0,0,0,0,0,68,0,0,49,0,0,0,0,0,0,0,0,0,0,0,0,0,0,0,0,0,0,0,0,0,0,0,0,0,0,0,0,0,0,0,0,43,103,0,0,0,0,0,1605,1743,0,0,1467,0,47,0,0,0,2134,304
"Chelon auratus","species","Chelon auratus","Chelon auratus","Chelon","Chelon","Mugilidae",0,0,449,0,0,0,0,0,0,0,0,0,165,0,0,0,0,0,0,138,89,0,0,0,195,0,134,0,602,383,90,70,39,1011,95,0,319,28,1396,0,0,0,0,0,0,0,0,0,0,0,0,0,0,0,0,0,0,0,0,24,0,21,0,0,0,226,0,3639,0,685,794,6495,0,0,0,0,0,0,0,0,0,935,0,0,0,1129,0,0,0,0,0,0,0,0,0,0,0,0,0,0,0,0,0,0,0,0,0,0,0,0,0,0,0,0,0,0,14877,0,0,0,0,0,20530,31603,481,791,0,0,0,0,0,70,10965,8144
"Chelon labrosus","species","Chelon labrosus","Chelon labrosus","Chelon","Chelon","Mugilidae",0,0,171,0,0,0,0,0,0,0,0,0,21,0,208,105,0,50,0,29,35,0,16,0,0,0,0,0,0,0,0,0,0,66,374,16,128,16,83,0,50,0,44,357,0,0,0,0,569,0,0,0,0,0,0,1474,0,0,0,0,0,0,0,0,0,0,0,1229,1121,320,37,888,604,5037,0,1177,0,648,0,536,0,3290,316,3909,1972,1824,610,858,1870,1907,0,0,0,0,0,0,0,0,0,0,0,0,0,0,948,0,0,0,0,0,0,0,0,0,0,559,258,0,0,0,0,0,558,11516,949,378,204542,0,52636,0,0,0,6633,0
"Chelon ramada","species","Chelon ramada","Chelon ramada","Chelon","Chelon","Mugilidae",168,20,43,0,0,0,0,0,0,0,0,0,0,0,0,0,0,0,0,0,0,0,0,0,0,0,16,0,0,0,68,46,87,0,0,0,0,0,0,0,0,0,0,0,0,0,0,0,0,0,0,0,0,0,0,0,0,0,0,0,0,0,0,0,0,0,0,0,0,0,0,0,0,0,0,0,0,0,0,0,0,0,0,0,0,0,0,0,0,6971,0,2988,0,0,0,0,0,0,0,0,0,0,0,63,0,0,0,0,0,0,0,0,0,0,0,0,0,0,0,0,0,0,0,7539,0,0,0,0,0,0,0,857,33901,27586
"Chlorophthalmus agassizi","species","Chlorophthalmus agassizi","Chlorophthalmus agassizi","Chlorophthalmus","Chlorophthalmus","Chlorophthalmidae",13,0,0,0,0,0,0,0,0,0,0,0,36,0,0,0,0,0,0,0,0,0,0,0,0,0,0,0,0,0,0,0,0,0,0,0,0,0,0,0,0,0,0,0,0,0,0,0,0,0,0,0,0,1346,0,0,0,0,0,0,0,0,0,0,0,0,0,0,0,0,0,0,0,0,0,0,0,0,0,0,0,0,0,0,0,0,0,0,0,0,0,0,0,0,0,0,0,0,0,0,0,0,0,0,0,0,0,0,0,0,0,0,0,0,0,0,0,0,0,0,0,0,0,0,0,0,0,0,0,0,0,0,0,0
"Chromis","genus",NA,NA,"Chromis","Chromis","Pomacentridae",0,0,0,0,0,0,0,0,0,0,0,0,0,309,0,0,0,491,142,0,0,214,143,0,0,0,0,0,0,0,0,0,0,0,1158,0,0,0,0,0,0,86,10780,1709,414,3286,1323,3140,5983,4710,9072,34,22656,3300,8862,3680,0,35831,18031,44,0,0,557,0,0,0,0,286,146,1211,511,185,363,0,0,536,409,91,0,7338,20312,2802,886,5300,3386,76,444,7098,2158,0,0,13971,84,417,8498,0,2370,230,83,0,845,0,0,20249,465,0,750,11643,0,0,782,35938,0,0,0,2196,7521,5666,0,233,0,1629,8932,1648,0,0,12239,2287,137437,62,0,14261,0,0
"Chromis chromis","species","Chromis chromis","Chromis chromis","Chromis","Chromis","Pomacentridae",0,0,0,443,1871,0,3828,2066,7460,9543,4491,3117,12393,39455,45757,61626,7701,6961,1802,4058,12863,1979,25179,61342,0,0,0,0,276,156,5941,1855,0,3700,36918,675,10557,951,13725,5643,10151,2420,342025,202584,54516,270702,321484,165168,382290,299243,644315,119447,822078,223227,347999,172241,0,707365,810427,52089,19000,38353,36835,19680,12885,1094,0,28126,19428,58620,63378,48287,39072,8195,0,101999,95079,32010,0,522788,430608,106612,97059,99943,153404,66769,72180,378496,315131,45346,10042,115056,25650,8866,157412,19554,194381,106028,17179,0,153311,24169,43511,1537190,91161,28761,94205,230425,0,0,109134,404669,8076,0,16869,180699,324843,555619,25601,54581,19900,92691,393835,13299,0,0,340425,104226,643222,30627,8876,195016,5437,11050
"Citharus linguatula","species","Citharus linguatula","Citharus linguatula","Citharus","Citharus","Citharidae",0,0,0,0,0,0,0,0,0,0,0,0,0,0,0,0,0,0,0,0,0,0,0,0,0,0,0,0,0,0,0,0,0,0,0,0,0,0,0,0,0,0,0,0,0,0,0,0,0,0,0,0,0,0,0,0,0,0,0,0,0,0,0,0,0,0,0,0,0,0,0,0,0,0,0,0,0,0,0,0,0,623,921,0,0,8,0,0,0,0,0,0,0,0,0,0,0,0,0,0,0,373,0,0,0,0,0,0,0,0,0,0,0,0,0,0,0,0,0,0,0,0,0,0,0,0,0,0,0,0,0,0,0,0
"Clupea","genus",NA,NA,"Clupea","Clupea","Clupeidae",0,0,0,0,0,0,0,0,0,0,0,0,0,0,0,0,0,0,11845,556,51,0,0,0,0,0,0,0,0,0,141,0,50,0,0,0,0,0,0,0,0,0,0,0,0,0,0,0,0,0,0,0,0,0,0,0,0,0,0,0,0,0,0,0,0,0,0,0,0,0,0,0,0,0,0,0,0,0,0,0,0,0,0,0,0,0,0,0,0,0,0,0,0,0,0,0,0,0,0,0,0,0,0,0,0,0,0,0,0,0,0,0,0,0,0,0,0,0,0,0,0,0,0,0,0,0,0,0,0,0,0,0,0,0
"Coelorinchus","genus",NA,NA,"Coelorinchus","Coelorinchus","Macrouridae",0,0,0,0,0,0,0,0,0,0,0,0,0,0,0,0,0,0,0,0,0,0,0,0,0,0,0,556,0,0,0,0,0,0,0,0,0,0,0,0,0,0,0,0,0,0,0,0,0,0,0,0,0,0,0,0,0,0,0,0,0,0,0,0,0,0,0,0,0,0,0,0,0,0,0,0,0,0,0,0,0,0,0,0,0,0,0,0,0,0,0,0,0,0,0,0,0,0,0,0,0,0,0,0,0,0,0,0,0,0,0,0,0,0,0,0,0,0,0,0,0,0,0,0,0,0,0,0,0,0,0,0,0,0
"Congridae","family",NA,NA,NA,NA,"Congridae",0,0,0,0,0,0,0,0,0,0,0,0,0,0,0,62,0,0,0,0,695,0,0,0,21,0,0,525,0,0,0,0,0,71,0,0,0,0,0,39,0,0,0,0,0,154842,0,0,596,0,0,0,0,0,0,0,0,0,0,0,0,0,0,0,0,0,0,789,0,0,0,0,0,0,0,0,0,0,0,0,0,0,0,0,0,218,889,0,0,0,20,0,477,67,0,0,31538,3194,2481,0,0,0,0,781,0,0,0,0,972,0,512,0,2344,0,6024,392,0,2918,0,5202,365,242,134,0,0,75,0,0,0,0,7570,2526,0,0
"Corcyrogobius liechtensteini","species","Corcyrogobius liechtensteini","Corcyrogobius liechtensteini","Corcyrogobius","Corcyrogobius","Gobiidae",0,0,0,0,0,0,0,0,0,0,0,0,0,0,0,0,0,0,0,0,0,0,0,0,0,0,0,0,0,0,0,0,0,0,0,0,0,0,0,0,0,0,28,4,0,0,0,0,1817,0,0,0,0,119,0,0,0,0,0,0,0,0,0,0,0,0,0,0,0,0,0,0,0,0,0,0,0,0,0,0,0,1993,0,0,0,0,0,0,0,0,0,0,0,0,0,0,0,0,0,0,0,0,0,0,0,0,0,0,0,0,0,0,0,0,0,0,0,10,0,0,0,0,0,0,0,0,0,0,0,0,0,0,0,0
"Coris","genus",NA,NA,"Coris","Coris","Labridae",0,0,0,0,25,0,0,545,0,85,0,342,0,0,0,0,255,284,0,0,0,0,0,0,0,0,0,0,0,0,0,0,0,0,0,0,0,0,0,0,0,0,39,0,318,3556,841,0,516,0,312,0,0,0,0,67,590,5421,424,0,0,0,0,0,0,0,0,673,0,0,57,85,0,0,0,0,0,0,0,0,206,0,0,0,0,0,0,0,0,0,0,0,50,278,0,3317,70,0,66,0,0,0,434,0,0,0,0,0,0,3276,263,0,0,131,0,174,208,666,0,8818,0,0,174,0,0,0,0,0,0,0,402,993,0,0
"Coris julis","species","Coris julis","Coris julis","Coris","Coris","Labridae",0,0,0,0,120,0,812,1037,1096,648,2498,3076,326,274,639,367,604,528,514,157,243,66,195,299,0,0,0,0,0,0,290,0,125,341,394,218,702,282,1406,2148,477,76,6606,23443,61850,102002,27668,1800,21976,6591,29777,6527,10854,19215,22421,30204,6725,0,20541,810,1691,666,0,892,0,958,98,4027,5110,1119,13297,3590,4979,0,0,0,0,0,2560,3655,921,8088,2860,1126,0,12826,9967,2345,0,0,0,9362,17647,20803,0,18426,3985,39265,19533,0,16662,8868,43274,485,0,0,0,0,0,98048,107179,0,0,0,970,15073,19839,26138,0,67058,2686,4190,22036,0,3311,116,0,6796,1487,2243,7344,144567,0,3533
"Coryphaena hippurus","species","Coryphaena hippurus","Coryphaena hippurus","Coryphaena","Coryphaena","Coryphaenidae",0,0,0,0,0,0,0,0,0,0,0,0,0,0,0,0,0,0,0,243,0,0,0,0,0,0,0,0,0,0,0,0,0,0,0,0,0,0,0,0,0,0,0,0,0,0,0,0,0,0,0,0,0,0,0,0,0,0,0,0,0,0,0,0,0,0,0,0,0,0,0,0,0,0,0,0,0,16,0,0,0,162,13,0,0,0,10,0,0,0,86,0,0,0,0,0,0,0,0,0,0,0,0,0,0,0,0,0,0,0,0,0,0,0,0,0,0,0,0,0,0,0,0,4,0,0,0,0,0,0,0,0,0,0
"Crystallogobius linearis","species","Crystallogobius linearis","Crystallogobius linearis","Crystallogobius","Crystallogobius","Gobiidae",0,0,0,0,0,0,0,0,0,0,0,0,0,106,0,0,0,0,0,0,0,0,305,26,0,0,0,0,121,0,0,123,0,0,0,0,0,0,0,0,0,0,0,0,75592,55366,0,0,0,812,0,0,0,0,0,0,87383,0,0,0,0,0,0,0,0,0,0,0,0,0,0,0,0,0,0,0,0,0,0,0,0,0,0,0,0,0,0,0,0,0,0,0,1868,0,0,0,0,0,0,0,0,420,0,0,0,0,0,0,0,0,0,0,0,104,2473,0,0,0,0,28313,2407,0,0,701,0,0,0,965,0,148,2057,0,0,0
"Ctenogobius boleosoma","species","Ctenogobius boleosoma","Ctenogobius boleosoma","Ctenogobius","Ctenogobius","Gobiidae",0,0,0,0,0,0,0,0,0,0,0,0,0,0,0,0,0,0,0,0,0,0,0,0,0,0,0,0,0,0,0,0,0,0,0,0,0,0,19,0,0,0,0,0,0,0,0,0,0,0,0,0,0,0,0,0,0,0,0,0,0,0,0,0,0,0,0,0,0,0,0,0,0,0,0,0,0,0,0,0,0,0,0,0,0,0,0,0,0,0,0,0,0,0,0,0,0,0,0,0,0,0,0,0,0,0,0,0,0,0,0,0,0,0,0,0,0,0,0,0,0,0,0,0,0,0,0,0,0,0,0,0,0,0
"Cyclothone","genus",NA,NA,"Cyclothone","Cyclothone","Gonostomatidae",0,0,0,0,0,0,0,0,0,0,0,0,0,0,31,109,0,0,0,0,0,0,231,112,0,0,0,0,0,0,0,0,0,0,0,0,0,0,109,0,0,0,0,0,0,0,0,0,0,0,0,0,0,0,0,0,0,0,0,0,0,0,0,0,0,0,0,0,0,0,0,435,0,0,0,0,0,0,0,0,0,0,0,0,0,0,0,0,0,0,0,0,0,173,0,0,0,0,0,0,0,0,0,0,0,0,0,0,0,0,0,0,0,0,67,0,0,0,0,0,0,0,0,0,391,0,0,0,0,0,0,0,0,0
"Cyclothone braueri","species","Cyclothone braueri","Cyclothone braueri","Cyclothone","Cyclothone","Gonostomatidae",0,0,0,0,0,0,0,0,0,0,0,0,160,264,294,311,0,0,0,0,0,0,935,0,0,0,0,0,0,0,0,0,0,172,0,0,0,0,714,0,0,0,0,0,0,0,0,0,0,0,0,0,0,0,0,0,0,0,0,0,0,0,0,0,0,0,0,0,0,0,0,0,0,0,0,0,0,0,0,0,0,0,0,0,108,0,0,0,0,0,0,0,0,770,4124,0,0,0,242,0,0,0,0,0,0,0,0,0,1409,0,0,0,1486,28,634,0,0,0,0,0,145,612,0,0,407,65,0,0,0,0,473,4108,0,0
"Dactylopterus volitans","species","Dactylopterus volitans","Dactylopterus volitans","Dactylopterus","Dactylopterus","Dactylopteridae",0,0,0,0,0,0,0,0,0,0,0,0,0,0,0,0,0,0,0,0,0,0,0,0,0,0,0,0,0,0,0,0,0,0,0,0,0,0,0,0,0,0,0,35,0,0,0,4104,51,0,0,0,0,0,0,0,0,0,0,0,0,0,0,0,0,0,0,0,0,0,0,0,0,0,0,0,0,0,0,0,0,0,0,0,0,0,0,0,0,0,0,0,0,0,0,0,0,0,0,0,0,0,0,0,0,0,0,0,0,0,0,0,0,0,0,0,0,0,0,0,0,0,0,0,0,0,0,0,0,0,0,0,0,0
"Dalophis imberbis","species","Dalophis imberbis","Dalophis imberbis","Dalophis","Dalophis","Ophichthidae",0,0,0,0,0,0,0,0,0,0,0,0,0,0,0,0,0,0,0,0,0,0,0,0,0,0,0,0,0,0,0,0,0,0,0,0,0,0,0,0,0,0,0,0,0,0,0,0,0,0,0,0,0,0,0,0,0,0,0,0,0,0,0,0,0,0,0,0,0,0,0,0,0,0,0,0,0,0,2,0,0,97,154,0,0,0,0,0,0,0,0,0,0,0,0,0,0,0,0,0,0,0,0,0,0,0,0,0,0,0,0,0,0,0,0,0,0,0,0,0,0,0,0,0,0,0,0,0,0,0,0,0,0,0
"Dasyatidae","family",NA,NA,NA,NA,"Dasyatidae",0,0,0,0,0,0,0,0,0,0,0,0,0,0,0,0,0,0,0,0,0,0,0,0,0,0,0,0,0,0,0,0,0,0,0,0,0,0,0,0,0,0,0,0,0,0,0,0,0,0,0,0,0,0,0,0,0,0,0,0,0,0,0,0,0,0,0,0,0,0,0,0,0,0,0,0,0,0,0,0,0,0,0,0,0,0,0,0,0,0,0,0,0,0,0,0,0,0,0,0,0,0,0,0,0,0,0,0,0,0,0,0,0,0,5598,0,0,0,0,0,0,0,383,0,3,0,0,0,0,0,0,0,0,0
"Dasyatis","genus",NA,NA,"Dasyatis","Dasyatis","Dasyatidae",0,0,0,0,0,0,0,0,0,0,0,0,0,0,0,0,0,0,0,0,0,0,0,0,0,0,0,0,0,0,0,0,0,0,0,0,0,0,0,0,0,0,0,0,0,0,0,0,0,0,0,0,0,0,0,0,0,0,0,0,0,0,0,0,0,0,0,0,0,0,0,0,0,0,0,0,0,0,0,0,0,0,0,0,0,0,0,0,0,0,0,0,0,0,0,0,0,0,0,0,0,0,0,0,0,0,0,0,0,0,0,0,0,0,174,0,0,0,0,0,0,0,0,0,0,0,0,0,0,0,0,0,0,0
"Dasyatis marmorata","species","Dasyatis marmorata","Dasyatis marmorata","Dasyatis","Dasyatis","Dasyatidae",1734,1836,728,0,0,0,0,70,0,0,0,0,0,0,0,0,0,0,0,0,0,0,0,0,0,0,0,0,0,0,0,0,0,0,0,0,0,0,0,0,0,0,0,0,0,0,0,0,0,0,0,0,0,0,0,0,0,0,0,0,0,0,0,0,0,0,0,0,0,0,0,0,0,0,0,0,0,0,0,0,0,0,0,0,0,0,0,0,0,0,0,0,0,0,0,0,0,0,0,0,0,0,0,0,0,0,0,0,0,0,0,0,0,0,0,0,0,0,0,0,0,0,0,0,0,0,0,0,0,0,0,0,0,0
"Dasyatis pastinaca","species","Dasyatis pastinaca","Dasyatis pastinaca","Dasyatis","Dasyatis","Dasyatidae",34,0,411,0,0,0,0,0,20,0,0,0,0,0,0,0,0,0,0,0,0,0,0,0,0,0,0,0,0,0,0,0,0,0,0,0,0,13,0,0,0,0,0,590,0,14,0,0,145,0,0,0,0,0,0,0,0,0,0,0,0,0,0,0,0,0,0,0,0,0,0,0,0,0,0,0,0,0,0,0,0,0,0,0,0,0,0,0,0,0,0,0,0,0,0,0,0,0,0,0,0,0,0,0,0,0,0,0,0,0,0,0,0,0,5164,4636,156,84,0,1655,0,0,35,0,0,194,0,4,0,0,0,0,0,0
"Dasyatis tortonesei","species","Dasyatis tortonesei","Dasyatis tortonesei","Dasyatis","Dasyatis","Dasyatidae",0,0,0,0,0,0,0,0,41,0,0,0,0,0,0,0,0,0,0,0,0,0,0,0,0,0,0,0,0,0,0,0,0,0,0,0,0,0,33,0,0,0,0,0,0,0,0,0,0,0,0,0,0,0,0,0,0,0,0,0,0,0,0,0,0,0,0,0,0,0,0,0,0,0,0,0,0,0,0,0,0,0,0,0,0,0,0,0,0,0,0,0,1124,102,0,0,0,0,0,0,0,0,0,0,0,0,0,0,0,0,0,0,0,0,0,7480,0,11,0,0,156,705,31,0,46,165,0,93,0,0,0,0,0,0
"Decapterus","genus",NA,NA,"Decapterus","Decapterus","Carangidae",0,0,455,0,0,0,0,0,0,0,0,0,0,0,0,0,0,0,0,0,0,0,0,0,0,0,0,0,0,0,0,0,0,0,0,0,0,0,0,0,0,0,0,0,0,0,0,0,0,0,0,0,0,0,0,0,0,0,0,0,0,0,0,0,0,0,0,0,0,0,0,0,0,0,0,0,0,0,0,0,0,0,0,0,0,0,0,0,0,0,0,0,0,0,0,0,0,0,0,0,0,0,0,0,0,0,0,0,0,0,0,0,0,0,0,0,0,0,0,0,0,0,0,0,0,0,0,0,0,0,0,0,0,0
"Deltentosteus","genus",NA,NA,"Deltentosteus","Deltentosteus","Gobiidae",0,0,0,0,0,0,0,0,0,0,0,0,0,0,0,0,0,0,0,0,0,0,0,0,0,0,0,0,0,0,0,0,0,0,0,0,0,0,0,0,0,0,0,0,0,0,0,0,0,0,0,0,0,0,0,0,3887,0,0,0,0,0,0,0,0,0,0,0,0,0,0,0,0,0,0,0,0,0,0,0,0,0,0,0,0,0,0,0,0,0,0,0,880,0,0,0,0,0,0,0,0,0,0,0,0,0,0,0,0,0,0,0,0,86,0,0,0,0,0,0,1595,0,0,0,1684,0,0,3116,0,0,0,0,0,0
"Deltentosteus collonianus","species","Deltentosteus collonianus","Deltentosteus collonianus","Deltentosteus","Deltentosteus","Gobiidae",0,0,0,0,0,0,0,0,0,0,0,0,0,0,0,0,0,0,0,0,0,0,0,0,0,0,0,0,0,0,0,0,0,0,0,0,0,0,0,0,0,0,0,0,0,0,0,0,0,0,0,0,0,0,0,0,369,0,0,0,0,0,0,0,0,0,0,0,0,0,0,0,0,0,0,0,0,0,0,0,0,0,0,0,0,0,0,0,0,0,0,0,1542,0,0,0,0,0,0,0,0,0,0,0,0,0,0,0,0,0,0,0,0,61,1838,0,0,0,0,0,0,0,0,0,0,0,0,351,0,101,0,0,0,0
"Dentex","genus",NA,NA,"Dentex","Dentex","Sparidae",0,0,0,0,0,0,86,0,292,0,0,0,0,0,0,0,0,0,0,0,0,0,0,0,0,0,0,0,0,0,0,0,0,0,0,0,0,0,0,0,0,0,0,0,0,0,0,0,0,0,0,0,0,0,0,0,0,0,0,0,0,0,0,0,0,0,0,0,0,0,0,0,0,0,0,0,0,0,0,0,0,0,0,0,0,0,0,0,0,0,0,0,0,0,0,0,0,0,0,0,0,0,0,0,0,0,0,0,0,0,0,0,0,0,0,0,0,0,0,0,0,0,0,0,0,0,0,0,0,0,0,0,0,0
"Diaphus","genus",NA,NA,"Diaphus","Diaphus","Myctophidae",0,0,0,0,0,0,739,0,0,0,0,0,0,0,0,0,0,0,0,0,0,0,0,0,0,0,0,0,0,0,0,0,0,0,0,0,0,0,0,0,0,0,0,0,0,0,0,0,0,0,0,0,0,0,0,0,0,0,0,0,0,0,0,0,0,0,0,0,0,0,0,0,0,0,0,0,0,0,0,0,0,0,0,0,0,0,0,0,0,0,0,0,0,0,0,0,0,0,0,0,0,0,0,0,0,0,0,0,0,0,0,0,0,0,0,0,0,0,0,0,0,0,0,0,0,0,0,0,0,0,0,0,0,0
"Diaphus holti","species","Diaphus holti","Diaphus holti","Diaphus","Diaphus","Myctophidae",0,0,0,0,0,0,0,0,0,0,0,0,0,0,0,0,0,0,0,0,0,0,0,0,0,0,0,0,0,0,0,0,0,0,0,0,0,0,0,0,0,0,0,0,0,0,0,0,0,0,0,0,0,0,0,0,0,0,0,0,0,0,0,0,0,0,0,0,0,0,0,0,0,0,0,0,0,0,0,0,0,0,0,0,0,0,0,0,0,0,0,0,0,0,1668,0,0,0,0,0,0,0,0,0,0,0,0,0,0,0,0,0,0,0,0,0,0,0,0,0,0,0,0,0,0,0,0,0,0,0,0,0,0,0
"Diaphus rafinesquii","species","Diaphus rafinesquii","Diaphus rafinesquii","Diaphus","Diaphus","Myctophidae",0,0,0,0,21,62,225,0,4877,327,643,359,0,0,87,0,0,0,0,0,0,60,0,35,0,0,0,0,0,0,0,0,0,0,0,0,0,0,0,0,0,0,0,0,0,0,0,0,0,0,0,0,0,0,0,0,0,0,0,0,0,0,0,0,0,0,0,0,0,0,0,0,0,0,0,0,0,0,0,0,0,0,0,0,0,0,0,0,0,0,0,0,0,0,0,0,0,0,0,0,0,0,0,0,0,0,0,0,0,0,0,0,0,0,0,0,0,0,0,0,0,0,0,0,0,0,0,0,0,0,0,0,0,0
"Dicentrarchus","genus",NA,NA,"Dicentrarchus","Dicentrarchus","Moronidae",0,0,0,0,0,0,0,2502,0,0,0,0,0,0,0,0,0,0,0,0,0,0,0,0,0,0,0,0,0,0,124,0,112,0,0,0,0,0,0,0,0,0,0,0,0,0,0,0,0,0,0,0,0,0,0,0,0,0,0,0,0,0,0,0,0,0,0,0,279,0,0,0,0,0,0,0,0,91,0,0,0,0,0,0,0,0,174,0,0,0,0,0,0,0,0,0,0,0,0,0,0,0,0,0,0,0,0,0,0,0,0,0,0,0,0,0,0,0,0,0,0,0,0,492,442,244,0,0,0,0,0,0,0,0
"Dicentrarchus labrax","species","Dicentrarchus labrax","Dicentrarchus labrax","Dicentrarchus","Dicentrarchus","Moronidae",0,0,0,84795,81177,102774,0,9204,10551,0,0,0,0,0,49,0,0,39,0,4537,11187,0,155,84,0,0,21,6650,35234,16393,41498,83054,143989,574,1217,0,617,23,45,227,20,0,0,0,0,0,0,0,0,0,0,0,0,0,0,0,0,0,0,24,0,0,0,0,0,0,0,16449,59636,0,0,1281,0,0,0,654,0,375,0,952,0,1284,4931,0,0,3420,22687,624,9566,0,12261,0,0,0,0,0,0,0,0,0,0,0,0,0,0,0,0,0,0,0,3730,0,0,0,0,5079,3385,0,0,0,368,0,1816,14459,185071,20779,0,0,0,0,0,0,8249,1517
"Diplodus","genus",NA,NA,"Diplodus","Diplodus","Sparidae",968,1020,5795,0,129,0,796,675,0,3182,0,1567,2052,529,3142,1903,0,0,207,21835,5261,330,773,1680,436,803,966,0,257,754,55,470,308,1735,18673,1053,12006,511,12509,142,2827,326,21495,15357,6,16544,12700,0,24603,0,2736,0,10658,27192,1705,90568,0,2324,8988,199,558,187,105,2258,1324,6342,64,32472,33013,46277,56896,33439,39074,10249,20730,35006,74974,220611,141569,25010,38425,28489,50931,12042,35716,69722,68230,3703,17529,51338,69218,40229,581,3311,87,57,0,35084,5280,0,1858,5758,6806,10047,54882,2080,34649,99231,0,67,1573,0,4672,0,14229,102361,117952,44747,0,19475,7453,45574,56998,26494,15050,4468,20267,11192,20128,2844,7580,31967,41931,12250
"Diplodus annularis","species","Diplodus annularis","Diplodus annularis","Diplodus","Diplodus","Sparidae",0,0,0,0,1365,0,0,0,0,157,0,0,206,0,0,249,462,787,1451,1322,2725,392,376,206,0,0,0,0,97,0,40,392,29,70,0,0,678,1160,799,0,260,0,9306,36932,200,0,21797,0,1131,0,7545,0,0,0,378,0,0,0,0,914,1408,563,0,0,0,278,0,458,7689,0,2232,4487,13127,0,0,0,0,1742,0,0,0,0,0,3387,1956,12575,9523,1939,2171,0,10924,0,1096,6900,0,445,0,45444,509,0,11491,6754,34436,2914,21598,26365,2880,0,0,0,45389,0,0,0,0,48506,140374,34633,0,105124,39061,65995,64481,36551,3831,9660,0,8661,0,1040,3996,172,4088,2207
"Diplodus cervinus","species","Diplodus cervinus","Diplodus cervinus","Diplodus","Diplodus","Sparidae",796,0,567,0,0,0,0,0,0,0,0,0,0,0,0,0,0,0,0,0,0,0,0,0,0,0,0,0,0,0,0,0,0,0,0,0,0,0,0,0,0,0,0,0,0,0,0,0,0,0,0,0,0,0,0,0,0,0,0,0,0,0,0,0,0,0,0,0,0,0,0,0,0,0,0,0,0,0,0,409,0,0,0,0,0,0,0,0,0,0,0,0,0,0,0,0,0,0,0,0,0,0,0,0,0,0,0,0,0,0,0,0,0,0,0,0,0,0,0,0,0,0,0,0,0,0,0,0,0,0,0,210,0,0
"Diplodus holbrookii","species","Diplodus holbrookii","Diplodus holbrookii","Diplodus","Diplodus","Sparidae",0,0,0,0,0,0,0,0,0,0,0,0,0,0,0,0,0,0,0,0,0,0,0,0,0,0,0,0,0,0,0,0,0,0,0,0,0,0,0,0,0,0,0,0,0,0,0,0,0,0,0,0,0,0,0,0,0,0,0,0,0,0,0,0,0,0,0,0,0,0,0,0,0,0,0,0,0,0,0,0,0,0,0,0,0,0,0,0,0,0,0,0,0,0,0,0,0,0,0,0,0,0,0,0,0,0,0,0,0,0,0,0,0,0,0,0,0,0,0,0,0,0,0,51,0,0,0,0,0,0,0,0,0,0
"Diplodus puntazzo","species","Diplodus puntazzo","Diplodus puntazzo","Diplodus","Diplodus","Sparidae",0,0,0,347,65,0,0,0,0,0,0,0,0,0,0,0,0,0,0,0,66,0,0,687,0,0,0,0,0,0,0,0,0,745,1551,40,3220,464,2500,0,816,137,1446,0,0,0,4372,0,2498,0,8192,0,0,11805,0,0,0,14915,1858,195,3020,59,0,1540,605,0,0,3493,616,11320,4875,13859,2618,0,0,0,0,11912,0,0,0,1856,2364,8512,0,56760,28744,1557,3958,4920,10163,3094,1015,0,5481,325,0,0,453,0,0,0,0,322,0,0,0,0,0,0,0,0,0,0,755,2292,4553,2317,0,10560,433,163,805,0,0,0,0,614,0,855,0,338,0,46247
"Diplodus vulgaris","species","Diplodus vulgaris","Diplodus vulgaris","Diplodus","Diplodus","Sparidae",0,0,0,0,143,0,0,0,0,82,0,0,0,0,353,940,0,1273,36,11527,1397,42,553,396,97,291,237,0,0,36,339,339,151,2679,4282,604,4650,714,10604,1167,4400,53,41131,20767,40526,0,12339,0,94791,431,10406,0,15335,2010,15836,0,0,10452,13571,1716,6051,1008,148,3244,4444,8887,101,60315,41981,19958,28165,17515,22698,21634,44110,48133,50191,120591,2985,12256,14543,16407,30469,13090,33374,67024,55683,11367,14444,0,61166,15898,2724,173,441,73,0,2636,0,0,130733,1010,2424,1633,8891,1733,0,0,0,18639,0,0,0,0,4700,22641,5677,83501,0,26982,4208,9005,15493,7363,5390,4389,34049,5392,1568,3171,48734,126000,42762,26905
"Dussumieria","genus",NA,NA,"Dussumieria","Dussumieria","Dussumieriidae",396,673,520,0,0,0,0,0,0,0,0,0,0,0,0,0,0,0,0,0,0,0,0,0,0,0,0,0,0,0,0,0,0,0,0,0,0,0,0,0,0,0,0,0,0,0,0,0,0,0,0,0,0,0,0,0,0,0,0,0,0,0,0,0,0,0,0,0,0,0,0,0,0,0,0,0,0,0,0,0,0,0,0,0,0,0,0,0,0,0,0,0,0,0,0,0,0,0,0,0,0,0,0,0,0,0,0,0,0,0,0,0,0,0,0,0,0,0,0,0,0,0,0,0,0,0,0,0,0,0,0,0,0,0
"Echelus myrus","species","Echelus myrus","Echelus myrus","Echelus","Echelus","Ophichthidae",0,0,0,0,0,0,0,0,0,0,0,0,0,0,0,0,0,0,156,0,0,17,96,0,0,0,0,0,0,0,0,0,0,0,0,0,0,0,0,0,0,0,188740,0,0,0,0,0,0,0,0,0,0,0,0,0,0,0,0,0,0,0,0,0,0,0,0,0,0,0,0,0,0,0,0,0,0,0,0,0,0,0,0,0,0,0,0,0,0,0,0,0,0,0,0,0,0,8751,0,0,0,0,0,0,0,0,0,0,0,0,0,0,0,0,0,0,0,0,0,0,0,0,0,0,0,0,0,0,0,0,0,0,0,0
"Echiichthys vipera","species","Echiichthys vipera","Echiichthys vipera","Echiichthys","Echiichthys","Trachinidae",0,0,0,0,0,0,0,0,0,0,0,0,0,0,0,0,0,0,0,0,0,0,0,0,0,0,0,0,0,0,0,0,0,0,0,0,0,0,0,0,0,0,0,0,0,0,0,0,0,0,0,0,0,0,0,0,0,0,0,0,0,0,0,0,0,0,0,0,0,0,0,0,0,0,0,0,0,0,0,0,0,0,0,0,3,0,0,0,0,0,0,0,0,4,0,0,0,0,0,0,0,0,0,0,0,0,0,0,0,0,0,0,0,0,0,0,0,0,0,0,0,0,0,0,0,0,0,0,0,0,0,0,0,0
"Enchelycore anatina","species","Enchelycore anatina","Enchelycore anatina","Enchelycore","Enchelycore","Muraenidae",0,0,0,0,0,0,0,0,0,287,0,677,0,451,0,0,0,0,0,0,0,0,0,91,0,0,0,0,0,0,0,0,0,0,0,0,0,0,0,0,0,0,0,0,0,0,0,0,3950,0,0,0,0,0,0,0,0,0,0,0,0,0,0,0,0,0,0,0,0,0,0,0,0,0,0,0,0,0,0,0,0,0,0,0,0,0,0,0,0,0,0,0,0,0,0,0,0,0,0,0,0,0,0,0,0,0,0,0,0,0,0,0,0,0,0,0,0,0,0,0,0,0,0,0,0,0,0,0,0,0,0,0,0,0
"Encrasicholina","genus",NA,NA,"Encrasicholina","Encrasicholina","Engraulidae",461,318,0,0,0,0,0,0,0,0,0,0,0,0,0,0,0,0,0,0,0,0,0,0,0,0,0,0,0,0,0,0,0,0,0,0,0,0,0,0,0,0,0,0,0,0,0,0,0,0,0,0,0,0,0,0,0,0,0,0,0,0,0,0,0,0,0,0,0,0,0,0,0,0,0,0,0,0,0,0,0,0,0,0,0,0,0,0,0,0,0,0,0,0,0,0,0,0,0,0,0,0,0,0,0,0,0,0,0,0,0,0,0,0,0,0,0,0,0,0,0,0,0,0,0,0,0,0,0,0,0,0,0,0
"Encrasicholina punctifer","species","Encrasicholina punctifer","Encrasicholina punctifer","Encrasicholina","Encrasicholina","Engraulidae",12591,10941,5293,0,0,0,0,0,0,0,0,0,0,0,0,0,0,0,0,0,0,0,0,0,0,0,0,0,0,0,0,0,0,0,0,0,0,0,0,0,0,0,0,0,0,0,0,0,0,0,0,0,0,0,0,0,0,0,0,0,0,0,0,0,0,0,0,0,0,0,0,0,0,0,0,0,0,0,0,0,0,0,0,0,0,0,0,0,0,0,0,0,0,0,0,0,0,0,0,0,0,0,0,0,0,0,0,0,0,0,0,0,0,0,0,0,0,0,0,0,0,0,0,0,0,0,0,0,0,0,0,0,0,0
"Engraulis","genus",NA,NA,"Engraulis","Engraulis","Engraulidae",35971,14023,13669,497,0,0,17849,3414,1629,1787,17098,827,0,0,0,1673,3840,6008,2532,2482,1745,17960,13018,5208,4654,5409,1532,647,696,204,2317,1537,454,94111,10915,30771,29761,144008,32121,30758,23260,157601,886,3165,6586,5808,0,0,0,1995,18736,0,0,2484,7915,70364,7817,597,11218,3087,1716,2554,29707,5617,18754,745151,892135,919,553,3878,2084,285,354,0,0,3493,0,231,0,820,1853,317,518,24411,1768,0,0,0,3453,0,4603,0,0,974,103287,0,0,26648,883,0,57612,46317,62546,0,9047,10534,0,95701,0,0,0,0,0,0,0,0,534,0,0,6626,1490,0,1862,142,0,0,8696,0,1535,0,54999,45408,0,0
"Engraulis encrasicolus","species","Engraulis encrasicolus","Engraulis encrasicolus","Engraulis","Engraulis","Engraulidae",0,0,0,0,0,0,0,0,0,0,0,0,0,0,0,118,0,0,0,0,117,0,0,241,0,0,0,0,0,0,0,0,57,4048,676,2517,2034,7000,475,3362,872,10090,0,0,0,0,0,0,0,0,0,0,0,239,0,46643,1719,0,1609,253,0,0,1230,0,3594,0,0,380,0,0,0,0,0,0,0,0,0,0,0,0,0,0,0,0,0,0,0,0,0,0,81,0,0,0,1539,0,0,0,0,0,0,962,2562,0,1615,0,0,0,0,0,0,0,0,0,0,0,0,0,0,0,303,0,0,0,0,0,0,0,0,0,0,1642,0,0
"Epinephelus","genus",NA,NA,"Epinephelus","Epinephelus","Serranidae",0,0,0,0,0,0,0,0,0,0,0,0,0,0,0,154,0,0,0,0,0,0,0,0,0,0,0,0,0,0,0,0,0,0,0,0,0,0,0,0,0,0,0,0,0,0,0,282,0,0,0,0,0,0,940,0,0,0,0,0,0,0,0,0,0,0,0,0,0,0,0,0,0,0,0,0,0,36,0,106,0,1265,65,0,0,0,0,0,0,0,0,0,0,35,0,0,0,0,0,0,0,0,0,0,0,0,0,0,0,0,0,0,0,0,0,0,0,0,0,0,0,0,0,0,0,0,0,0,0,0,59,0,0,0
"Epinephelus aeneus","species","Epinephelus aeneus","Epinephelus aeneus","Epinephelus","Epinephelus","Serranidae",0,12,0,0,0,0,0,0,0,0,0,0,0,0,0,0,0,0,0,0,0,70,0,0,0,0,0,0,0,0,0,0,0,0,0,0,0,0,0,0,0,0,0,0,0,0,0,64698,0,0,0,0,0,0,0,0,0,0,0,0,0,0,0,0,0,0,0,0,0,0,0,0,0,0,0,0,0,0,0,0,0,0,0,0,0,0,0,0,0,0,0,0,0,428,0,0,0,0,0,0,0,0,0,0,0,0,0,0,0,0,0,0,0,0,0,0,0,0,0,0,0,0,0,0,0,0,0,0,0,0,0,0,0,0
"Epinephelus costae","species","Epinephelus costae","Epinephelus costae","Epinephelus","Epinephelus","Serranidae",0,0,0,0,0,0,0,0,0,33,0,0,0,157,196,1165,3071,7637,0,0,0,0,0,0,0,0,0,0,0,0,0,0,0,0,0,0,0,99,0,0,0,0,0,0,0,0,0,0,71,0,0,0,0,0,0,0,0,0,0,0,0,0,0,0,0,0,0,0,0,0,0,0,0,0,0,0,0,0,0,0,0,0,0,0,0,0,0,0,0,0,0,0,0,0,0,175,0,0,0,0,0,0,0,0,0,0,0,0,0,0,0,0,0,0,0,0,0,0,0,0,0,0,0,0,0,0,0,0,0,0,0,0,0,0
"Epinephelus marginatus","species","Epinephelus marginatus","Epinephelus marginatus","Epinephelus","Epinephelus","Serranidae",0,0,0,0,0,0,314,0,0,68,0,34,515,128,1186,863,464,0,0,0,0,0,213,149,0,0,0,0,0,0,0,0,0,0,0,0,135,0,122,0,0,0,3147,1866,0,0,0,0,3221,830,4172,0,0,739,14267,0,0,8212,4079,0,0,0,0,0,0,0,0,0,0,0,0,0,0,0,0,2273,0,3260,0,1392,0,2645,4929,0,0,0,0,0,0,0,0,0,2672,3925,0,772,0,4978,81,0,0,1914,0,76,0,0,0,0,0,0,0,0,0,42,0,0,0,1183,0,0,0,0,0,0,0,0,0,204,0,0,13753,4010,0,0
"Equulites klunzingeri","species","Equulites klunzingeri","Equulites klunzingeri","Equulites","Equulites","Leiognathidae",917,1026,156,0,0,0,0,0,0,0,0,0,0,0,0,0,0,0,0,0,0,0,0,0,0,0,0,0,0,0,0,0,0,0,0,0,0,0,0,0,0,0,0,0,0,0,0,0,0,0,0,0,0,0,0,0,0,0,0,0,0,0,0,0,0,0,0,0,0,0,0,0,0,0,0,0,0,0,0,0,0,0,0,0,0,0,0,0,0,0,0,0,0,0,0,0,0,0,0,0,0,0,0,0,0,0,0,0,0,0,0,0,0,0,0,0,0,0,0,0,0,0,0,0,0,0,0,0,0,0,0,0,0,0
"Etrumeus","genus",NA,NA,"Etrumeus","Etrumeus","Dussumieriidae",25830,905,0,0,0,0,462,0,0,0,0,0,0,0,0,0,244,789,0,0,0,0,0,0,0,0,0,0,0,0,0,0,0,0,0,0,0,0,0,0,0,0,0,0,0,0,0,0,0,0,0,0,0,0,0,0,0,0,0,0,0,0,0,0,0,0,0,0,0,0,0,0,0,0,0,0,0,0,0,0,0,0,0,0,0,0,0,0,0,0,0,0,0,0,0,0,0,0,0,0,0,0,0,0,0,0,0,0,0,0,0,0,0,0,0,0,0,0,0,0,0,0,0,0,0,0,0,0,0,0,0,0,0,0
"Euthynnus","genus",NA,NA,"Euthynnus","Euthynnus","Scombridae",0,0,0,0,0,0,0,0,0,0,264,0,0,0,0,348,0,0,0,0,0,0,118,0,209,258,0,0,0,0,0,0,0,0,0,0,341,221,0,223,0,0,441,0,0,0,0,0,0,0,0,0,0,0,0,0,87,0,0,27,0,39,0,0,0,0,0,0,0,0,0,0,0,0,0,0,0,0,0,0,0,0,0,0,0,0,0,0,0,0,0,0,0,0,0,0,0,0,0,0,0,0,0,0,0,0,0,0,0,0,0,0,0,0,0,0,0,0,0,0,0,0,0,0,0,0,0,0,0,0,0,0,0,0
"Euthynnus alletteratus","species","Euthynnus alletteratus","Euthynnus alletteratus","Euthynnus","Euthynnus","Scombridae",12946,11898,2810,21,0,0,337,13194,1957,866,1993,7527,0,0,0,4622,448,0,1450,1270,1045,493,1524,2574,1256,3366,2957,0,218,145,43,0,0,466,498,3042,1286,7194,1566,9403,2686,1570,0,331,74024,0,23824,0,307,0,0,0,0,516,0,0,5139,0,0,0,0,0,5501,1081,1765,0,0,0,0,0,0,0,67,0,0,0,0,0,0,0,0,0,0,0,0,0,0,0,0,0,31,0,0,0,0,0,4925,0,0,0,0,0,0,0,9616,0,0,0,0,0,0,0,0,0,0,0,3663,0,0,0,0,0,0,239,0,0,0,0,0,53,0,0,5550,0
"Exocoetidae","family",NA,NA,NA,NA,"Exocoetidae",0,0,0,203,0,0,128,2200,220,40,1399,0,53,66,38,163,0,0,291,98,0,0,73,13,0,0,0,0,0,0,0,447,0,0,43,127,0,71,70,0,15,0,0,0,0,0,0,0,0,0,0,0,0,0,0,0,0,0,0,0,0,0,0,0,0,63,0,0,0,0,0,0,21,0,0,0,0,0,0,0,1189,1512,225,0,0,0,0,0,0,0,0,0,0,0,0,0,0,0,0,0,0,0,0,0,0,0,0,0,0,0,0,0,4338,0,0,953,0,0,0,0,0,509,0,0,0,0,0,0,0,0,0,0,0,0
"Fistularia","genus",NA,NA,"Fistularia","Fistularia","Fistulariidae",0,0,0,0,0,0,0,0,0,0,0,0,0,0,87,0,0,0,0,0,0,0,0,0,0,0,0,0,0,0,0,0,0,0,0,0,0,0,0,0,0,0,0,0,0,0,0,0,0,0,0,0,0,0,0,0,0,0,0,0,0,0,0,0,0,0,0,0,0,0,0,0,0,0,0,0,0,0,0,0,0,0,0,0,0,0,0,0,0,0,0,0,0,0,0,0,0,0,0,0,0,0,0,0,0,0,0,0,0,0,0,0,0,0,0,0,0,0,0,0,0,0,0,0,0,0,0,0,0,0,0,0,0,0
"Fistularia commersonii","species","Fistularia commersonii","Fistularia commersonii","Fistularia","Fistularia","Fistulariidae",0,0,0,281,12,19,3534,1515,4126,1116,0,0,1077,433,3623,0,0,0,0,0,40,0,0,0,0,0,0,0,0,0,0,0,0,0,0,0,0,0,0,0,0,0,0,0,0,0,0,0,0,0,0,0,0,0,0,0,0,0,0,0,0,0,0,0,0,0,0,0,0,0,0,0,0,0,0,0,0,0,0,0,0,0,0,0,0,0,0,0,0,0,0,0,0,0,0,0,0,0,0,0,0,0,0,0,0,0,0,0,0,0,0,0,0,0,0,0,0,0,0,0,0,0,0,0,0,0,0,0,0,0,0,0,0,0
"Fistularia petimba","species","Fistularia petimba","Fistularia petimba","Fistularia","Fistularia","Fistulariidae",0,4259,0,0,0,0,0,0,0,0,0,0,0,0,0,0,0,0,0,0,0,0,0,0,0,0,0,0,0,0,0,0,0,0,0,0,0,0,0,0,0,0,0,0,0,0,0,0,0,0,0,0,0,0,0,0,0,0,0,0,0,0,0,0,0,0,0,0,0,0,0,0,0,0,0,0,0,0,0,0,0,0,0,0,0,0,0,0,0,0,0,0,0,0,0,0,0,0,0,0,0,0,0,0,0,0,0,0,0,0,0,0,0,0,0,0,0,0,0,0,0,0,0,0,0,0,0,0,0,0,0,0,0,0
"Gadus","genus",NA,NA,"Gadus","Gadus","Gadidae",0,0,0,0,0,0,0,0,0,0,0,0,0,0,0,0,0,0,0,0,0,0,0,0,0,0,0,0,0,0,0,0,0,0,0,0,0,0,0,0,0,0,0,0,0,0,0,0,0,0,0,0,0,0,0,0,0,0,0,0,0,0,0,0,0,30,0,0,0,0,0,0,0,0,0,0,0,0,0,0,0,0,0,0,0,0,0,0,0,0,0,0,0,0,0,0,0,0,0,0,0,0,0,0,0,0,0,0,0,0,0,0,0,0,0,0,0,0,0,0,0,0,0,0,0,275,0,0,0,0,0,0,0,0
"Gaidropsarus mediterraneus","species","Gaidropsarus mediterraneus","Gaidropsarus mediterraneus","Gaidropsarus","Gaidropsarus","Gaidropsaridae",0,0,0,0,0,0,0,0,0,0,0,0,0,0,0,0,0,0,0,0,0,0,0,0,0,0,0,0,0,0,0,0,0,0,0,0,0,0,0,0,0,0,0,0,0,0,0,0,0,0,0,0,0,0,0,0,0,0,0,0,0,0,0,0,0,0,0,0,11,0,0,0,0,0,0,0,0,0,0,0,0,0,0,0,0,182,82,0,0,0,0,0,0,0,0,0,0,0,0,0,0,0,0,0,0,0,0,0,0,0,0,0,0,0,0,0,0,0,0,0,0,9,0,0,0,0,0,0,0,0,0,0,0,0
"Gammogobius steinitzi","species","Gammogobius steinitzi","Gammogobius steinitzi","Gammogobius","Gammogobius","Gobiidae",0,0,0,0,0,0,0,0,0,0,0,0,0,0,0,0,0,0,0,0,0,0,0,0,0,0,0,0,0,0,0,0,0,0,0,0,0,0,0,0,0,0,0,0,0,0,0,0,0,0,0,0,0,0,0,0,0,0,0,0,0,0,0,0,0,436,0,0,0,0,0,0,0,0,0,0,0,0,0,0,0,0,0,0,0,0,0,0,0,0,0,0,0,0,0,0,0,0,0,0,0,0,0,0,0,0,0,0,0,0,0,0,0,0,0,0,0,0,0,0,0,0,0,0,0,0,0,0,0,0,0,0,0,0
"Glaucostegus cemiculus","species","Glaucostegus cemiculus","Glaucostegus cemiculus","Glaucostegus","Glaucostegus","Glaucostegidae",139,0,80,0,0,0,0,0,0,0,0,0,0,0,0,0,0,0,0,0,0,0,0,0,0,0,0,0,0,0,0,0,0,0,0,0,0,0,0,0,0,0,0,0,0,0,0,0,0,0,0,0,0,0,0,0,0,0,0,0,0,0,0,0,0,0,0,0,0,0,0,0,0,0,0,0,0,0,0,0,0,0,0,0,0,0,0,0,0,0,0,0,0,0,0,0,0,0,0,0,0,0,0,0,0,0,0,0,0,0,0,0,0,0,0,0,0,0,0,0,0,0,0,0,0,0,0,0,0,0,0,0,0,0
"Gobius","genus",NA,NA,"Gobius","Gobius","Gobiidae",0,0,0,0,0,0,0,0,985,0,0,0,0,0,0,0,0,0,0,0,0,0,0,241,0,44,0,0,0,0,0,266,0,0,0,0,0,0,0,0,0,0,415,488,39532,18,18,0,0,1774,46,25,0,8,951,0,36,0,172,0,0,0,13,0,0,0,12,2071,95,0,0,131,147,0,0,0,29,14,0,0,0,57,644,0,1815,28,121,2012,0,0,0,0,0,150,0,0,0,415,399,0,0,0,0,6,242,0,0,0,0,0,0,0,0,0,3013,2515,446,4545,0,838,60,33,53,3912,0,0,0,7847,11,277,0,0,30,0
"Gobius bucchichi","species","Gobius bucchichi","Gobius bucchichi","Gobius","Gobius","Gobiidae",0,0,0,0,0,0,0,0,0,0,0,35,0,0,0,0,0,0,0,0,0,0,0,0,0,0,0,0,0,0,0,0,0,0,100,0,0,0,0,32,0,0,251,0,0,0,0,0,0,0,8539,0,0,1457,0,0,0,5339,1134,18,0,22,0,0,0,15,0,3301,382,0,209,215,2639,0,0,221,0,4,0,0,0,0,16,0,0,1273,126,0,0,0,0,28,0,0,0,0,0,0,0,0,0,0,0,0,0,0,0,0,0,0,0,0,0,0,0,53,0,0,0,0,0,0,180,1372,1859,666,0,0,0,0,0,0,0,0
"Gobius cobitis","species","Gobius cobitis","Gobius cobitis","Gobius","Gobius","Gobiidae",0,0,0,0,0,0,0,0,0,0,0,0,0,0,0,0,0,0,0,0,0,0,0,0,0,0,0,0,0,0,0,0,0,0,0,0,0,0,0,0,0,0,0,0,0,0,0,0,0,0,0,0,0,0,0,0,0,0,0,0,0,0,0,0,0,0,0,0,0,0,0,0,0,0,0,0,0,0,0,0,0,0,0,0,0,0,0,0,0,0,0,0,0,0,0,0,0,0,0,0,0,0,0,0,0,0,0,0,0,0,0,0,0,0,0,0,0,0,0,0,0,0,0,0,0,3,0,0,0,0,0,0,0,0
"Gobius cruentatus","species","Gobius cruentatus","Gobius cruentatus","Gobius","Gobius","Gobiidae",0,0,0,0,0,0,0,0,0,0,0,0,0,0,0,0,0,0,0,0,0,0,0,0,0,0,0,0,0,0,0,0,0,0,0,0,0,0,0,0,0,0,10522,0,0,0,0,0,0,0,0,0,0,0,0,0,0,0,0,0,0,0,0,0,0,140,0,0,0,0,0,0,0,0,0,0,0,0,0,0,0,0,0,0,0,0,0,0,0,0,0,0,0,0,0,0,0,0,2417,0,0,0,8551,0,0,0,0,0,0,0,0,0,0,0,844,0,0,1799,0,0,969,0,0,0,0,0,0,2580,0,0,0,0,0,0
"Gobius geniporus","species","Gobius geniporus","Gobius geniporus","Gobius","Gobius","Gobiidae",0,0,0,0,0,0,0,0,0,0,0,0,0,0,0,0,0,0,0,0,0,0,0,0,0,0,0,0,0,0,0,0,0,0,0,0,0,0,0,0,0,0,0,0,4980,0,0,0,0,0,0,0,0,0,0,0,0,0,999,0,0,0,0,0,0,0,0,0,0,0,0,0,0,0,0,0,0,0,0,0,0,0,0,0,0,0,0,0,0,0,0,0,1537,0,0,0,0,45,0,0,0,0,0,0,0,0,0,0,0,0,0,0,0,0,550,0,1537,553,0,0,12,0,0,0,0,0,0,0,0,0,0,0,0,0
"Gobius niger","species","Gobius niger","Gobius niger","Gobius","Gobius","Gobiidae",0,0,0,0,0,0,0,0,0,0,0,0,0,0,0,0,0,0,0,0,196,0,0,0,0,0,0,0,0,0,0,0,0,230,423,0,39,0,0,0,296,0,0,0,0,0,0,0,0,0,0,0,0,0,0,0,0,0,0,0,0,0,0,0,0,0,0,0,0,0,0,0,0,0,0,0,0,0,0,0,0,0,0,0,0,0,0,0,0,0,0,0,0,1958,0,0,0,0,0,0,0,0,0,0,0,0,0,0,0,0,0,0,2246,0,0,0,0,0,0,0,0,0,0,92266,3019,0,0,0,0,0,0,795,14707,0
"Gobius paganellus","species","Gobius paganellus","Gobius paganellus","Gobius","Gobius","Gobiidae",0,0,0,0,0,0,0,0,0,0,0,0,0,0,0,0,0,0,0,0,0,0,0,0,0,0,0,0,0,0,0,0,0,0,0,0,0,0,0,0,0,0,0,0,0,0,0,0,0,0,0,0,0,0,0,0,0,0,0,0,0,0,0,0,0,0,0,0,0,0,0,0,0,0,0,0,0,0,0,0,0,0,1078,0,0,0,0,0,0,0,0,0,0,0,0,0,0,0,0,0,0,0,0,0,0,0,0,0,0,0,0,0,0,0,0,0,0,0,0,0,0,0,0,0,0,0,0,0,0,0,0,0,0,0
"Gobius xanthocephalus","species","Gobius xanthocephalus","Gobius xanthocephalus","Gobius","Gobius","Gobiidae",0,0,0,0,28,0,0,0,0,187,0,21,0,0,0,0,0,0,0,0,11,0,0,15,0,0,0,0,0,0,0,0,0,0,0,0,15,0,0,0,0,0,221,989,0,0,336,0,0,329,3614,0,0,0,0,0,0,0,0,0,0,27,0,0,0,0,0,0,0,0,121,0,0,0,0,0,0,0,0,0,0,0,0,0,0,0,0,0,0,0,0,0,0,398,0,129,0,253,1108,0,0,0,0,145,0,0,0,0,0,0,0,0,0,0,0,2003,12763,1372,0,0,0,62,0,0,0,0,0,154,0,0,0,0,0,0
"Gymnammodytes","genus",NA,NA,"Gymnammodytes","Gymnammodytes","Ammodytidae",0,0,0,0,0,0,0,0,0,0,0,0,0,0,0,0,0,0,0,0,0,0,0,0,0,0,0,0,0,0,0,0,0,0,0,0,0,0,0,0,0,0,0,0,0,0,0,0,0,0,0,0,0,0,0,0,0,0,0,0,0,0,0,0,0,0,0,0,0,0,0,0,0,0,0,0,0,0,0,0,0,0,0,0,72,95,0,0,0,0,0,0,49190,32659,0,21241,10927,1063,15895,0,0,0,507,0,0,0,0,0,26762,3103,0,0,4392,32449,33847,44,0,91,0,0,431,0,0,0,0,592,0,20008,0,19046,0,0,0,0
"Gymnammodytes cicerelus","species","Gymnammodytes cicerelus","Gymnammodytes cicerelus","Gymnammodytes","Gymnammodytes","Ammodytidae",0,0,0,0,0,0,0,0,0,0,0,0,0,0,0,0,0,0,0,0,0,0,0,0,0,0,0,0,0,0,0,0,0,0,0,0,0,0,0,0,0,0,0,0,0,0,0,0,0,0,0,0,0,0,0,0,0,0,0,0,0,0,0,0,0,0,0,0,0,0,632,0,0,0,0,0,0,0,0,0,0,0,0,0,807,9929,5420,4585,0,0,0,0,602697,607229,0,565520,24461,252585,353863,0,0,0,78874,0,0,0,0,0,286243,174049,0,0,191931,1422241,373820,9077,1311,0,0,0,6980,5611,0,0,2942,800,36,298540,0,343216,0,1065,0,0
"Gymnammodytes semisquamatus","species","Gymnammodytes semisquamatus","Gymnammodytes semisquamatus","Gymnammodytes","Gymnammodytes","Ammodytidae",0,0,0,0,0,0,0,0,0,0,0,0,0,0,0,0,0,0,0,0,0,0,0,0,0,0,0,0,0,0,0,0,0,0,0,0,0,0,0,0,0,0,0,0,0,0,0,0,0,1283,0,0,0,0,0,0,0,0,0,0,0,0,0,0,0,0,0,0,0,0,0,0,0,0,0,0,0,0,0,0,0,0,0,0,0,0,0,0,0,0,0,0,0,0,0,0,0,0,0,0,0,16922,3164,0,0,0,0,0,0,0,0,0,0,2573,2962,0,0,0,0,0,153,0,0,0,3061,0,0,3192,0,5820,0,0,0,0
"Hemiramphus far","species","Hemiramphus far","Hemiramphus far","Hemiramphus","Hemiramphus","Hemiramphidae",0,0,1400,0,0,28,0,0,0,0,0,0,0,0,0,0,0,0,0,0,0,0,0,0,0,0,0,0,0,0,0,0,0,0,0,0,0,0,0,0,0,0,0,0,0,0,0,0,0,0,0,0,0,0,0,0,0,0,0,0,0,0,0,0,0,0,0,0,0,0,0,0,0,0,0,0,0,0,0,0,0,0,0,0,0,0,0,0,0,0,0,0,0,0,0,0,0,0,0,0,0,0,0,0,0,0,0,0,0,0,0,0,0,0,0,0,0,0,0,0,0,0,0,0,0,0,0,0,0,0,0,0,0,0
"Herklotsichthys punctatus","species","Herklotsichthys punctatus","Herklotsichthys punctatus","Herklotsichthys","Herklotsichthys","Clupeidae",1093,0,1253,0,0,0,0,0,0,0,0,0,0,0,0,0,0,0,0,0,0,0,0,0,0,0,0,0,0,0,0,0,0,0,0,0,0,0,0,0,0,0,0,0,0,0,0,0,0,0,0,0,0,0,0,0,0,0,0,0,0,0,0,0,0,0,0,0,0,0,0,0,0,0,0,0,0,0,0,0,0,0,0,0,0,0,0,0,0,0,0,0,0,0,0,0,0,0,0,0,0,0,0,0,0,0,0,0,0,0,0,0,0,0,0,0,0,0,0,0,0,0,0,0,0,0,0,0,0,0,0,0,0,0
"Hexanchus griseus","species","Hexanchus griseus","Hexanchus griseus","Hexanchus","Hexanchus","Hexanchidae",0,0,0,0,0,0,0,0,0,0,0,0,0,0,0,0,0,0,0,0,0,0,0,0,0,0,0,0,38,0,0,0,0,0,0,0,0,0,0,0,0,0,0,0,0,0,0,0,0,0,0,0,0,0,0,0,0,0,0,0,0,0,0,0,0,0,0,0,0,0,0,0,0,0,0,0,0,0,0,0,0,0,0,0,0,0,0,0,0,0,0,0,0,0,0,0,0,0,0,0,0,0,0,0,0,0,0,0,0,0,0,0,0,0,0,0,0,0,0,0,0,0,0,0,0,0,0,0,0,0,0,0,0,0
"Himantura uarnak","species","Himantura uarnak","Himantura uarnak","Himantura","Himantura","Dasyatidae",0,0,2750,0,0,0,0,0,0,0,0,0,0,0,0,0,0,0,0,0,0,0,0,0,0,0,0,0,0,0,0,0,0,0,0,0,0,0,0,0,0,0,0,0,0,0,0,0,0,0,0,0,0,0,0,0,0,0,0,0,0,0,0,0,0,0,0,0,0,0,0,0,0,0,0,0,0,0,0,0,0,0,0,0,0,0,0,0,0,0,0,0,0,0,0,0,0,0,0,0,0,0,0,0,0,0,0,0,0,0,0,0,0,0,0,0,0,0,0,0,0,0,0,0,0,0,0,0,0,0,0,0,0,0
"Hippocampus guttulatus","species","Hippocampus guttulatus","Hippocampus guttulatus","Hippocampus","Hippocampus","Syngnathidae",0,0,0,0,18,0,0,0,0,0,0,0,0,0,0,0,0,0,0,0,0,0,0,0,0,0,0,0,0,0,0,0,0,114,0,19,0,0,0,0,179,0,0,0,0,0,0,0,0,0,0,0,0,0,0,0,0,0,0,0,0,0,0,0,0,0,0,0,0,0,0,0,0,0,0,0,0,405,0,0,0,0,0,0,0,0,0,0,0,0,0,0,0,0,0,0,0,0,0,0,0,0,0,0,0,0,0,0,0,0,0,0,0,0,0,0,0,0,0,0,0,0,0,0,0,0,0,0,0,0,0,0,0,0
"Jaydia smithi","species","Jaydia smithi","Jaydia smithi","Jaydia","Jaydia","Apogonidae",1407,0,2333,0,0,0,0,0,0,0,0,0,0,0,0,0,0,0,0,0,0,0,0,0,0,0,0,0,0,0,0,0,0,0,0,0,0,0,0,0,0,0,0,0,0,0,0,0,0,0,0,0,0,0,0,0,0,0,0,0,0,0,0,0,0,0,0,0,0,0,0,0,0,0,0,0,0,0,0,0,0,0,0,0,0,0,0,0,0,0,0,0,0,0,0,0,0,0,0,0,0,0,0,0,0,0,0,0,0,0,0,0,0,0,0,0,0,0,0,0,0,0,0,0,0,0,0,0,0,0,0,0,0,0
"Katsuwonus pelamis","species","Katsuwonus pelamis","Katsuwonus pelamis","Katsuwonus","Katsuwonus","Scombridae",0,0,0,0,0,0,1665,0,154,83,1208,0,103,0,0,0,0,0,0,0,0,0,0,0,0,0,0,0,0,0,0,0,0,0,0,0,0,0,0,0,0,0,0,0,0,0,0,0,0,0,0,0,0,0,0,0,0,0,0,0,0,0,0,0,0,0,0,0,0,0,0,0,0,0,0,0,0,0,0,0,0,0,0,0,0,0,0,0,0,0,0,0,0,0,0,0,0,0,0,0,0,0,0,0,0,0,0,0,0,0,0,0,0,0,0,0,0,0,0,0,0,0,0,0,0,0,0,0,0,0,0,0,0,0
"Labridae","family",NA,NA,NA,NA,"Labridae",0,0,0,0,0,0,0,0,0,0,0,0,0,0,0,0,0,0,0,0,0,0,0,0,0,0,0,0,0,0,0,0,0,0,0,0,0,0,0,0,0,0,0,0,0,0,0,0,0,0,0,0,0,0,0,0,0,0,0,0,21,0,0,0,0,0,16,1174,0,164,0,0,8,0,0,0,0,0,0,0,0,0,0,0,0,0,0,0,0,0,0,0,0,904,0,0,0,0,0,0,0,0,0,0,0,0,0,0,0,0,0,0,0,16,0,0,0,452,0,0,0,0,0,0,0,0,0,0,0,0,0,0,0,0
"Labrus","genus",NA,NA,"Labrus","Labrus","Labridae",0,0,0,0,0,0,30,0,0,0,0,0,0,0,0,20,0,0,0,193,161,58,0,0,0,0,0,0,0,0,0,0,0,0,0,0,0,0,0,0,0,0,797,1384,0,0,505,0,0,0,14442,0,0,0,0,0,0,0,0,0,28,0,0,0,0,896,662,10707,9687,756,2927,2331,1391,0,0,0,0,500,0,0,0,0,2063,0,0,6285,0,2297,1757,0,0,0,38,319,0,0,41677,174,0,0,5811,0,0,838,10207,0,0,0,0,0,0,113728,0,0,1397,10076,11408,19659,0,0,1354,4374,4269,0,2620,229,0,1812,0,126,0,0,24146,0
"Labrus bimaculatus","species","Labrus bimaculatus","Cichlasoma bimaculatum","Labrus","Cichlasoma","Labridae",0,0,0,0,0,0,0,0,0,0,0,0,0,0,0,0,0,0,0,0,0,0,0,0,0,0,0,0,0,0,0,0,0,0,0,0,0,0,0,0,0,0,0,0,0,0,0,0,0,0,0,0,0,0,0,0,0,0,0,0,0,0,0,0,0,0,0,0,0,0,0,0,0,0,0,0,0,0,0,0,0,0,0,0,0,0,0,0,0,0,0,0,0,0,0,0,0,0,0,0,0,0,0,0,0,0,0,0,0,0,0,0,0,0,0,0,0,0,0,0,6,0,0,0,0,0,0,0,0,0,0,0,0,0
"Lagocephalus","genus",NA,NA,"Lagocephalus","Lagocephalus","Tetraodontidae",73,0,690,0,0,0,0,0,0,0,0,0,0,0,0,0,0,0,0,0,0,0,0,0,0,0,0,0,0,0,0,0,0,0,0,0,0,0,0,0,0,0,0,0,0,0,0,0,0,0,0,0,0,0,0,0,0,0,0,0,0,0,0,0,0,0,0,0,0,0,0,0,0,0,0,0,0,0,0,0,0,0,0,0,0,0,0,0,0,0,0,0,0,0,0,0,0,0,0,0,0,0,0,0,0,0,0,0,0,0,0,0,0,0,0,0,0,0,0,0,0,0,0,0,0,0,0,0,0,0,0,0,0,0
"Lagocephalus sceleratus","species","Lagocephalus sceleratus","Lagocephalus sceleratus","Lagocephalus","Lagocephalus","Tetraodontidae",0,0,1181,195,109,0,0,0,658,261,0,3204,46,0,530,0,0,0,0,0,0,0,0,0,0,0,0,0,0,0,0,0,0,0,0,0,0,0,0,0,0,0,0,0,0,0,0,0,0,0,0,0,0,0,0,0,0,0,0,0,0,0,0,0,0,0,0,0,0,0,0,0,0,0,0,0,0,0,0,0,0,0,0,0,0,0,0,0,0,0,0,0,0,0,0,0,0,0,0,0,0,0,0,0,0,0,0,0,0,0,0,0,0,0,0,0,0,0,0,0,0,0,0,0,0,0,0,0,0,0,0,0,0,0
"Lagocephalus suezensis","species","Lagocephalus suezensis","Lagocephalus suezensis","Lagocephalus","Lagocephalus","Tetraodontidae",242,5850,2548,181,149,0,0,0,0,0,0,0,0,0,0,0,0,0,0,0,0,0,0,0,0,0,0,0,0,0,0,0,0,0,0,0,0,0,0,0,0,0,0,0,0,0,0,0,0,0,0,0,0,0,0,0,0,0,0,0,0,0,0,0,0,0,0,0,0,0,0,0,0,0,0,0,0,0,0,0,0,0,0,0,0,0,0,0,0,0,0,0,0,0,0,0,0,0,0,0,0,0,0,0,0,0,0,0,0,0,0,0,0,0,0,0,0,0,0,0,0,0,0,0,0,0,0,0,0,0,0,0,0,0
"Lampanyctus","genus",NA,NA,"Lampanyctus","Lampanyctus","Myctophidae",0,0,0,0,0,0,0,0,0,0,0,0,0,0,0,0,0,0,0,0,0,0,0,0,0,0,0,191,53,0,0,0,0,0,0,0,0,0,0,0,0,0,0,0,0,0,0,0,0,0,0,0,0,0,0,0,0,0,0,0,0,0,0,0,0,0,0,0,0,0,0,0,216,0,0,0,0,0,0,0,0,0,0,0,0,0,0,0,0,0,0,0,0,0,0,0,0,0,0,0,0,0,0,0,0,0,0,0,26,0,0,0,5523,0,499,0,0,0,0,0,0,61,0,0,1694,11,0,73,0,130,0,137,0,0
"Lampanyctus pusillus","species","Lampanyctus pusillus","Lampanyctus pusillus","Lampanyctus","Lampanyctus","Myctophidae",0,0,0,0,0,0,0,0,0,0,0,0,0,0,0,0,0,0,0,0,0,0,0,0,0,0,0,0,0,0,0,0,0,0,0,0,0,0,0,0,0,0,0,0,0,0,0,0,0,0,0,0,0,0,0,0,0,0,0,0,0,0,0,0,0,0,0,0,0,0,0,0,0,0,0,0,0,0,0,0,0,0,0,0,0,0,0,0,0,0,0,0,0,0,0,0,0,0,0,0,0,0,0,0,0,0,0,0,0,0,0,0,0,0,0,0,0,0,0,0,0,0,0,0,0,262,0,0,0,0,0,0,0,0
"Lebetus","genus",NA,NA,"Lebetus","Lebetus","Gobiidae",0,0,0,0,0,0,0,0,0,0,0,0,0,0,0,0,0,0,0,0,0,0,0,0,0,0,0,0,0,0,0,0,0,0,0,0,0,0,0,0,0,0,0,0,55476,0,0,0,0,0,0,0,0,0,0,0,0,0,0,0,0,0,0,0,0,0,0,0,0,0,0,0,0,0,0,0,0,0,0,0,0,0,0,0,0,0,0,0,0,0,0,0,0,0,0,0,0,0,0,0,0,0,0,0,0,0,0,0,0,0,0,0,0,3,0,0,0,0,0,0,0,0,0,0,0,0,0,0,0,0,0,0,0,0
"Lebetus guilleti","species","Lebetus guilleti","Lebetus guilleti","Lebetus","Lebetus","Gobiidae",0,0,0,0,0,0,0,0,0,0,0,0,0,0,0,0,0,0,0,0,0,0,0,0,0,0,0,0,43,0,0,0,0,0,0,0,102,0,0,0,0,0,0,0,0,8880,0,0,0,0,0,0,0,0,0,0,0,0,0,0,0,0,0,0,0,0,0,0,0,0,0,0,0,0,0,0,0,0,0,0,0,0,0,0,0,0,0,0,0,0,0,0,0,182,0,0,0,0,0,0,0,0,896,0,0,0,0,0,0,0,0,0,0,4,0,0,0,0,0,0,160,0,0,0,0,0,0,0,0,0,0,0,0,0
"Lepadogaster","genus",NA,NA,"Lepadogaster","Lepadogaster","Gobiesocidae",0,0,0,0,0,0,0,0,0,0,0,0,120,19,59,75,0,0,0,0,0,0,0,0,11,0,0,0,0,0,0,0,0,11,18,0,0,0,0,0,0,0,0,0,0,0,0,0,0,0,594,0,0,0,0,0,0,36,0,0,0,0,0,0,0,0,0,1804,0,0,0,0,63,0,0,632,0,0,0,0,0,0,0,0,845,0,130,0,0,0,0,0,0,0,0,0,0,0,0,0,0,0,0,0,0,0,0,0,0,0,0,0,0,0,0,0,0,0,0,0,0,0,0,0,78,69,0,0,0,0,0,0,0,0
"Lepadogaster candolii","species","Lepadogaster candolii","Lepadogaster candolii","Lepadogaster","Lepadogaster","Gobiesocidae",0,0,0,0,0,0,0,0,0,0,0,0,0,0,0,0,0,0,0,0,0,0,0,0,0,0,0,0,0,0,0,0,0,0,0,0,0,0,0,0,0,0,43,0,0,0,0,0,0,0,0,0,0,0,0,0,0,2396,0,0,0,0,0,0,0,0,0,697,2730,0,670,0,1267,8339,0,0,0,124,0,0,0,0,0,0,0,177,37,372,0,5670,12,0,0,0,0,0,0,0,0,0,0,0,474,0,0,0,0,0,0,14814,0,0,0,0,0,0,0,0,0,0,96,0,0,0,169,69,0,0,0,0,0,0,0,0
"Lepadogaster lepadogaster","species","Lepadogaster lepadogaster","Lepadogaster lepadogaster","Lepadogaster","Lepadogaster","Gobiesocidae",0,0,0,0,0,0,0,0,0,0,0,0,0,0,150,0,0,102,0,0,0,0,0,0,0,0,0,0,0,0,0,0,0,0,0,0,0,0,0,0,0,0,0,0,0,0,0,0,0,0,0,0,0,0,0,0,0,0,0,11,0,0,0,0,0,0,0,158,4610,756,5985,1841,1339,0,0,0,0,0,0,0,0,0,160,0,0,1039,732,886,414,0,0,0,0,0,0,0,0,0,0,0,0,0,0,0,0,0,0,0,0,0,0,0,0,0,0,5750,0,0,0,0,0,0,1710,0,2724,189,0,0,0,0,0,0,0,0
"Lepidopus caudatus","species","Lepidopus caudatus","Lepidopus caudatus","Lepidopus","Lepidopus","Trichiuridae",0,0,0,0,0,0,0,0,0,0,0,0,0,0,0,0,0,0,0,0,0,0,0,0,0,0,0,0,0,0,0,0,0,0,0,0,0,0,0,0,0,0,0,0,0,0,0,0,0,0,0,0,0,0,0,0,0,0,0,0,0,0,0,0,0,0,0,0,0,0,0,0,0,0,0,0,0,0,0,0,0,0,0,0,0,0,0,0,0,0,0,0,0,0,0,0,0,0,0,0,0,0,0,0,0,0,0,0,0,0,0,0,0,0,0,0,0,0,0,0,79,0,0,0,0,0,0,0,0,0,0,0,0,0
"Lepidotrigla","genus",NA,NA,"Lepidotrigla","Lepidotrigla","Triglidae",0,0,0,0,0,0,0,0,0,0,0,0,0,0,0,0,0,0,0,0,0,0,140,0,0,0,0,0,0,0,0,0,0,0,0,0,0,0,0,0,0,0,0,0,0,0,0,0,0,0,0,0,0,0,0,0,0,0,0,0,0,0,0,0,0,0,0,0,0,827,0,0,0,0,0,0,0,0,0,0,0,0,0,0,0,0,0,0,0,0,0,0,2180,603,0,7631,0,6968,0,0,0,32580,3028,0,0,0,0,0,0,0,0,0,0,0,0,0,0,69,0,0,746,0,0,0,0,0,0,47,0,0,0,0,0,0
"Lesueurigobius","genus",NA,NA,"Lesueurigobius","Lesueurigobius","Gobiidae",0,0,0,0,57,0,0,0,0,0,0,0,0,0,0,0,0,433,0,0,0,0,0,0,0,0,0,0,0,0,0,0,0,0,0,0,0,0,0,0,0,0,0,0,0,0,0,0,0,0,0,0,0,0,0,0,0,0,0,0,0,0,0,0,0,0,0,0,0,0,0,0,0,0,0,0,0,0,0,0,0,0,0,0,0,0,0,0,0,0,0,0,0,0,0,0,0,0,0,0,0,1657,0,0,0,0,0,0,0,0,0,0,0,0,0,0,0,0,0,0,0,0,0,0,0,0,0,0,0,0,0,0,0,0
"Lesueurigobius sanzi","species","Lesueurigobius sanzi","Lesueurigobius sanzi","Lesueurigobius","Lesueurigobius","Gobiidae",0,0,0,0,0,0,0,0,0,0,0,0,0,0,0,0,0,0,0,0,0,0,0,0,0,0,0,98,0,0,0,0,0,0,0,0,0,0,0,0,0,0,0,0,0,0,0,0,0,0,0,0,0,0,0,0,0,0,0,0,0,0,0,0,0,0,0,0,0,0,0,0,0,0,0,0,0,0,0,0,0,0,0,0,0,0,0,0,0,0,0,0,0,0,0,0,0,0,0,0,0,0,0,0,0,0,0,0,0,0,0,0,0,0,0,0,0,0,0,0,0,0,0,0,0,0,0,0,0,0,0,0,0,0
"Lesueurigobius suerii","species","Lesueurigobius suerii","Lesueurigobius suerii","Lesueurigobius","Lesueurigobius","Gobiidae",0,0,0,61,86,0,0,0,0,0,587,0,0,0,0,0,0,0,0,0,0,0,0,0,0,0,0,0,0,0,0,0,0,0,0,0,0,0,0,0,0,0,0,0,0,0,0,0,0,0,31,90,0,578,0,0,343,0,0,21,0,0,0,0,0,0,0,0,0,0,0,0,0,0,0,0,0,0,0,0,0,0,0,0,0,0,0,0,0,0,0,0,0,0,0,0,0,953,0,0,0,6610,297,0,0,0,0,0,0,0,0,0,0,0,0,0,0,0,0,0,0,0,0,0,0,0,0,0,0,0,0,0,0,0
"Lipophrys","genus",NA,NA,"Lipophrys","Lipophrys","Blenniidae",0,0,0,0,0,0,0,0,0,0,0,0,0,0,0,0,0,0,0,0,0,0,0,0,0,0,0,0,0,0,0,0,0,0,0,0,0,0,0,0,0,0,0,529,0,0,0,0,0,0,0,0,0,684,0,0,0,0,0,0,0,0,0,0,0,0,0,0,0,199,855,882,0,0,0,0,35,0,0,0,0,0,0,0,0,0,0,0,0,0,18,0,0,0,0,0,0,0,0,0,0,0,0,0,0,0,0,0,0,0,0,2915,0,0,0,0,0,0,0,0,0,0,0,0,0,0,98,0,0,0,0,0,0,0
"Lipophrys trigloides","species","Lipophrys trigloides","Lipophrys trigloides","Lipophrys","Lipophrys","Blenniidae",0,0,0,0,0,0,0,0,0,0,0,0,0,0,149,75,0,0,0,0,0,0,0,650,0,0,0,0,22,0,24,0,0,0,321,167,33,31,0,0,0,0,578,10320,0,0,0,0,161,0,47,0,2460,21483,1711,22541,0,3713,15446,14,30,0,416,113,0,360,36,4972,3068,8899,16862,7376,6124,0,0,0,628,5239,0,625,0,1254,2823,0,0,2771,4812,0,0,0,3291,1263,0,0,0,0,0,0,0,0,0,0,0,0,0,0,0,0,0,0,0,92725,1292,0,0,2252,0,0,0,0,0,0,1793,0,3084,200,32133,0,0,0,0,1510,0,0
"Lithognathus","genus",NA,NA,"Lithognathus","Lithognathus","Sparidae",0,0,0,0,0,0,0,1193,0,0,0,0,0,0,0,0,0,0,0,0,0,0,0,0,0,0,0,0,0,0,0,0,0,165,0,0,0,0,0,0,0,0,0,0,0,0,62,0,0,0,0,0,0,0,0,0,0,0,0,0,0,0,0,0,0,0,0,0,0,0,0,0,0,0,0,0,0,0,0,0,0,0,74,0,0,0,0,0,0,0,0,0,0,0,0,0,0,0,0,0,0,0,0,0,460,0,0,0,0,0,0,0,0,0,0,105,232,0,0,293,0,114,3800,3776,0,0,0,0,0,0,0,0,0,82
"Lithognathus mormyrus","species","Lithognathus mormyrus","Lithognathus mormyrus","Lithognathus","Lithognathus","Sparidae",0,1532,5147,307,310,0,0,723,547,1064,0,84,114,0,0,0,0,0,0,328,319,175,228,125,549,23,0,0,1411,1822,0,108,0,4288,2532,673,4789,759,774,0,0,0,0,0,0,0,1659,0,0,0,0,0,0,0,0,0,0,0,0,0,0,0,87,0,0,0,0,0,0,0,0,1051,345,2060,0,0,0,65,0,0,0,666,2148,0,0,2510,889,0,0,0,470,0,0,0,0,0,0,0,0,0,0,0,0,155,51512,2013,0,0,0,0,0,0,0,0,0,49975,47580,61,0,22583,78,13387,64433,95083,4680,1234,0,1684,0,0,1585,0,21050,4088
"Lobianchia dofleini","species","Lobianchia dofleini","Lobianchia dofleini","Lobianchia","Lobianchia","Myctophidae",0,0,0,0,0,0,0,0,0,0,0,0,0,0,0,0,0,0,0,0,0,0,0,0,736,818,1191,52,181,38,156,245,45,0,0,0,0,0,0,0,0,0,125,0,0,0,0,0,0,0,0,0,0,0,0,0,0,0,0,0,0,0,0,0,0,0,0,0,0,0,0,0,0,0,0,0,0,0,0,0,0,0,0,0,0,0,0,0,0,0,0,0,0,0,0,0,0,0,0,0,0,0,0,0,0,0,0,0,0,0,0,0,0,0,0,0,0,0,0,0,0,0,0,0,0,0,0,0,0,0,0,0,0,0
"Lophius budegassa","species","Lophius budegassa","Lophius budegassa","Lophius","Lophius","Lophiidae",0,0,0,0,0,0,0,0,0,0,0,0,0,0,0,0,0,0,0,0,0,0,0,0,0,0,0,0,0,0,0,0,0,0,0,0,0,0,0,0,0,0,0,0,0,0,0,0,0,0,0,0,0,0,0,0,0,0,0,0,0,0,0,0,0,0,0,0,0,0,0,0,0,0,0,0,0,0,0,0,0,0,0,0,0,2097,0,0,0,0,0,0,0,0,0,0,0,0,0,0,0,0,0,0,0,0,0,0,0,0,0,0,0,0,0,0,0,0,0,0,0,0,0,0,0,0,0,0,0,0,0,0,0,0
"Lophius piscatorius","species","Lophius piscatorius","Lophius piscatorius","Lophius","Lophius","Lophiidae",0,0,0,0,0,0,0,0,0,0,0,0,0,0,0,0,0,0,0,0,0,0,0,0,0,0,0,0,0,0,0,0,0,0,0,0,0,0,0,0,0,0,0,0,0,0,0,0,0,0,0,0,0,0,0,0,0,0,0,0,0,0,0,0,0,0,0,0,0,0,0,0,0,0,0,0,0,0,0,0,0,0,0,0,0,0,0,0,0,0,0,0,0,0,0,0,0,0,0,0,0,0,0,0,0,0,0,0,0,0,0,0,0,0,0,0,0,0,0,0,10,0,0,0,0,0,0,0,0,0,0,0,0,0
"Macroramphosus scolopax","species","Macroramphosus scolopax","Macroramphosus scolopax","Macroramphosus","Macroramphosus","Centriscidae",0,0,0,0,0,0,0,0,0,0,0,0,0,0,0,0,0,0,0,0,0,0,0,0,0,0,0,0,0,0,33,0,0,0,0,0,0,0,0,0,0,0,0,0,0,0,0,0,0,0,0,0,0,0,0,0,0,0,0,0,0,0,0,0,0,0,0,0,0,0,0,0,0,0,0,0,0,0,0,0,0,0,0,0,0,0,0,0,0,0,0,0,0,0,0,0,0,0,0,0,0,0,0,0,0,0,0,0,0,0,0,0,0,0,0,0,0,0,0,0,0,0,0,0,0,0,0,0,0,0,0,0,0,0
"Maurolicus","genus",NA,NA,"Maurolicus","Maurolicus","Sternoptychidae",0,0,0,0,0,0,0,0,0,0,0,0,0,0,0,0,0,0,0,0,0,0,0,0,0,0,0,0,0,0,0,0,0,0,0,0,0,0,0,0,0,0,0,0,0,0,0,0,0,0,0,0,51,0,0,0,51,0,0,0,0,0,0,0,0,0,0,0,0,0,0,0,0,0,0,0,0,0,0,0,0,0,0,0,0,0,0,0,0,0,0,0,56,0,0,72,0,0,19,0,0,0,0,0,0,0,0,0,0,0,0,0,0,0,0,0,0,0,0,0,123,2,0,0,0,0,0,0,0,193,0,2,0,0
"Merluccius","genus",NA,NA,"Merluccius","Merluccius","Merlucciidae",0,0,0,0,0,0,0,0,0,0,0,0,0,0,0,0,0,0,0,0,0,0,0,0,0,0,0,0,0,0,0,0,0,0,0,0,0,0,0,0,0,0,0,0,0,0,0,0,0,0,0,0,0,0,0,0,0,0,0,0,0,0,0,0,0,0,0,0,0,0,0,0,0,0,0,0,0,0,0,0,0,0,0,0,0,0,0,0,0,0,0,0,0,0,0,0,0,0,0,0,0,0,0,0,0,0,5554,0,0,0,0,0,0,0,0,0,0,0,0,0,0,0,0,0,0,0,0,0,0,0,0,0,0,0
"Merluccius merluccius","species","Merluccius merluccius","Merluccius merluccius","Merluccius","Merluccius","Merlucciidae",0,0,0,0,0,0,0,0,0,0,0,0,0,0,0,0,0,0,0,0,0,0,0,0,0,0,0,0,0,0,0,0,0,0,0,0,0,0,0,0,0,0,0,0,0,0,0,0,0,504,0,0,0,0,0,0,0,1160,0,0,0,0,0,0,0,0,0,0,0,0,0,0,0,0,0,0,0,0,0,0,0,0,0,0,0,0,0,0,0,0,0,0,221,0,0,0,0,0,0,0,0,0,0,0,0,0,0,0,0,0,0,0,0,0,0,0,0,0,0,0,0,0,0,0,0,0,0,0,0,0,0,0,0,0
"Microlipophrys","genus",NA,NA,"Microlipophrys","Microlipophrys","Blenniidae",0,0,0,0,0,0,0,0,0,0,0,0,0,0,0,0,0,0,0,0,0,0,0,0,0,0,0,0,0,0,0,0,0,0,0,0,0,0,0,0,0,0,0,0,0,0,0,0,0,0,0,0,0,0,0,0,0,0,0,76,0,0,0,0,0,0,0,0,0,23,1710,735,1403,0,0,0,0,280,0,0,0,0,0,0,0,5457,0,0,0,0,0,0,0,0,0,0,0,0,0,0,0,0,0,0,0,0,0,0,0,0,0,0,0,0,0,0,0,0,0,0,0,0,0,0,0,0,0,0,0,0,0,0,0,0
"Microlipophrys canevae","species","Microlipophrys canevae","Microlipophrys canevae","Microlipophrys","Microlipophrys","Blenniidae",0,0,0,0,0,0,0,0,0,0,0,0,0,0,255,147,0,0,0,0,0,0,0,0,0,0,0,0,0,0,0,0,0,0,0,0,24,33,0,0,0,0,0,0,0,0,0,0,1183,0,28129,0,6284,0,0,0,0,0,0,27,356,44,0,0,0,486,0,284,839,14833,21392,17596,13192,0,0,8274,0,6930,0,1302,0,1257,3006,0,0,0,1150,0,0,0,0,85,0,0,0,0,0,0,0,0,0,0,0,0,0,0,0,0,0,0,0,0,0,0,0,0,0,0,0,0,0,0,0,0,0,0,0,0,0,0,0,3038,0,0
"Micromesistius poutassou","species","Micromesistius poutassou","Micromesistius poutassou","Micromesistius","Micromesistius","Gadidae",0,0,0,0,0,59,0,0,0,0,0,0,0,0,0,0,0,0,0,0,0,0,0,0,0,0,0,0,18,0,0,0,0,0,0,0,0,0,0,0,0,0,0,0,0,0,0,0,0,0,0,0,0,0,0,0,0,0,0,0,0,0,0,0,0,0,0,0,0,0,0,0,0,0,0,0,0,0,0,0,0,0,0,0,0,0,0,0,0,0,0,0,0,0,0,0,0,0,0,0,0,0,0,0,0,0,0,0,0,0,0,0,0,0,0,0,0,0,0,0,0,0,0,0,0,0,0,0,0,0,0,0,0,0
"Millerigobius","genus",NA,NA,"Millerigobius","Millerigobius","Gobiidae",0,0,0,0,0,0,0,0,0,0,0,0,0,0,0,0,0,0,0,0,45,0,0,0,0,0,0,0,0,0,0,0,0,31,0,0,0,0,0,0,0,0,562,38,0,0,773,0,962,0,5399,0,0,0,28,0,0,0,0,0,0,0,0,0,0,0,0,0,0,0,0,0,0,0,0,0,0,0,0,0,0,0,0,0,0,0,0,0,0,0,0,0,0,0,0,0,0,0,0,0,0,0,0,326,0,0,0,0,0,0,0,0,0,0,0,229,321,200,0,0,0,148,378,26,0,0,0,0,0,0,0,0,0,0
"Millerigobius macrocephalus","species","Millerigobius macrocephalus","Millerigobius macrocephalus","Millerigobius","Millerigobius","Gobiidae",0,0,0,0,0,0,0,0,0,0,0,0,0,0,0,0,0,0,0,0,0,0,0,0,0,0,0,0,0,0,0,0,0,0,0,0,48,0,0,0,91,0,0,0,0,0,0,0,0,0,0,0,0,0,0,0,0,0,0,0,0,0,0,0,0,0,0,0,0,0,0,0,0,0,0,0,0,0,0,0,0,0,0,0,0,0,0,0,0,0,0,0,0,0,0,0,0,0,0,0,0,0,0,0,0,0,0,0,0,0,0,0,0,0,0,0,0,0,0,0,0,0,0,0,0,0,0,0,0,0,0,0,0,0
"Mobula","genus",NA,NA,"Mobula","Mobula","Myliobatidae",0,0,0,0,0,0,0,0,0,0,0,0,0,0,0,237,0,152,0,0,0,0,0,0,0,0,0,0,0,0,0,0,0,0,0,0,0,0,0,0,0,0,0,0,0,0,0,0,0,0,0,0,0,56,0,0,0,0,0,0,0,0,0,0,0,0,0,0,0,0,0,0,0,0,0,0,0,0,0,0,0,0,0,0,0,0,0,0,0,0,0,0,0,0,0,0,0,0,0,0,0,0,0,0,0,0,0,0,64,0,0,0,364,0,0,0,0,0,0,0,0,186,0,0,0,2,0,0,0,0,0,0,0,0
"Mola","genus",NA,NA,"Mola","Mola","Molidae",0,0,0,0,0,0,0,0,0,0,0,0,0,0,0,0,0,0,0,0,0,0,0,0,0,0,0,0,0,0,0,0,66,0,0,0,0,0,0,0,0,0,0,0,0,0,0,0,0,0,0,0,0,0,0,0,0,0,0,0,0,0,0,0,0,0,0,0,0,0,0,0,24,0,0,108,381,0,0,0,0,0,0,0,123,0,0,0,0,220,0,0,0,0,0,0,0,0,0,0,0,0,0,0,0,0,0,0,0,0,0,0,0,0,0,0,0,0,0,0,0,0,0,0,0,0,0,0,0,0,0,0,0,0
"Mola mola","species","Mola mola","Mola mola","Mola","Mola","Molidae",0,0,0,0,0,0,0,0,0,0,0,0,0,0,0,0,0,0,0,0,0,0,0,0,0,418,1047,20607,1981,188,26,150,0,186,0,388,0,0,0,0,0,157,0,0,0,0,0,0,0,0,0,0,0,0,0,0,0,0,0,0,0,0,0,0,0,0,0,1932,0,4494,5980,0,159,0,0,20748,30300,0,0,7906,3869,0,0,32955,14618,0,0,0,494,8859,0,6440,0,75,0,0,0,0,0,0,0,0,0,0,0,0,0,0,0,0,0,0,871,14,0,0,0,0,0,0,0,0,341,0,0,186,0,0,0,0,0,846,0,0
"Mugil","genus",NA,NA,"Mugil","Mugil","Mugilidae",0,0,5842,0,0,0,118,0,0,0,0,0,0,0,0,0,0,0,0,0,0,0,0,0,0,0,0,0,0,0,0,0,0,91,0,0,0,0,0,0,0,0,0,0,0,0,0,0,0,0,0,0,15699,0,0,0,0,0,0,0,0,0,0,0,0,306,0,0,0,0,0,0,0,0,0,0,0,0,12469,0,0,26283,118,0,0,14380,22257,0,0,0,5783,24,0,0,0,0,0,0,0,0,0,0,0,0,0,0,0,0,0,0,0,0,0,0,0,0,0,0,0,0,0,0,0,23604,1123,0,0,0,0,0,0,0,9991,3666
"Mullus","genus",NA,NA,"Mullus","Mullus","Mullidae",0,0,0,0,0,0,0,0,0,0,0,0,0,0,0,43,0,0,0,0,0,0,0,0,0,0,0,0,0,0,0,0,0,0,0,0,0,0,0,0,0,0,0,406,0,0,0,0,0,0,0,0,0,0,0,0,0,0,0,0,0,0,0,0,16,54,0,0,0,0,524,0,0,0,0,0,0,0,0,0,0,0,0,0,0,0,0,0,0,0,0,569,0,0,0,0,0,86,0,0,0,0,46,0,0,0,0,0,0,226,0,0,0,0,12,66,275,25,0,0,0,0,2,0,0,0,0,0,0,0,0,0,0,321
"Mullus barbatus","species","Mullus barbatus","Mullus barbatus","Mullus","Mullus","Mullidae",0,0,0,0,0,0,0,0,0,0,0,0,49,17,600,1414,821,306,0,158,0,0,0,0,215,195,210,0,31,0,346,0,0,247,94,7638,0,0,0,30,90,26,0,0,0,0,0,0,0,0,0,0,0,0,0,0,0,0,0,84,0,0,0,0,0,228,0,1649,0,2213,5719,118,438,0,0,0,0,568,0,0,0,0,0,3018,0,0,1591,0,2823,0,1873,7816,1779,174,0,0,0,17795,611,0,0,14079,3093,0,0,0,0,0,0,0,0,0,0,0,0,0,0,0,0,8626,156,1797,0,2175,0,0,0,0,0,0,0,3021,0,3151
"Mullus surmuletus","species","Mullus surmuletus","Mullus surmuletus","Mullus","Mullus","Mullidae",0,0,0,0,0,0,0,0,0,37,0,0,119,0,0,267,0,155,0,28,340,0,0,172,0,0,0,0,0,0,17,0,0,0,0,0,0,0,0,0,90,0,220,113,0,0,172,0,3088,0,586,0,0,0,0,0,0,0,383,37,159,13,0,0,0,57,12,590,770,4070,1658,0,33,0,371,0,0,1451,0,0,356,928,726,0,0,18,718,134,0,0,0,0,1262,658,0,238,0,10561,24,0,0,2940,529,10,0,0,0,0,0,34029,0,0,0,0,4628,890,479,6699,0,28367,1132,908,952,304,0,0,1345,43,0,129,10020,1106,651,0
"Muraena","genus",NA,NA,"Muraena","Muraena","Muraenidae",0,0,0,0,0,0,0,0,0,0,0,0,0,0,0,0,0,0,0,0,0,0,0,0,0,0,0,0,0,0,0,0,0,1506,0,0,0,0,0,0,0,0,1757,0,0,0,229,3206,0,490,0,0,0,0,0,0,0,0,0,0,0,0,0,0,0,0,0,0,0,85,0,0,0,0,0,0,0,0,0,0,1758,0,0,0,0,0,0,0,0,0,0,0,0,0,0,0,0,0,0,0,0,0,0,0,0,0,0,0,0,0,679,0,0,0,0,169,0,0,0,0,0,139,0,0,0,0,3384,0,0,140,0,0,0,0
"Muraena helena","species","Muraena helena","Muraena helena","Muraena","Muraena","Muraenidae",0,0,0,0,56,0,0,0,0,0,0,46,60,0,474,0,187,1834,0,739,912,0,808,188,0,0,0,0,0,0,89,0,0,343,623,54,0,108,1112,1549,553,594,5384,6393,0,0,11135,84870,7436,10243,9282,227,0,0,0,0,0,0,0,0,0,0,0,2190,0,99,0,651,0,1206,116,1054,1635,0,0,0,0,1392,0,0,0,19,602,0,10083,0,883,0,0,0,2179,0,0,0,3663,0,0,3947,1614,0,0,0,0,126,2895,0,0,0,0,0,35563,0,0,0,1498,4067,10351,1962,0,7024,389,865,8218,0,1934,0,160498,197,0,411,1139,0,0,0
"Mycteroperca","genus",NA,NA,"Mycteroperca","Mycteroperca","Serranidae",0,0,0,0,0,0,0,0,0,0,0,0,0,0,0,0,0,0,0,0,0,0,0,0,0,0,0,0,0,0,0,0,0,0,0,0,0,0,0,0,0,0,0,0,0,0,0,0,43,0,0,0,0,0,0,0,0,0,0,0,0,0,0,0,0,0,0,0,0,0,0,0,0,0,0,0,0,0,0,0,0,0,0,0,0,0,0,0,0,0,0,0,0,0,0,0,0,0,0,0,0,0,0,0,0,0,0,0,0,0,0,0,0,0,0,0,0,0,0,0,0,0,0,0,0,0,0,0,0,0,0,0,0,0
"Mycteroperca rubra","species","Mycteroperca rubra","Mycteroperca rubra","Mycteroperca","Mycteroperca","Serranidae",640,0,708,0,0,0,0,0,0,0,0,0,0,0,0,25,0,0,0,0,23,0,0,0,0,0,0,0,0,0,0,0,0,0,0,0,0,0,0,0,0,0,1109,0,0,0,0,0,1087,0,0,0,0,0,0,0,0,0,0,0,0,0,0,0,0,0,0,0,0,0,0,0,0,0,0,0,0,0,0,0,0,0,0,0,0,0,0,0,0,0,0,0,0,0,0,0,0,0,0,0,0,0,0,0,0,0,0,0,0,0,0,0,0,0,0,0,0,0,0,0,0,0,0,0,0,0,0,0,0,0,0,0,0,0
"Myctophidae","family",NA,NA,NA,NA,"Myctophidae",0,0,0,0,0,0,0,0,0,0,0,0,0,0,0,0,0,0,0,0,0,0,0,0,0,0,0,0,213,0,0,0,0,0,0,0,0,0,0,0,0,0,0,0,0,0,0,0,0,0,0,0,0,0,0,0,0,0,0,0,0,0,0,0,0,0,0,0,0,0,0,0,0,0,0,0,0,0,0,0,0,0,0,0,0,0,0,0,0,0,0,0,0,0,0,0,0,0,0,0,0,0,0,0,0,0,0,0,0,0,0,0,0,0,0,0,0,0,0,0,0,0,0,0,0,0,0,0,0,0,0,0,0,0
"Myctophum","genus",NA,NA,"Myctophum","Myctophum","Myctophidae",0,0,0,0,0,0,0,0,0,0,0,0,0,0,0,0,0,0,0,0,0,0,0,0,0,260,0,3767,0,0,0,0,0,0,0,0,0,0,0,0,0,0,0,0,0,0,0,0,0,0,0,0,0,0,0,0,0,0,0,0,0,0,0,0,0,0,0,0,0,0,0,0,0,0,0,0,0,0,0,0,0,0,0,0,0,0,0,0,0,0,0,0,0,0,0,0,0,0,0,0,0,0,0,0,33,0,0,0,0,0,0,0,0,0,0,0,0,0,0,0,0,0,0,0,323,0,0,0,0,0,0,0,0,0
"Myctophum punctatum","species","Myctophum punctatum","Myctophum punctatum","Myctophum","Myctophum","Myctophidae",0,0,0,0,0,0,0,0,0,0,0,0,0,0,0,0,0,0,0,0,0,0,0,0,204,3435,764,81822,11714,1499,0,0,99,0,0,0,0,0,0,0,0,0,0,0,0,0,0,0,0,0,0,0,0,0,0,0,0,0,0,0,0,0,0,0,0,0,0,0,0,0,0,0,0,0,0,0,0,0,0,0,0,0,0,0,0,0,0,0,0,0,0,0,0,0,0,0,0,0,0,0,0,0,0,0,18675,0,0,0,20574,0,0,0,0,0,0,0,0,0,0,0,0,0,0,0,1408,0,0,0,0,190,0,0,0,0
"Myliobatis","genus",NA,NA,"Myliobatis","Myliobatis","Myliobatidae",0,0,0,0,0,0,0,0,0,0,0,0,0,0,0,0,0,0,0,0,0,0,0,0,0,0,0,0,0,0,0,0,0,0,0,0,0,0,0,0,0,0,0,0,0,0,0,278,0,0,0,0,0,0,0,0,0,0,0,0,0,0,0,0,0,0,0,0,0,0,0,0,0,0,0,0,0,0,0,0,0,0,0,0,0,0,0,0,0,0,0,0,0,0,0,0,0,0,0,0,0,0,0,0,0,0,0,0,0,0,0,0,0,0,0,0,0,0,0,0,0,0,0,0,0,0,0,0,0,0,0,0,0,0
"Myliobatis aquila","species","Myliobatis aquila","Myliobatis aquila","Myliobatis","Myliobatis","Myliobatidae",0,0,0,0,0,0,0,0,0,0,0,0,0,0,0,0,0,0,0,0,0,0,0,0,0,0,0,0,0,0,0,0,21,0,0,0,0,0,0,0,0,0,0,0,0,0,0,28552,0,0,0,0,0,0,0,0,0,0,0,0,0,0,0,0,0,0,0,0,0,0,0,0,0,0,0,0,0,0,0,0,0,179,0,0,0,0,0,0,0,0,0,0,247,0,0,0,0,0,48,0,0,0,0,141,0,0,0,0,0,0,0,0,0,0,0,33,0,0,0,663,0,0,0,0,0,248,0,0,0,0,0,0,0,0
"Naucrates ductor","species","Naucrates ductor","Naucrates ductor","Naucrates","Naucrates","Carangidae",0,0,0,0,0,0,0,0,0,0,0,0,0,0,0,0,0,0,0,0,0,0,0,0,0,0,0,0,0,0,0,0,0,0,0,0,0,0,0,0,0,0,0,0,0,0,0,0,0,0,0,0,0,0,0,0,1085,0,0,0,0,0,0,0,0,0,0,0,0,0,0,0,0,0,0,0,0,0,0,0,0,0,0,0,0,0,0,0,0,0,0,0,0,0,0,0,0,0,0,0,0,0,0,0,0,0,0,0,0,0,0,0,0,0,0,0,0,0,0,0,0,0,0,0,0,0,0,0,0,0,0,0,0,0
"Nemipterus randalli","species","Nemipterus randalli","Nemipterus randalli","Nemipterus","Nemipterus","Nemipteridae",1239,597,1436,0,0,0,0,0,0,0,0,0,0,0,0,0,0,0,0,0,0,0,0,0,0,0,0,0,0,0,0,0,0,0,0,0,0,0,0,0,0,0,0,0,0,0,0,0,0,0,0,0,0,0,0,0,0,0,0,0,0,0,0,0,0,0,0,0,0,0,0,0,0,0,0,0,0,0,0,0,0,0,0,0,0,0,0,0,0,0,0,0,0,0,0,0,0,0,0,0,0,0,0,0,0,0,0,0,0,0,0,0,0,0,0,0,0,0,0,0,0,0,0,0,0,0,0,0,0,0,0,0,0,0
"Nerophis","genus",NA,NA,"Nerophis","Nerophis","Syngnathidae",0,0,0,0,0,0,0,0,0,0,0,0,0,0,0,0,0,0,0,0,0,0,0,0,0,0,0,0,0,0,0,0,0,0,0,0,0,0,0,0,0,0,0,0,0,0,0,0,0,0,0,0,0,0,0,0,0,0,0,0,0,0,0,0,0,0,0,0,0,0,0,0,0,0,0,0,0,0,0,0,0,0,0,0,0,0,0,0,0,0,0,0,0,0,0,0,0,0,0,0,0,0,0,0,0,0,0,0,0,0,0,0,0,0,0,0,0,24,0,0,0,0,0,0,0,0,0,0,0,0,0,0,0,0
"Nerophis maculatus","species","Nerophis maculatus","Nerophis maculatus","Nerophis","Nerophis","Syngnathidae",0,0,0,0,0,0,0,0,0,0,0,0,0,0,0,0,0,0,0,0,0,0,0,0,0,0,0,0,0,0,0,0,0,0,0,0,0,0,0,0,0,0,0,0,0,0,0,0,0,0,0,0,0,0,0,0,0,0,0,0,0,0,0,0,0,0,0,0,0,0,0,0,0,0,0,0,0,0,0,0,0,0,0,0,0,0,0,0,0,0,0,0,0,0,0,0,0,0,0,0,0,0,0,0,0,0,0,0,0,0,0,0,0,0,0,0,0,0,0,0,0,0,0,0,0,0,0,0,0,0,0,22,0,0
"Notoscopelus elongatus","species","Notoscopelus elongatus","Notoscopelus elongatus","Notoscopelus","Notoscopelus","Myctophidae",0,0,0,0,0,0,0,0,0,0,0,0,0,0,0,0,0,0,0,0,0,0,0,0,0,0,0,0,88,0,0,0,0,0,0,0,0,0,0,0,0,0,0,0,0,0,0,0,0,0,0,0,0,0,0,0,0,0,0,0,0,0,0,0,0,0,0,0,0,0,0,0,0,0,0,0,0,0,0,0,0,0,0,0,0,0,0,0,0,0,0,0,0,0,0,0,0,0,0,0,0,0,0,0,0,84,0,0,0,0,0,0,0,0,0,0,0,0,0,0,0,0,0,0,0,0,0,0,0,0,0,0,0,0
"Odondebuenia balearica","species","Odondebuenia balearica","Odondebuenia balearica","Odondebuenia","Odondebuenia","Gobiidae",0,0,0,0,42,0,0,0,44,210,0,0,0,139,0,0,24,0,37,0,0,0,53,129,0,0,0,0,0,0,68,0,0,20,0,0,14,27,86,0,0,0,5846,1214,39850,16384,3124,132388,2469,832,0,0,0,0,0,0,0,0,0,0,29,16,278,0,0,0,0,0,0,0,0,0,0,0,0,0,0,0,0,0,0,0,0,0,0,0,0,0,0,0,0,0,1881,4761,0,1024,0,2092,2867,0,0,245,7762,115,0,0,0,0,0,41354,0,0,0,128,286,654,6466,4032,0,81137,609,275,0,0,0,0,0,266,0,472,376,1217,0,0
"Oedalechilus labeo","species","Oedalechilus labeo","Oedalechilus labeo","Oedalechilus","Oedalechilus","Mugilidae",0,0,0,0,21,0,741,862,725,0,0,0,149,50,1597,63,0,0,0,0,444,0,273,421,22,0,0,0,0,82,0,0,0,280,275,237,50,15,0,0,0,0,1707,3419,0,0,0,0,280,113,5154,0,11399,106783,3142,24534,94,97701,28697,305,734,56,3614,2336,1004,530,0,10965,24021,15947,10046,30818,24351,12765,0,0,0,10028,0,0,0,2807,1546,7467,0,14773,3850,1359,0,0,2380,0,0,0,1902,0,0,0,0,0,12018,0,0,0,0,0,0,0,0,0,0,0,972,0,964,3722,6442,0,0,0,0,3663,5114,3564,1405,302,138823,0,45756,0,0,0,0,0
"Oncorhynchus","genus",NA,NA,"Oncorhynchus","Oncorhynchus","Salmonidae",0,0,0,0,0,0,0,3987,0,0,0,0,0,0,0,0,0,0,0,0,0,0,0,0,0,0,0,0,0,0,0,0,0,0,0,0,0,0,0,0,0,0,0,0,0,0,0,0,0,0,0,0,0,0,0,0,0,0,0,0,0,0,0,0,0,0,0,0,0,0,0,0,0,0,0,0,29850,0,0,0,0,0,0,0,0,0,0,0,0,0,0,0,0,0,0,0,0,0,0,0,0,0,0,0,0,0,0,0,0,0,0,37316,0,0,0,0,0,0,0,0,0,0,0,0,0,0,0,0,0,0,0,0,0,0
"Oncorhynchus gorbuscha","species","Oncorhynchus gorbuscha","Oncorhynchus gorbuscha","Oncorhynchus","Oncorhynchus","Salmonidae",0,0,0,0,0,0,0,0,0,0,0,0,0,0,0,0,0,0,0,0,0,0,0,0,0,0,0,0,0,0,0,0,0,0,0,0,0,0,0,0,0,0,0,0,0,0,0,0,0,0,0,0,0,0,0,1716,0,0,0,0,0,0,0,0,0,0,0,0,0,0,0,0,0,0,0,0,0,0,0,0,0,0,0,0,0,0,0,0,0,0,0,0,0,0,0,0,0,0,0,0,0,0,0,0,0,0,0,0,0,0,0,0,0,0,0,0,0,0,0,0,0,0,0,0,0,0,0,0,0,0,0,0,0,0
"Ophidion","genus",NA,NA,"Ophidion","Ophidion","Ophidiidae",0,0,0,0,0,0,0,0,0,0,0,0,0,0,0,0,0,0,0,0,0,0,0,0,0,0,0,0,0,0,0,0,0,423,0,0,0,0,0,0,0,0,0,0,0,0,0,0,0,0,0,0,0,0,0,0,0,0,0,0,366,103,0,0,0,0,0,0,0,0,0,0,0,0,0,0,0,1238,0,0,0,0,0,0,0,0,0,0,0,0,0,0,6915,0,4502,0,0,0,0,0,0,0,0,0,0,0,0,0,0,0,0,0,0,0,0,5463,0,304,0,0,0,0,0,0,0,0,839,20,0,0,0,0,0,0
"Ophidion rochei","species","Ophidion rochei","Ophidion rochei","Ophidion","Ophidion","Ophidiidae",0,0,0,0,0,0,0,0,0,0,0,0,0,0,0,0,0,0,0,0,0,0,0,0,0,0,0,0,0,0,0,0,0,0,0,0,0,0,0,0,0,0,0,0,0,0,0,0,0,0,0,0,0,0,0,0,0,0,0,0,0,0,0,0,0,0,0,0,0,0,0,0,0,0,0,0,0,0,0,0,0,0,0,0,0,0,0,0,0,0,0,0,0,0,0,0,0,0,0,0,0,0,0,0,0,0,0,0,0,0,0,0,0,0,0,0,0,0,0,0,0,0,0,0,0,0,10576,0,0,0,0,0,0,0
"Ophisurus","genus",NA,NA,"Ophisurus","Ophisurus","Ophichthidae",0,0,0,0,0,0,0,0,0,0,0,0,0,0,0,0,0,0,0,0,0,0,0,0,0,0,0,0,0,0,0,0,0,0,0,0,0,0,0,0,0,0,0,0,1352,0,0,0,0,0,0,0,0,0,0,0,0,0,0,0,0,0,0,0,0,0,0,0,0,0,0,0,0,0,0,0,0,0,0,0,0,0,0,0,0,0,0,0,0,0,0,0,0,0,0,0,0,0,0,0,0,0,0,0,69,0,0,0,0,0,0,0,0,0,0,0,0,0,0,0,0,0,0,0,0,0,0,0,0,0,0,0,0,0
"Ophisurus serpens","species","Ophisurus serpens","Ophisurus serpens","Ophisurus","Ophisurus","Ophichthidae",0,0,0,0,0,0,12,0,0,18,0,0,0,0,0,0,0,0,0,0,0,0,0,0,0,0,0,0,0,0,0,0,0,0,0,0,0,0,0,0,0,0,4,69,7092,0,0,0,0,163,0,0,0,0,0,0,0,0,0,0,0,0,0,0,0,0,0,0,0,0,0,0,0,0,0,0,0,0,0,0,0,0,0,0,0,0,0,0,0,0,0,0,0,0,0,0,0,0,0,0,0,0,0,0,16781,0,14317,0,0,0,0,0,0,0,0,0,20,0,0,0,0,0,0,0,0,0,0,0,0,0,0,0,0,0
"Ostorhinchus fasciatus","species","Ostorhinchus fasciatus","Ostorhinchus fasciatus","Ostorhinchus","Ostorhinchus","Apogonidae",188,779,5723,0,0,0,0,0,0,0,0,0,0,0,0,0,0,0,0,0,0,0,0,0,0,0,0,0,0,0,0,0,0,0,0,0,0,0,0,0,0,0,0,0,0,0,0,0,0,0,0,0,0,0,0,0,0,0,0,0,0,0,0,0,0,0,0,0,0,0,0,0,0,0,0,0,0,0,0,0,0,0,0,0,0,0,0,0,0,0,0,0,0,0,0,0,0,0,0,0,0,0,0,0,0,0,0,0,0,0,0,0,0,0,0,0,0,0,0,0,0,0,0,0,0,0,0,0,0,0,0,0,0,0
"Pagellus","genus",NA,NA,"Pagellus","Pagellus","Sparidae",0,0,0,0,28,0,0,0,0,0,0,0,0,0,0,0,0,0,0,159,0,0,0,0,0,0,0,0,52,0,0,0,0,0,0,0,0,0,0,0,0,0,0,0,5358,1244,0,0,0,0,0,0,0,0,0,0,0,0,0,0,0,0,70,0,0,0,0,0,0,0,0,0,0,0,0,0,0,0,0,970,0,89,320,0,0,1710,0,0,0,0,0,0,14758,290,0,0,0,11062,150,0,0,10688,2565,0,0,0,0,0,0,0,0,0,0,129,0,0,43,0,0,1288,731,0,0,0,0,0,0,0,0,0,0,0,0,0
"Pagellus acarne","species","Pagellus acarne","Pagellus acarne","Pagellus","Pagellus","Sparidae",0,0,0,0,48,0,562,0,0,0,0,0,0,0,0,0,0,0,0,32,0,0,0,0,2803,1291,534,0,364,456,98,711,266,0,0,87,0,0,0,0,0,0,0,0,27320,6784,0,0,0,0,0,0,0,0,0,0,0,0,0,130,32,424,0,0,0,0,0,0,0,0,0,406,0,4221,0,0,0,2378,0,0,0,7082,4940,0,0,0,0,0,572,0,0,0,7222,1318,0,819,0,26184,2021,0,0,27324,3420,0,0,0,0,0,0,0,0,0,0,980,0,0,0,0,0,0,568,0,0,0,232,0,0,307,0,0,0,38,0,0
"Pagellus erythrinus","species","Pagellus erythrinus","Pagellus erythrinus","Pagellus","Pagellus","Sparidae",0,0,0,123,0,0,148,1055,786,0,0,0,97,0,0,139,27,602,0,617,0,0,0,0,110,356,17,0,0,0,48,0,21,20,0,100,182,0,48,67,64,11,0,0,9606,188860,349,0,344,0,0,0,0,0,0,0,0,0,0,57,23,0,0,0,0,0,0,0,0,252,750,623,856,24036,0,0,0,0,0,1479,0,0,0,0,0,0,1714,0,0,0,887,2258,29508,1444,0,686,49,78337,2609,0,0,82593,43890,0,0,0,0,0,0,3137,5703,0,0,412,8376,2941,15902,103,0,184168,4316,320,3742,108,150,210,0,2683,0,1732,4010,0,0,1311
"Pagrus caeruleostictus","species","Pagrus caeruleostictus","Pagrus caeruleostictus","Pagrus","Pagrus","Sparidae",0,4084,35684,0,0,0,0,0,0,0,0,0,0,0,0,0,0,0,0,0,0,0,0,0,0,0,0,0,0,0,0,0,0,0,0,0,0,0,0,0,0,0,0,0,0,0,0,0,0,0,0,0,0,0,0,0,0,0,0,0,0,0,0,0,0,0,0,0,0,0,0,0,0,0,0,0,0,0,0,0,0,0,0,0,0,0,0,0,0,0,0,0,0,0,0,0,0,0,0,0,0,0,0,0,0,0,0,0,0,0,0,0,0,0,0,0,0,0,0,0,0,0,0,0,0,0,0,0,0,0,0,0,0,0
"Parablennius","genus",NA,NA,"Parablennius","Parablennius","Blenniidae",0,0,0,0,0,0,0,0,0,0,0,0,141,0,801,88,527,2517,0,0,0,0,209,127,0,0,0,0,0,166,0,0,0,0,700,43,390,0,142,0,108,0,161,0,0,0,0,0,586,0,52698,0,8337,2027,2281,25308,0,19716,7191,358,276,155,263,719,1040,0,0,3462,2064,5578,6578,6814,3322,138,0,3609,2164,3508,0,111,0,2998,1704,7164,6833,0,8666,2430,3591,6143,6437,0,2194,0,0,4814,0,3499,579,0,0,2679,5123,102,0,0,0,0,0,0,0,105031,0,430,934,0,0,1140,0,0,231,855,0,0,1050,0,0,87,0,499,0,100842,144,78
"Parablennius gattorugine","species","Parablennius gattorugine","Parablennius gattorugine","Parablennius","Parablennius","Blenniidae",0,0,0,0,0,0,0,0,0,0,0,0,0,0,0,0,0,0,0,0,0,0,0,0,0,0,0,0,0,0,0,0,0,353,516,23,243,233,0,0,404,0,0,0,0,0,0,0,0,0,14912,0,0,2142,924,0,0,0,0,0,0,0,0,0,0,318,132,1905,3964,6196,12515,11593,4795,0,0,0,0,6872,0,2490,0,2868,2734,0,5523,2982,7161,0,1069,0,2965,3615,0,0,0,0,0,0,0,0,0,0,0,0,0,0,0,0,0,0,0,0,0,0,0,0,6644,0,0,0,0,0,2365,0,0,2461,0,0,0,0,0,3444,13083,14745
"Parablennius incognitus","species","Parablennius incognitus","Parablennius incognitus","Parablennius","Parablennius","Blenniidae",0,0,0,0,0,0,0,0,0,0,0,0,0,0,0,0,0,0,0,0,0,0,31,0,0,0,0,0,0,0,21,0,0,0,223,0,50,0,0,0,0,0,695,0,0,0,0,0,0,90,11909,0,762,2080,658,14480,0,2048,0,12,89,0,0,398,216,75,0,3444,4572,7974,5442,7703,5614,4837,13453,6334,35861,16096,0,2362,0,1543,3390,8833,607,9492,6516,129,257,1015,845,1226,0,0,0,0,0,0,0,0,0,0,0,255,9559,0,0,0,0,0,0,0,0,0,0,731,0,218,0,0,73,147,156,394,250,0,2883,0,0,0,0,1069,1059,0
"Parablennius pilicornis","species","Parablennius pilicornis","Parablennius pilicornis","Parablennius","Parablennius","Blenniidae",0,0,0,0,0,0,0,0,0,0,0,0,0,0,0,0,0,0,0,0,0,0,0,0,379,23,48,0,0,1033,93,0,0,0,0,0,0,0,0,0,0,0,0,0,0,0,0,0,0,0,0,0,0,3444,2050,0,0,0,0,0,0,0,0,0,0,0,0,0,0,0,5236,0,282,0,0,12830,14247,1095,0,1136,1771,0,2914,0,0,2630,0,0,0,0,0,0,0,0,0,0,0,0,0,0,0,0,0,0,0,0,0,0,0,0,0,0,0,0,0,0,0,0,0,0,0,0,0,0,0,0,0,0,0,0,0,0,0,0
"Parablennius sanguinolentus","species","Parablennius sanguinolentus","Parablennius sanguinolentus","Parablennius","Parablennius","Blenniidae",0,0,0,0,0,0,0,0,0,0,0,0,0,0,0,0,120,0,0,0,0,0,0,0,0,0,0,0,0,40,0,0,0,686,682,0,631,0,0,0,0,0,0,0,0,0,0,0,0,0,0,0,0,0,0,0,0,6628,0,0,260,0,0,0,0,0,0,0,1587,2116,7206,2064,1923,0,0,0,0,0,0,0,0,0,0,0,0,0,703,0,0,0,0,0,0,0,0,0,0,0,0,0,0,0,0,0,0,0,0,0,0,0,0,0,0,0,0,0,0,0,0,0,0,0,1733,0,21741,1918,0,0,0,0,0,0,5418,3263
"Parexocoetus","genus",NA,NA,"Parexocoetus","Parexocoetus","Exocoetidae",0,0,0,0,0,0,459,0,0,0,0,0,0,0,0,0,0,0,0,0,0,0,0,0,0,0,0,0,0,0,0,0,0,0,0,0,0,0,0,0,0,0,0,0,0,0,0,0,0,0,0,0,0,0,0,0,0,0,0,0,0,0,0,0,0,0,0,0,0,0,0,0,0,0,0,0,0,0,0,0,0,0,0,0,0,0,0,0,0,0,0,0,0,0,0,0,0,0,0,0,0,0,0,0,0,0,0,0,0,0,0,0,0,0,0,0,0,0,0,0,0,0,0,0,0,0,0,0,0,0,0,0,0,0
"Parexocoetus mento","species","Parexocoetus mento","Parexocoetus mento","Parexocoetus","Parexocoetus","Exocoetidae",16801,0,0,0,352,435,0,0,0,0,0,0,0,0,0,0,0,0,0,0,0,0,0,0,0,0,0,0,0,0,0,0,0,0,0,0,0,0,0,0,0,0,0,0,0,0,0,0,0,0,0,0,0,0,0,0,0,0,0,0,0,0,0,0,0,0,0,0,0,0,0,0,0,0,0,0,0,0,0,0,0,0,0,0,0,0,0,0,0,0,0,0,0,0,0,0,0,0,0,0,0,0,0,0,0,0,0,0,0,0,0,0,0,0,0,0,0,0,0,0,0,0,0,0,0,0,0,0,0,0,0,0,0,0
"Parupeneus","genus",NA,NA,"Parupeneus","Parupeneus","Mullidae",6248,458,7355,1133,1289,0,3939,6966,7695,2355,770,43,7596,277,4675,0,0,0,0,0,0,0,0,0,0,0,0,0,0,0,0,0,0,0,0,0,0,0,0,0,0,0,0,0,0,0,0,0,0,0,0,0,0,0,0,0,0,0,0,11,0,0,0,0,0,0,0,0,0,0,0,0,0,0,0,0,0,0,0,0,0,0,0,0,0,0,0,0,0,0,0,0,0,0,0,0,0,0,0,0,0,0,0,0,0,0,0,0,0,0,0,0,0,0,0,0,0,0,0,0,0,0,0,0,0,0,0,0,0,0,0,0,0,0
"Pegusa bleekeri","species","Pegusa bleekeri","Ebosia bleekeri","Pegusa","Ebosia","Soleidae",0,0,0,0,0,0,0,0,0,0,0,0,0,0,0,0,0,0,0,0,0,0,0,0,0,0,0,0,0,0,0,0,0,0,0,0,0,0,0,0,0,0,0,0,0,0,0,0,0,0,0,0,0,0,0,0,0,0,0,0,0,0,0,0,0,0,0,3,0,0,0,0,0,0,0,0,0,0,0,0,0,0,0,0,0,0,0,0,0,0,0,238,0,0,0,0,0,0,0,0,0,0,0,0,0,0,0,0,0,0,0,0,0,0,0,0,0,0,0,0,0,0,0,0,0,0,0,0,0,0,0,0,0,0
"Pempheris vanicolensis","species","Pempheris vanicolensis","Pempheris vanicolensis","Pempheris","Pempheris","Pempheridae",0,0,676,145,0,0,595,3920,1362,353,266,0,0,150,1018,0,0,0,0,0,0,0,0,0,0,0,0,0,0,0,0,0,0,0,0,0,0,0,0,0,0,0,0,0,0,0,0,0,0,0,0,0,0,0,0,0,0,0,0,0,0,0,0,0,0,0,0,0,0,0,0,0,0,0,0,0,0,0,0,0,0,0,0,0,0,0,0,0,0,0,0,0,0,0,0,0,0,0,0,0,0,0,0,0,0,0,0,0,0,0,0,0,0,0,0,0,0,0,0,0,0,0,0,0,0,0,0,0,0,0,0,0,0,0
"Pomadasys incisus","species","Pomadasys incisus","Pomadasys incisus","Pomadasys","Pomadasys","Haemulidae",0,338,913,0,0,0,0,0,0,0,0,0,0,0,0,0,0,0,0,94,0,0,0,0,0,0,0,0,0,0,0,0,0,0,0,0,0,0,0,0,0,0,0,0,0,0,0,0,29,0,0,0,0,0,0,0,0,0,0,0,0,0,0,0,0,0,0,0,0,0,0,0,0,0,0,0,0,0,0,0,0,0,0,0,0,0,0,0,0,0,0,0,0,0,0,0,0,0,0,0,0,0,0,0,0,0,0,0,0,0,0,0,0,0,0,0,0,0,0,0,0,0,0,0,0,0,0,0,0,0,0,0,0,0
"Pomatomus saltator","species","Pomatomus saltator","Pomatomus saltatrix","Pomatomus","Pomatomus","Pomatomidae",0,0,0,0,0,0,0,0,0,0,0,0,0,0,0,0,0,0,0,25,0,0,0,0,0,0,0,0,0,49,0,0,0,35,0,0,503,20,722,37,0,0,0,0,0,0,0,0,0,0,0,0,0,0,0,0,0,0,0,0,0,0,0,0,0,6,0,0,0,0,0,470,118,0,0,0,0,0,0,0,0,0,69,0,0,0,244,0,0,24,0,0,0,0,0,0,0,0,0,0,0,0,0,0,0,0,0,0,0,0,0,0,0,0,0,0,0,0,0,0,0,0,0,0,0,0,0,0,0,0,0,0,3397,290
"Pomatoschistus","genus",NA,NA,"Pomatoschistus","Pomatoschistus","Gobiidae",0,0,0,0,0,0,0,0,0,0,0,0,0,0,0,0,0,0,0,0,0,0,0,0,0,0,0,0,0,0,0,0,0,0,0,0,1466,0,0,0,0,0,0,0,0,0,0,0,0,0,0,0,0,0,0,0,0,0,0,0,0,0,0,0,0,0,0,0,0,0,0,0,0,0,0,0,0,0,0,0,0,0,0,0,0,0,0,0,0,0,0,0,0,0,0,0,0,0,0,0,0,0,0,0,0,0,0,0,0,0,0,0,0,0,0,4844,12843,0,0,0,0,0,0,0,794,7,0,0,0,0,0,0,0,0
"Prionace glauca","species","Prionace glauca","Prionace glauca","Prionace","Prionace","Carcharhinidae",0,0,0,0,0,0,0,0,0,0,0,0,0,0,0,0,0,0,0,0,0,0,0,0,0,0,0,0,0,0,0,0,0,0,0,0,0,0,0,0,0,0,0,0,0,0,0,0,0,0,0,0,0,0,0,0,0,0,0,0,0,0,0,0,0,0,0,0,0,0,0,0,0,0,0,0,0,0,0,0,0,0,0,0,0,0,0,488,0,0,0,0,0,0,0,0,0,0,0,0,0,0,0,0,0,0,0,0,0,0,0,0,0,0,0,0,0,0,0,0,0,0,0,0,0,0,0,0,0,0,0,0,0,0
"Pseudaphya ferreri","species","Pseudaphya ferreri","Pseudaphya ferreri","Pseudaphya","Pseudaphya","Gobiidae",0,0,0,0,0,0,0,0,0,0,0,0,0,0,0,0,0,0,0,0,0,0,0,0,0,0,0,0,0,0,0,99,0,0,0,0,0,53,0,0,0,0,1254,0,264306,1778,0,0,0,576,0,0,0,0,0,0,2748,0,0,0,0,0,0,0,0,0,0,0,0,0,0,0,0,0,0,0,0,0,0,0,0,0,0,0,0,0,0,0,0,0,0,0,7344,0,0,0,0,53076,473,0,0,11427,4395,0,0,0,0,0,0,88352,0,0,0,1046,19664,0,761,0,0,66547,4957,0,0,0,0,0,0,8529,0,453,0,0,0,0
"Pseudocaranx dentex","species","Pseudocaranx dentex","Pseudocaranx dentex","Pseudocaranx","Pseudocaranx","Carangidae",0,0,0,0,22,0,0,3177,0,0,0,0,0,0,0,0,0,0,0,0,0,0,0,0,0,0,0,0,0,0,0,0,0,0,0,0,0,0,0,0,0,0,0,0,0,0,0,0,0,0,0,0,0,0,0,0,0,0,0,0,0,0,0,0,0,0,0,0,0,0,0,0,0,0,0,0,0,0,0,0,0,0,0,0,0,0,0,0,0,0,0,0,0,0,0,0,0,0,0,0,0,0,0,0,0,0,0,0,0,0,0,0,0,0,0,0,0,0,0,0,0,0,0,0,0,0,0,0,0,0,0,0,0,0
"Pterois miles","species","Pterois miles","Pterois miles","Pterois","Pterois","Scorpaenidae",0,0,0,3033,19,0,1030,4793,2301,1080,0,503,201,214,34,86,0,0,0,0,0,0,0,0,0,0,0,0,0,0,0,0,0,0,0,0,0,0,0,0,0,0,0,0,0,0,0,0,0,0,0,0,0,0,0,0,0,0,0,0,0,0,0,0,0,0,0,0,0,0,0,0,0,0,0,0,0,0,0,0,0,0,0,0,0,0,0,0,0,0,0,0,0,0,0,0,0,0,0,0,0,0,0,0,0,0,0,0,0,0,0,0,0,0,0,0,0,0,0,0,0,0,0,0,0,0,0,0,0,0,0,0,0,0
"Pteroplatytrygon violacea","species","Pteroplatytrygon violacea","Pteroplatytrygon violacea","Pteroplatytrygon","Pteroplatytrygon","Dasyatidae",0,0,0,0,0,0,0,0,0,0,0,0,0,0,0,0,0,0,0,16,0,0,0,0,0,0,0,0,0,0,0,0,15,0,0,0,0,0,0,0,0,0,0,0,0,0,0,0,0,0,0,0,0,0,0,0,0,0,0,0,0,0,0,0,0,0,0,0,0,0,0,0,0,0,0,0,0,0,0,0,0,0,0,0,0,0,0,0,0,0,0,0,0,54,0,0,0,0,0,0,0,0,0,0,0,0,0,0,0,0,0,0,0,0,0,0,0,0,0,0,0,0,0,0,0,0,0,0,0,0,0,0,0,0
"Raja","genus",NA,NA,"Raja","Raja","Rajidae",0,0,0,0,0,0,0,0,0,0,0,0,0,0,0,0,0,0,0,0,0,0,0,0,0,0,0,0,0,0,0,0,0,0,0,0,0,0,0,0,0,0,0,0,0,0,0,0,0,0,8046,0,0,0,0,0,0,0,0,0,0,0,0,0,0,0,0,0,0,0,0,0,0,0,0,0,0,0,0,0,0,0,0,0,0,0,0,0,0,0,0,0,4298,17,0,35,0,769,10,0,0,313,0,0,0,0,0,0,0,0,0,0,0,0,450,0,0,0,0,0,0,0,0,0,0,0,0,0,0,0,0,0,0,0
"Raja brachyura","species","Raja brachyura","Raja brachyura","Raja","Raja","Rajidae",0,0,0,0,0,0,0,0,0,0,0,0,0,0,0,0,0,0,0,0,0,0,0,0,0,0,0,0,0,0,0,0,0,0,0,0,0,0,0,0,0,0,0,0,0,0,0,0,0,0,0,0,0,0,0,0,0,0,0,0,0,0,0,0,0,0,0,0,0,0,0,0,0,0,0,0,0,0,0,0,0,0,0,0,0,0,0,0,0,0,0,0,0,0,0,0,0,0,0,0,0,0,0,0,0,0,0,0,0,0,0,0,0,0,0,0,0,0,0,0,0,0,0,0,0,0,0,0,0,696,0,0,0,0
"Repomucenus","genus",NA,NA,"Repomucenus","Repomucenus","Callionymidae",0,59,0,0,0,0,0,0,0,0,0,0,0,0,0,0,0,0,0,0,0,0,0,0,0,0,0,0,0,0,0,0,0,0,0,0,0,0,0,0,0,0,0,0,0,0,0,0,0,0,0,0,0,0,0,0,0,0,0,0,0,0,0,0,0,0,0,0,0,0,0,0,0,0,0,0,0,0,0,0,0,0,0,0,0,0,0,0,0,0,0,0,0,0,0,0,0,0,0,0,0,0,0,0,0,0,0,0,0,0,0,0,0,0,0,0,0,0,0,0,0,0,0,0,0,0,0,0,0,0,0,0,0,0
"Repomucenus filamentosus","species","Repomucenus filamentosus","Callionymus filamentosus","Repomucenus","Callionymus","Callionymidae",4957,1912,870,0,24,0,301,0,251,0,0,0,0,0,0,0,0,0,0,0,0,0,0,0,0,0,0,0,0,0,0,0,0,0,0,0,0,0,0,0,0,0,0,0,0,0,0,0,0,0,0,0,0,0,0,0,0,0,0,0,0,0,0,0,0,0,0,0,0,0,0,0,0,0,0,0,0,0,0,0,0,0,0,0,0,0,0,0,0,0,0,0,0,0,0,0,0,0,0,0,0,0,0,0,0,0,0,0,0,0,0,0,0,0,0,0,0,0,0,0,0,0,0,0,0,0,0,0,0,0,0,0,0,0
"Rhinobatos rhinobatos","species","Rhinobatos rhinobatos","Rhinobatos rhinobatos","Rhinobatos","Rhinobatos","Rhinobatidae",0,0,66,0,0,0,0,0,0,0,0,0,0,0,0,0,0,0,0,0,0,0,0,0,0,0,0,0,0,0,0,0,0,0,0,0,0,0,0,0,0,0,0,0,0,0,0,0,0,0,0,0,0,0,0,0,0,0,0,0,0,0,0,0,0,0,0,0,0,0,0,0,0,0,0,0,0,0,0,0,0,0,0,0,0,0,0,0,0,0,0,0,0,0,0,0,0,0,0,0,0,0,0,0,0,0,0,0,0,0,0,0,0,0,0,0,0,0,0,0,0,0,0,0,0,0,0,0,0,0,0,0,0,0
"Salaria","genus",NA,NA,"Salaria","Salaria","Blenniidae",0,0,0,0,0,0,0,0,0,0,0,0,0,0,0,0,0,0,0,0,0,0,0,0,0,0,0,0,0,0,0,0,0,184,571,0,0,0,2354,0,0,0,4485,0,0,0,0,0,0,0,0,0,0,0,0,0,0,0,0,0,0,0,0,0,0,0,0,0,0,0,0,0,0,0,0,0,0,0,0,0,0,0,0,0,0,0,0,0,0,0,0,0,0,0,0,0,0,0,0,0,0,0,0,0,0,0,0,0,0,0,0,0,0,0,0,0,0,0,0,0,0,0,0,0,0,0,0,0,0,0,0,0,0,0
"Salmo","genus",NA,NA,"Salmo","Salmo","Salmonidae",0,0,0,0,0,0,0,2063,0,0,0,0,0,0,0,0,0,0,0,0,0,0,0,0,0,0,0,0,0,0,0,0,0,0,0,0,0,0,0,0,0,0,0,0,0,0,0,0,0,0,0,0,0,0,0,0,0,0,0,0,0,0,0,0,0,0,0,0,0,0,0,0,0,0,0,0,0,0,0,0,0,0,0,0,0,0,0,0,0,0,0,0,0,0,0,0,0,0,0,0,0,0,0,0,0,0,0,0,0,0,0,0,0,0,0,0,0,0,0,0,0,0,0,0,0,0,0,0,0,0,0,0,0,0
"Salmo salar","species","Salmo salar","Salmo salar","Salmo","Salmo","Salmonidae",0,0,0,0,0,0,0,0,0,0,0,0,0,0,0,0,0,0,0,456,51,0,0,0,0,0,0,0,0,0,0,0,0,0,0,0,0,0,0,0,0,0,0,0,0,0,0,0,0,0,0,0,0,0,0,0,0,0,0,0,0,0,0,0,0,0,0,0,0,0,0,0,0,0,0,0,0,0,0,0,0,0,0,0,0,0,0,0,0,0,0,0,0,0,0,0,0,0,0,0,0,0,0,0,0,0,0,0,0,0,0,0,0,0,0,0,0,0,0,0,0,0,0,0,0,0,0,0,0,0,0,0,0,0
"Salmonidae","family",NA,NA,NA,NA,"Salmonidae",0,0,0,0,0,0,0,87,0,0,0,0,0,0,0,0,0,0,0,0,0,0,0,0,0,0,0,0,0,0,0,0,0,0,0,0,0,0,0,0,0,0,0,0,0,0,0,0,0,0,0,0,0,0,0,0,0,0,0,0,0,0,0,0,0,0,0,0,0,0,0,0,0,0,0,0,576,0,0,0,0,0,0,0,0,0,0,0,0,0,0,0,0,0,0,0,0,0,0,0,0,0,0,0,0,0,0,0,0,0,0,0,0,0,0,0,0,0,0,0,0,0,0,0,0,0,0,0,0,0,0,0,0,0
"Sarda","genus",NA,NA,"Sarda","Sarda","Scombridae",0,0,0,0,0,0,0,0,0,0,0,0,0,0,0,0,0,0,0,0,0,0,0,0,0,0,0,0,0,0,0,0,0,0,0,0,0,0,0,0,0,0,0,0,0,0,0,0,0,0,0,0,0,0,0,0,0,0,0,0,0,0,0,0,0,0,0,0,0,0,0,0,0,0,0,0,0,0,0,0,0,0,0,0,0,0,0,0,0,0,0,0,0,0,0,0,17,0,0,0,0,0,0,0,0,0,0,0,0,0,0,0,0,0,0,0,0,0,0,0,0,0,0,0,0,0,0,0,0,0,0,0,0,0
"Sarda sarda","species","Sarda sarda","Sarda sarda","Sarda","Sarda","Scombridae",0,0,0,0,0,0,0,0,0,0,0,0,0,0,0,0,0,0,0,0,0,0,0,0,67,0,0,0,0,0,0,681,0,2095,0,36,0,2482,0,0,0,0,0,0,0,0,0,0,0,0,0,0,0,0,0,0,552,0,0,0,0,0,0,0,0,0,0,0,0,2523,2092,0,433,0,0,0,0,0,0,0,0,0,334,0,0,0,0,0,0,0,0,0,16,244,0,0,5224,0,648,0,0,0,0,16,0,0,0,0,0,0,0,0,0,0,0,0,0,156,0,0,0,0,0,0,0,465,0,0,0,0,329,3609,0,0
"Sardina pilchardus","species","Sardina pilchardus","Sardina pilchardus","Sardina","Sardina","Clupeidae",0,0,0,0,0,352,0,0,0,0,0,0,0,0,0,0,0,0,0,0,0,0,0,0,4213,4807,3301,4320,2652,579,8058,30119,8292,106,0,0,0,496,0,0,0,0,0,0,0,0,0,0,0,0,0,0,0,0,0,0,0,0,3011,73,18,221,0,0,0,0,0,37452,19886,24641,46380,23145,21506,29654,0,67202,90944,1973,0,13509,2485,6673,2985,200248,98499,9021,1416,7446,5431,98436,184025,21159,410,2003,0,0,0,0,1659,0,0,14733,9527,0,0,0,0,0,0,0,0,0,0,0,29179,0,0,0,0,0,65816,0,0,9833,0,0,0,0,0,108234,393126,16505,17780,0
"Sardinella","genus",NA,NA,"Sardinella","Sardinella","Clupeidae",4402,1053,0,0,0,399,0,0,0,0,0,0,0,0,558,0,5570,19955,21595,988,7496,10487,9968,5504,94417,65579,111586,0,58441,94031,50953,29172,10064,10630,546,3365,4849,6932,8819,10420,54532,831,1109,8045,68600,0,3917,0,484,2875,0,25546,11093,1976,18649,0,0,14015,0,69867,2057,3330,3761,1408,13715,0,0,0,0,18432,10156,2441,245,19154,0,0,0,0,0,1720,0,7649,2828,0,8955,3783,3947,4359,9780,35431,36749,8166,5475,1584,78945,8750,0,40264,5952,0,0,35202,56954,334,167303,718517,23626,0,0,0,0,25717,0,0,0,0,1570,0,0,5768,6836,0,954,2518,5635,0,0,3226,17368,0,176931,82264,52917,19763
"Sardinella longiceps","species","Sardinella longiceps","Sardinella longiceps","Sardinella","Sardinella","Clupeidae",0,0,0,0,0,0,0,0,0,0,0,0,0,0,0,0,0,0,0,0,0,0,0,0,0,0,0,0,0,0,0,0,0,0,0,0,0,0,0,0,0,0,0,0,0,0,0,0,0,0,0,0,0,0,0,0,0,0,0,0,0,0,0,0,0,0,0,0,0,0,0,0,0,0,0,0,0,0,0,0,0,0,0,0,0,0,0,0,0,0,0,0,0,0,0,0,0,0,0,0,0,0,64,0,0,0,0,0,0,0,0,0,0,0,0,0,0,0,0,0,0,0,0,0,0,0,0,0,0,0,0,0,0,0
"Sargocentron","genus",NA,NA,"Sargocentron","Sargocentron","Holocentridae",639,0,4939,162,130,0,2536,0,248,4053,0,195,220,0,1114,0,0,0,0,0,0,0,0,0,0,0,0,0,0,0,0,0,0,0,0,0,0,0,0,0,0,0,0,0,0,0,0,0,0,0,0,0,0,0,0,0,0,0,0,0,0,0,0,0,0,0,0,0,0,0,0,0,0,0,0,0,0,0,0,0,0,0,0,0,0,0,0,0,0,0,0,0,0,0,0,0,0,0,0,0,0,0,0,0,0,0,0,0,0,0,0,0,0,0,0,0,0,0,0,0,0,0,0,0,0,0,0,0,0,0,0,0,0,0
"Sarpa salpa","species","Sarpa salpa","Sarpa salpa","Sarpa","Sarpa","Sparidae",0,0,0,0,0,0,0,0,0,0,0,1932,0,0,0,3758,0,398,932,644,4682,357,3723,2005,172,1509,78,0,438,839,234,432,0,2534,36853,3653,21419,1862,15121,1781,13408,4360,21397,242967,0,25980,4447,0,5596,0,103943,83592,11293,11745,16867,0,0,31417,11832,1321,2969,1595,436,1596,2349,8633,0,370665,320800,106697,136816,106319,145982,38276,58702,177110,262408,114881,0,101031,160158,105138,207091,55033,79146,171777,204611,46689,48600,95941,169280,30475,0,0,5233,1936,0,825,390,0,189343,0,6989,1329,44798,3181,16794,0,0,0,0,7092,0,0,11467,207169,58059,18918,0,0,1673,618988,123553,11842,28803,1754,3523,5247,0,4674,961,59192,70353,33602
"Saurida lessepsianus","species","Saurida lessepsianus","Saurida lessepsianus","Saurida","Saurida","Synodontidae",1158,1301,1164,0,0,0,0,0,0,0,0,0,0,0,0,0,0,0,0,0,0,0,0,0,0,0,0,0,0,0,0,0,0,0,0,0,0,0,0,0,0,0,0,0,0,0,0,0,0,0,0,0,0,0,0,0,0,0,0,0,0,0,0,0,0,0,0,0,0,0,0,0,0,0,0,0,0,0,0,0,0,0,0,0,0,0,0,0,0,0,0,0,0,0,0,0,0,0,0,0,0,0,0,0,0,0,0,0,0,0,0,0,0,0,0,0,0,0,0,0,0,0,0,0,0,0,0,0,0,0,0,0,0,0
"Scartella cristata","species","Scartella cristata","Scartella cristata","Scartella","Scartella","Blenniidae",0,0,0,0,0,0,0,0,0,0,0,0,0,0,0,0,0,0,0,0,468,0,577,267,0,0,0,0,0,0,155,0,0,0,0,0,0,0,0,0,0,0,0,0,0,0,0,0,0,0,0,0,0,0,0,0,0,0,0,0,0,0,0,0,0,0,0,0,0,0,0,0,0,0,0,0,0,0,0,0,0,0,0,0,0,0,0,0,0,0,0,0,0,0,0,0,0,0,0,0,0,0,0,0,0,0,0,0,0,0,0,0,0,0,0,0,0,0,0,0,0,0,0,0,0,0,0,0,0,0,0,0,0,0
"Sciaena umbra","species","Sciaena umbra","Sciaena umbra","Sciaena","Sciaena","Sciaenidae",0,0,0,0,0,0,0,0,0,0,0,0,0,0,0,72,0,0,0,0,92,0,0,81,0,0,0,0,0,0,79,0,0,0,0,41,146,0,201,88,331,0,38438,1234,0,41528,0,0,1010,0,0,0,0,1408,0,0,0,0,0,0,22,0,789,0,0,60,15,0,843,0,562,633,250,300,0,3800,0,0,0,984,0,2025,170,0,0,0,3329,0,0,0,0,0,0,0,348,422,0,1072,324,0,0,0,0,66,111779,0,0,0,0,0,0,340483,0,0,0,5357,345,837,0,0,468,0,8178,0,3743,1458,0,1330,0,3021,0,2578,0,0
"Sciaenidae","family",NA,NA,NA,NA,"Sciaenidae",0,0,0,109,469,0,0,0,0,0,0,0,0,0,0,0,0,0,0,246,0,0,0,0,0,0,0,0,0,0,35792,13504,16814,0,0,0,0,0,0,0,0,0,0,0,0,0,0,0,0,0,0,0,0,0,0,0,0,0,0,0,0,0,0,0,0,0,0,0,0,0,0,0,0,0,0,0,0,0,0,0,0,0,0,0,0,0,0,0,0,0,0,0,0,0,0,0,0,0,0,0,0,0,0,0,0,0,0,0,0,0,0,0,0,0,0,0,0,0,0,0,0,0,0,0,0,0,0,0,0,0,0,0,0,0
"Scomber","genus",NA,NA,"Scomber","Scomber","Scombridae",0,0,0,0,0,0,0,0,0,0,0,0,0,0,0,765,897,16418,330,0,0,82,169,0,4107,6557,1494,0,5968,4394,762,333,19301,3938,0,785,0,1576,0,808,153,250,0,0,0,0,0,0,0,0,0,0,0,0,0,0,0,0,0,1154,0,186,589,364,2530,0,0,3053,0,0,1390,0,181,0,0,17773,13425,513,0,490,0,3079,59,101,181,1891,1089,0,0,0,0,2994,1050,614,0,0,175457,0,0,0,0,0,0,0,0,0,0,0,0,0,0,0,0,0,5831,0,0,0,0,0,0,0,0,708,209,0,182,1040,0,93,0,1614,0,0
"Scomber colias","species","Scomber colias","Scomber colias","Scomber","Scomber","Scombridae",0,0,0,0,0,0,0,0,0,0,0,0,0,0,0,0,139,1330,0,0,0,0,0,0,726,1659,0,0,492,274,240,148,3233,267,0,147,0,1811,0,0,0,0,0,0,0,0,0,0,0,0,0,0,0,0,0,0,0,0,0,0,0,0,0,3019,257,0,0,0,512,0,197,0,82,0,0,0,0,0,0,0,0,7345,0,0,0,0,120,0,0,0,0,0,0,41,0,0,4694,0,0,0,0,1432,763,147,0,0,0,0,0,0,0,0,0,0,0,0,0,0,0,2522,0,0,0,0,0,0,0,983,0,0,0,0,0,0
"Scomber scombrus","species","Scomber scombrus","Scomber scombrus","Scomber","Scomber","Scombridae",0,0,0,0,0,0,0,0,0,0,0,0,0,0,0,0,0,0,0,0,0,0,0,0,0,0,0,0,0,0,0,0,100,0,0,0,0,0,0,0,0,0,0,0,0,0,0,0,0,0,0,0,0,0,0,0,0,0,0,0,0,0,0,0,0,0,0,0,0,0,1301,0,36,0,0,0,0,0,0,0,0,0,0,24218,14302,0,0,0,0,0,0,0,0,0,0,0,0,0,0,0,0,0,0,0,0,0,0,0,0,0,0,0,0,0,0,0,0,0,0,0,0,0,0,32117,0,0,0,0,0,0,0,0,0,0
"Scomberomorus commerson","species","Scomberomorus commerson","Scomberomorus commerson","Scomberomorus","Scomberomorus","Scombridae",0,0,254,0,0,0,0,0,0,0,620,0,0,0,0,0,0,0,0,0,0,0,0,0,0,0,0,0,0,0,0,0,0,0,0,0,0,0,0,0,0,0,0,0,0,0,0,0,0,0,0,0,0,0,0,0,0,0,0,0,0,0,0,0,0,0,0,0,0,0,0,0,0,0,0,0,0,0,0,0,0,0,0,0,0,0,0,0,0,0,0,0,0,0,0,0,0,0,0,0,0,0,0,0,0,0,0,0,0,0,0,0,0,0,0,0,0,0,0,0,0,0,0,0,0,0,0,0,0,0,0,0,0,0
"Scombridae","family",NA,NA,NA,NA,"Scombridae",0,0,0,0,0,0,0,0,0,0,0,0,0,0,0,0,0,0,0,0,0,0,0,0,0,0,0,0,0,0,0,0,0,0,0,0,0,0,0,0,0,0,0,0,230,0,0,0,0,0,0,0,0,0,0,0,0,0,0,0,0,0,0,0,0,0,0,0,0,0,0,0,0,0,0,0,0,0,0,0,0,0,0,0,0,0,0,0,0,0,0,0,0,0,0,0,0,0,0,0,0,0,0,0,0,0,0,0,0,0,0,0,0,0,0,0,0,0,0,0,0,0,0,0,0,0,0,0,0,0,0,0,0,0
"Scorpaena","genus",NA,NA,"Scorpaena","Scorpaena","Scorpaenidae",0,0,0,0,0,0,0,0,0,0,0,0,0,0,0,0,0,0,0,0,0,0,0,0,0,0,0,0,0,0,0,0,0,0,0,0,0,0,0,0,0,0,0,0,2296,0,0,0,0,0,0,0,2386,0,146,0,0,0,0,0,0,0,0,0,0,760,0,59,0,0,0,0,0,0,0,0,0,0,0,0,0,0,43,0,0,110,0,0,0,0,0,0,0,1407,0,0,0,0,0,0,0,0,0,0,0,0,0,0,0,0,0,0,0,400,0,1646,0,0,0,1478,0,1593,0,0,0,0,623,3104,0,266,0,0,0,200
"Scorpaena notata","species","Scorpaena notata","Scorpaena notata","Scorpaena","Scorpaena","Scorpaenidae",0,0,0,47,0,0,0,0,0,0,0,0,0,0,0,0,0,128,359,0,169,96,0,33,200,0,0,0,0,0,0,0,0,169,0,0,0,0,0,211,363,69,0,584,36656,0,0,0,0,0,0,0,0,0,0,0,0,0,0,154,68,58,74,0,1795,0,0,0,0,0,0,0,0,0,0,0,0,3915,0,0,0,2493,1154,0,0,3355,0,0,0,0,465,0,0,563,0,0,0,0,0,0,0,0,44,0,0,0,0,0,0,0,0,0,0,0,1638,0,0,1234,0,40350,1336,0,0,0,0,0,0,0,0,457,20634,0,0,0
"Scorpaena porcus","species","Scorpaena porcus","Scorpaena porcus","Scorpaena","Scorpaena","Scorpaenidae",0,0,0,0,0,0,0,0,0,0,0,0,0,0,0,0,0,0,825,0,386,0,396,147,0,0,0,0,0,0,0,0,0,149,195,0,0,272,148,0,100,0,4667,1633,0,0,0,0,210,0,6410,0,0,0,13596,0,0,0,4768,24,351,40,0,0,0,0,0,2535,813,1449,0,1301,3220,408,0,0,0,310,0,0,0,0,934,0,0,9391,4758,0,0,4861,524,0,467,46,0,0,0,1773,804,0,0,0,0,212,0,0,0,0,0,0,0,0,0,0,0,4122,1932,850,0,2913,295,2592,65,0,0,92,0,0,0,1171,0,0,0,8340
"Scorpaena scrofa","species","Scorpaena scrofa","Scorpaena scrofa","Scorpaena","Scorpaena","Scorpaenidae",0,0,0,0,120,0,0,0,0,0,0,0,72,0,0,0,0,0,0,0,0,0,265,75,0,0,0,0,0,0,0,0,0,178,0,0,0,0,0,245,0,0,0,0,0,0,0,0,0,0,0,5771,5282,0,0,0,0,10733,0,86,0,47,0,0,0,0,0,0,0,0,0,0,0,0,0,0,0,1264,0,0,0,0,691,0,0,0,0,0,0,0,0,0,28,2990,0,0,0,0,731,0,0,0,0,0,3964,0,0,0,0,0,0,0,0,0,0,0,2792,2318,0,15419,737,0,0,0,1652,4,20967,0,0,0,0,11512,0,0
"Scyliorhinus canicula","species","Scyliorhinus canicula","Scyliorhinus canicula","Scyliorhinus","Scyliorhinus","Scyliorhinidae",0,0,0,0,0,0,0,0,0,0,0,0,0,0,0,0,0,0,0,0,0,0,0,0,0,0,0,0,0,0,0,0,0,0,0,0,0,0,0,0,0,0,0,0,0,0,0,0,0,0,0,0,0,0,0,0,0,0,0,0,0,0,0,0,0,0,0,0,0,0,0,0,0,0,0,0,0,0,0,0,0,0,0,0,0,0,0,0,0,0,0,0,83,0,0,0,0,0,340,0,0,16,0,0,0,0,0,0,0,0,0,0,0,0,0,0,0,0,0,0,3,0,0,0,0,0,0,0,0,0,0,0,0,0
"Seriola","genus",NA,NA,"Seriola","Seriola","Carangidae",0,0,0,0,0,0,0,0,0,0,0,0,0,0,0,0,0,0,0,0,0,0,0,0,0,0,0,0,0,0,0,0,0,0,0,0,0,0,0,0,0,0,0,0,0,0,0,0,0,0,0,0,0,0,0,0,0,0,0,0,0,0,0,0,0,0,0,0,0,0,0,0,0,0,0,0,0,0,0,0,0,0,0,0,0,0,0,0,0,0,0,0,0,0,0,0,0,0,0,0,0,0,0,0,0,0,0,0,0,0,0,0,0,0,0,0,0,0,0,0,0,0,0,3,0,0,0,0,0,0,0,0,0,0
"Seriola dumerili","species","Seriola dumerili","Seriola dumerili","Seriola","Seriola","Carangidae",0,0,0,0,0,0,0,0,0,0,0,0,0,0,0,0,0,60,0,12,0,16,60,0,0,0,0,0,0,0,0,0,0,0,0,0,0,0,0,0,0,0,0,0,0,0,0,0,129,0,0,0,13,0,0,0,0,0,0,0,0,0,12,0,0,0,0,0,0,0,0,0,0,0,0,6,0,129,0,6,491,0,476,0,140,1842,7,0,0,0,0,0,0,0,0,6,2,0,0,0,0,0,9,0,0,0,0,0,0,0,0,0,0,0,4,0,0,0,0,0,0,4,0,304,650,0,0,3,0,0,0,31,30,963
"Serranus","genus",NA,NA,"Serranus","Serranus","Serranidae",0,0,0,0,29,0,91,0,129,341,0,0,0,0,0,0,0,0,59,119,46,0,51,0,0,0,0,0,0,0,0,0,0,0,0,0,0,0,0,14,0,0,2249,2639,70024,0,2127,0,3898,0,10953,417,447,453,1727,0,696,141,0,0,0,0,0,0,0,0,0,0,0,0,0,658,172,0,0,0,0,603,0,0,359,0,746,176,0,223,751,0,0,0,0,126,3880,1950,0,820,0,3875,2756,0,2019,335,3985,460,0,1896,0,0,0,69853,0,0,0,238,2303,3282,13202,9215,0,37998,773,2033,1843,44204,0,0,0,0,0,448,7049,1760,0,0
"Serranus cabrilla","species","Serranus cabrilla","Serranus cabrilla","Serranus","Serranus","Serranidae",0,0,0,72,36,0,0,0,133,0,0,263,0,0,37,36,37,45,237,0,0,0,0,44,0,0,0,0,0,0,43,0,13,0,0,0,0,98,0,0,0,0,173,0,32898,3798,2325,0,489,939,0,18790,0,0,0,0,7188,0,0,0,0,0,0,0,0,0,24,0,0,0,0,0,125,0,0,0,0,392,0,0,838,197,138,0,0,0,551,0,0,0,1229,0,14071,4027,0,3347,0,11853,2066,0,0,17652,3408,0,0,0,0,0,0,804,0,0,0,722,4730,955,0,3346,0,38774,1905,0,0,24674,0,0,0,1681,0,744,69,14599,0,0
"Serranus hepatus","species","Serranus hepatus","Serranus hepatus","Serranus","Serranus","Serranidae",0,0,0,0,0,0,63,0,0,0,0,0,0,0,0,0,0,0,0,0,0,0,0,0,0,0,0,0,0,0,0,0,0,0,0,72,0,0,0,0,112,0,0,0,225900,35154,0,325546,0,0,0,0,0,0,0,0,0,0,0,11,0,0,0,0,0,207,0,1053,0,1307,138,362,0,0,9584,0,0,0,0,0,0,0,0,0,0,0,0,0,0,0,0,0,5530,0,0,0,0,7404,0,0,0,13711,1038,0,0,0,0,0,0,0,0,0,0,54,853,0,0,0,0,2145,42,0,0,0,0,0,0,0,0,145,0,0,0,0
"Serranus scriba","species","Serranus scriba","Serranus scriba","Serranus","Serranus","Serranidae",0,0,0,0,71,0,588,0,550,1095,0,356,71,0,14,13,0,0,303,25,363,14,305,334,0,0,0,0,0,0,0,0,0,91,179,0,270,57,581,0,28,0,6531,19009,0,0,37366,0,40936,0,55359,0,15475,57317,208388,0,201,12103,0,160,348,254,68,0,345,89,0,0,12695,0,0,715,2943,0,0,0,0,360,0,0,0,595,306,2189,0,0,1493,1322,0,0,0,0,2828,998,10720,2702,0,2710,3323,0,261,0,188,3883,11908,4499,873,0,0,0,18661,2131,0,0,0,29965,125757,59668,0,21910,197,13738,41283,339063,638,546,0,328,0,30,0,0,1616,15536
"Siganus","genus",NA,NA,"Siganus","Siganus","Siganidae",0,0,11207,7995,1516,0,6335,19371,4948,7910,2452,442,3111,7138,16818,1178,0,0,0,0,0,0,0,0,0,0,0,0,0,0,0,0,0,0,0,0,0,0,0,0,0,0,0,0,0,0,0,0,0,0,0,0,0,0,0,0,0,0,0,40,0,0,0,0,0,0,0,0,0,0,0,0,0,0,0,0,0,0,0,0,0,0,0,0,0,0,0,0,0,0,0,0,0,0,0,0,0,0,0,0,0,0,0,0,0,0,0,0,0,0,0,0,0,0,0,0,0,0,0,0,0,0,0,0,0,0,0,0,0,0,0,0,0,0
"Siganus luridus","species","Siganus luridus","Siganus luridus","Siganus","Siganus","Siganidae",0,0,0,0,0,0,0,0,0,0,4350,0,512,1012,1376,452,1002,833,0,0,0,0,0,0,0,0,0,0,0,0,0,0,0,0,0,0,0,0,0,0,0,0,0,0,0,0,0,0,0,0,0,0,0,0,0,0,0,0,0,0,0,0,0,0,0,0,0,0,0,0,0,0,0,0,0,0,0,0,0,0,0,0,0,0,0,0,0,0,0,0,0,0,0,0,0,0,0,0,0,0,0,0,0,0,0,0,0,0,0,0,0,0,0,0,0,0,0,0,0,0,0,0,0,0,0,0,0,0,0,0,0,0,0,0
"Sillago","genus",NA,NA,"Sillago","Sillago","Sillaginidae",26758,15705,17080,0,0,0,0,0,0,0,0,0,0,0,0,0,0,0,0,0,0,0,0,0,0,0,0,0,0,0,0,0,0,0,0,0,0,0,0,0,0,0,0,0,0,0,0,0,0,0,0,0,0,0,0,0,0,0,0,0,0,0,0,0,0,0,0,0,0,0,0,0,0,0,0,0,0,0,0,0,0,0,0,0,0,0,0,0,0,0,0,0,0,0,0,0,0,0,0,0,0,0,0,0,0,0,0,0,0,0,0,0,0,0,0,0,0,0,0,0,0,0,0,0,0,0,0,0,0,0,0,0,0,0
"Solea senegalensis","species","Solea senegalensis","Solea senegalensis","Solea","Solea","Soleidae",0,0,0,0,0,0,0,0,0,0,0,0,0,0,0,0,0,0,0,0,0,0,0,0,0,0,0,0,0,0,0,0,0,0,0,0,0,0,0,0,0,0,0,0,0,0,0,0,0,0,0,0,0,0,0,0,0,0,0,0,0,0,0,0,0,0,0,317,509,0,0,0,0,0,0,0,0,0,0,0,0,0,0,0,0,0,0,0,0,0,0,0,0,0,0,0,0,0,0,0,0,0,0,0,0,0,0,0,0,0,0,0,0,0,0,0,0,0,0,0,0,0,0,206,0,0,0,0,0,0,0,0,0,0
"Sparidae","family",NA,NA,NA,NA,"Sparidae",0,0,0,79,525,74,0,0,0,0,0,0,0,221,0,364,0,60,0,1404,40,0,124,218,44,75,73,0,0,0,69,446,138,36,227,0,209,0,261,0,0,0,740,4984,6144,145862,2321,0,932,9352,0,7168,0,7094,0,0,609,3885,0,69,22,140,0,0,253,171,0,0,0,154,461,858,210,0,0,0,0,0,0,0,2588,735,0,7901,111,9210,2963,0,0,0,0,6205,66647,3801,0,69458,936,210462,7505,0,623,32755,15815,82,0,0,0,0,0,0,0,0,0,197349,297817,10666,13541,23832,29725,18203,6196,16435,9295,0,9204,2846,0,30635,0,1696,2185,277293,0,0
"Sparisoma","genus",NA,NA,"Sparisoma","Sparisoma","Labridae",0,0,0,0,0,0,0,0,0,0,0,0,0,0,0,0,0,0,0,0,0,0,0,0,0,0,0,0,0,0,0,0,0,0,0,0,0,0,0,0,0,0,304,0,0,0,728,0,191,0,0,0,0,0,0,0,0,0,0,0,0,0,0,0,0,0,0,0,0,0,0,0,0,0,0,0,0,0,0,0,0,0,0,0,0,0,0,0,0,0,0,0,0,0,0,0,0,0,0,0,0,0,0,0,0,0,0,0,0,0,0,0,0,0,0,0,0,0,0,0,0,0,0,0,0,0,0,0,0,0,0,0,0,0
"Sparisoma cretense","species","Sparisoma cretense","Sparisoma cretense","Sparisoma","Sparisoma","Labridae",0,0,0,460,426,0,3034,417,7112,7328,1042,4475,3438,6354,10516,3785,162,1746,272,1860,14878,1373,19655,13396,0,0,0,0,0,0,0,0,0,0,0,37,368,0,4571,0,0,0,31140,3727,0,0,68516,0,35633,0,0,0,0,1386,0,0,0,3605,0,54,123,0,0,0,0,0,0,0,0,0,0,0,0,0,0,0,0,0,0,0,0,0,0,0,0,0,0,0,0,0,0,0,0,0,0,0,0,0,0,0,0,0,0,0,0,0,0,0,0,0,0,0,0,0,0,0,0,0,0,0,0,0,0,0,0,0,0,0,0,0,0,0,0,0
"Sparus aurata","species","Sparus aurata","Sparus aurata","Sparus","Sparus","Sparidae",0,291,1145,122906,122735,142454,0,1217,1584,0,0,0,0,0,0,0,0,0,3526,7368,76062,0,228,0,83,0,0,0,27,0,4454,21804,13501,4437,3219,1380,3485,288,3032,0,1761,184,4024,2552,0,0,25018,0,395,0,0,0,0,0,0,0,0,0,0,953,1243,188,0,542,0,0,0,4823,10468,11644,4490,12127,13307,0,0,20646,0,34545,0,5756,0,8573,6522,5982,6983,27330,8915,11645,0,0,3174,3813,0,0,1264,22,0,0,0,0,0,0,0,805,0,0,0,0,0,0,17974,0,0,0,0,28231,24368,2645,0,6222,1328,8204,12034,2698,109035,13766,0,4860,125,270,0,4144,6504,3445
"Speleogobius trigloides","species","Speleogobius trigloides","Speleogobius trigloides","Speleogobius","Speleogobius","Gobiidae",0,0,0,0,0,0,0,0,0,0,0,0,0,0,0,0,0,0,0,0,0,0,0,0,0,0,0,0,0,0,0,0,0,0,0,0,0,0,0,0,0,0,0,0,0,0,0,0,0,0,0,0,0,0,0,0,8237,0,0,0,0,0,0,0,0,0,0,0,0,0,0,0,0,0,0,0,0,0,0,0,0,0,0,0,0,0,0,0,0,0,0,0,0,0,0,0,0,0,0,0,0,0,0,0,0,0,0,0,0,0,0,0,0,15,0,0,0,0,0,2260,0,0,0,0,0,0,0,0,0,0,0,0,0,0
"Sphyraena","genus",NA,NA,"Sphyraena","Sphyraena","Sphyraenidae",0,0,108,1624,0,0,606,737,322,21,0,364,180,0,0,0,0,0,0,0,0,0,17,0,0,0,0,0,0,0,0,0,0,0,0,0,0,0,0,0,0,14,0,0,0,0,426,0,0,0,0,0,0,0,0,0,0,0,0,0,26,0,0,0,0,0,0,0,0,61,0,0,56,0,0,0,0,0,0,34,0,18,0,0,0,0,0,0,0,0,0,0,0,9,0,0,0,0,0,0,0,2176,0,19,0,0,344,0,0,0,0,0,0,0,0,0,0,0,0,0,0,0,0,0,0,55,0,0,0,0,0,34,3050,2767
"Sphyraena viridensis","species","Sphyraena viridensis","Sphyraena viridensis","Sphyraena","Sphyraena","Sphyraenidae",0,0,0,0,0,0,0,0,0,0,0,0,0,0,0,20,0,0,0,0,0,0,0,13,0,0,0,0,0,0,0,20,0,0,0,0,0,0,0,0,0,0,18,0,0,0,93,0,0,0,0,0,0,0,0,2139,0,0,0,0,0,0,0,0,0,0,0,0,0,0,0,0,0,0,0,2536,442,0,0,17,929,0,0,0,333,0,0,0,0,0,25,0,0,0,66,43,0,0,0,0,0,0,0,0,573,0,0,0,0,0,0,0,0,0,0,31,0,0,0,0,0,538,0,45,15,0,0,239,0,17,0,0,2887,0
"Spicara","genus",NA,NA,"Spicara","Spicara","Centracanthidae",0,0,0,0,0,0,0,0,50,0,0,0,0,0,0,0,0,0,279,0,0,0,0,89,38,0,6293,0,232,50,540,537,0,0,0,0,0,0,79,209,199,0,0,219,56946,370,80,0,726,788,0,3586,0,0,0,432,0,1552,144,46,0,0,0,0,0,0,0,0,0,0,302,0,319,0,0,0,0,66,0,0,0,0,0,0,0,0,0,0,632,0,0,0,1866,3769,4585,995,0,2423,714,0,0,29731,7821,0,401,0,0,0,412,1040,38,0,86,108,3676,2685,2672,173,147,14805,9784,3197,2346,0,1839,1364,0,1891,0,1380,350,22,2364,1985
"Spicara maena","species","Spicara maena","Spicara maena","Spicara","Spicara","Centracanthidae",0,0,0,695,3108,0,9735,4297,20396,14595,6164,12434,20150,11564,3501,191,0,129,1561,593,3922,2987,3470,4705,211,0,0,0,0,0,0,1323,0,0,0,0,0,197,501,0,0,0,2369,29634,0,3114,10566,0,44578,0,0,0,0,5862,0,0,3609,13463,13890,521,2996,20553,22,1138,0,0,0,5876,7745,8236,17060,32483,29204,0,0,0,0,19017,0,0,0,3406,0,0,0,0,2018,0,11254,0,0,0,1704,0,64539,3935,0,0,2198,0,0,0,2546,219,4165,0,0,0,57317,0,0,0,18033,0,18609,2718,1009,11226,46320,62867,3500,3649,4528,0,448,11023,0,30915,0,11532,5854,170938,13733,11440
"Spicara smaris","species","Spicara smaris","Spicara smaris","Spicara","Spicara","Centracanthidae",0,0,0,1335,3802,0,2069,4824,11806,45772,31826,12117,258,0,286,1302,15967,28201,3583,0,231,1484,12216,5606,0,0,0,0,407,0,28838,1782,3027,422,0,0,226,268,0,392,278,0,29838,2292,43412,28570,1882,0,0,93142,0,129645,0,0,18442,34667,0,38745,0,1265,20025,14626,784,0,2004,0,0,0,0,2053,3773,1385,424,0,0,0,0,0,0,0,0,3111,2013,0,0,0,0,0,0,0,0,0,32299,105270,0,19837,0,105765,33229,0,28361,505262,193297,0,42381,0,53760,0,0,36166,85982,0,15808,0,199325,170392,66650,15735,0,375506,712109,44435,40034,379,173229,38110,0,106649,0,160869,2590,0,3742,0
"Spondyliosoma cantharus","species","Spondyliosoma cantharus","Spondyliosoma cantharus","Spondyliosoma","Spondyliosoma","Sparidae",0,0,0,0,0,13,0,0,0,0,0,0,0,0,0,1023,0,0,0,0,0,0,0,443,32,81,0,0,0,78,346,169,148,0,0,31,233,0,0,0,238,0,0,1707,0,618,0,0,154,2879,0,1512,6186,0,2756,0,0,11994,2110,0,0,101,0,0,0,532,0,0,0,0,0,445,0,7246,0,0,24012,193,0,0,0,0,0,0,8345,4010,0,0,0,0,0,0,3138,1158,994,224105,0,8400,0,0,0,2036,1862,1056,0,1455,15131,2659,30625,0,0,0,6381,769,6136,2118,132,1613,0,11179,4481,345,0,78172,0,0,0,11532,0,1447,758,6362,0,0
"Stomias boa","species","Stomias boa","Stomias boa","Stomias","Stomias","Stomiidae",0,0,0,0,0,0,0,0,0,0,0,0,0,0,0,0,0,0,0,0,0,0,0,0,0,21,0,0,0,0,0,0,0,0,0,0,0,0,0,0,0,0,0,0,0,0,0,0,0,0,0,0,0,0,0,0,0,0,0,0,0,0,0,0,0,0,0,0,0,0,0,0,0,0,0,0,0,0,0,0,0,0,0,0,0,0,0,0,0,0,0,0,0,0,0,0,0,0,0,0,0,0,0,0,0,0,0,0,0,0,0,0,0,0,0,0,0,0,0,0,378,0,0,0,0,0,0,0,0,3,0,0,0,0
"Symbolophorus","genus",NA,NA,"Symbolophorus","Symbolophorus","Myctophidae",0,0,0,0,0,0,0,0,0,0,0,0,0,0,0,0,0,0,0,0,0,0,0,0,0,0,0,0,0,0,0,0,0,0,0,0,0,0,0,0,0,0,0,0,0,0,0,0,0,0,0,0,0,0,0,0,0,0,0,0,0,0,0,0,0,0,0,0,0,0,0,0,0,0,0,0,0,0,0,0,0,0,0,0,0,0,0,0,0,0,0,0,0,0,0,0,0,0,0,0,0,0,0,0,0,0,0,0,3,0,0,0,0,0,0,0,0,0,0,0,0,0,0,0,0,0,0,0,0,0,0,0,0,0
"Symbolophorus veranyi","species","Symbolophorus veranyi","Symbolophorus veranyi","Symbolophorus","Symbolophorus","Myctophidae",0,0,0,0,0,0,0,0,0,0,0,0,0,0,0,0,0,0,0,0,0,0,0,0,0,0,0,0,0,0,0,0,0,0,0,0,0,0,0,0,0,0,0,0,0,0,0,0,0,0,0,0,0,0,0,0,0,0,0,0,0,0,0,0,0,0,0,0,0,0,0,0,0,0,0,0,0,0,0,0,0,0,0,0,0,0,0,0,0,0,0,0,0,0,0,0,0,0,0,0,0,0,0,0,0,0,0,0,0,0,0,0,0,0,0,0,0,0,0,0,42,0,0,0,0,0,0,0,0,0,0,0,0,0
"Symphodus","genus",NA,NA,"Symphodus","Symphodus","Labridae",0,0,0,242,273,0,394,1325,731,250,0,0,0,0,0,0,0,0,251,273,372,0,967,666,0,0,0,0,0,0,81,0,0,39,86,0,68,107,65,0,262,0,4780,17123,3926,0,4838,0,2166,119,25269,14344,70,8077,8741,29475,0,25499,6971,163,655,0,0,0,525,660,71,70209,59539,21992,20936,24450,27675,0,0,14749,84,375,0,3595,5686,324,535,0,5939,50,3692,5875,2794,186,1394,0,3272,7522,0,828,14541,9145,10331,0,156,11537,14808,3362,15646,0,0,0,0,0,17130,353,0,0,2073,19835,11255,44629,0,31040,5647,12552,27580,0,5068,2943,5024,3664,0,5704,1643,14649,619,798
"Symphodus bailloni","species","Symphodus bailloni","Symphodus bailloni","Symphodus","Symphodus","Labridae",0,0,0,0,0,0,0,0,0,0,0,0,0,0,0,0,0,0,0,0,0,0,0,0,0,0,0,0,0,0,0,0,0,0,0,0,0,0,0,0,0,0,0,0,0,0,0,0,0,0,0,0,0,0,0,0,0,0,0,0,0,0,0,0,0,154,0,1386,8000,1215,445,2251,318,0,0,0,0,834,0,0,0,492,1041,0,0,0,625,1365,0,0,0,0,0,0,0,0,0,0,0,0,0,0,0,0,0,0,0,0,0,0,0,0,0,0,0,0,0,0,0,0,0,0,0,0,0,0,0,0,0,0,0,0,0,0
"Symphodus ocellatus","species","Symphodus ocellatus","Symphodus ocellatus","Symphodus","Symphodus","Labridae",0,0,0,0,0,0,0,0,0,1350,0,0,0,0,0,0,0,0,0,245,1036,77,613,195,0,0,0,0,0,0,0,206,0,0,156,0,165,0,0,0,1098,89,3414,10458,0,0,15963,0,1049,0,21361,0,5129,998,11912,0,0,17329,12280,134,527,464,0,0,0,0,0,5612,2510,2516,4710,7725,8283,0,0,0,0,0,0,34092,0,0,113,0,0,0,0,3730,855,0,0,0,76,209,0,12,0,0,819,0,18260,0,0,1259,0,0,0,0,0,20675,10300,0,0,0,0,25531,6183,323548,0,443,0,17037,12292,0,2863,1419,0,675,0,0,0,6448,0,0
"Symphodus tinca","species","Symphodus tinca","Symphodus tinca","Symphodus","Symphodus","Labridae",0,0,0,0,0,0,799,0,0,0,0,1133,175,0,0,48,0,0,123,129,830,386,701,85,0,0,0,0,21,33,133,0,39,641,1787,231,952,163,2897,320,2065,138,17333,21023,0,0,21023,0,4550,0,83605,0,12339,8945,12787,1765,0,77967,17723,411,2877,1413,0,301,0,1280,57,21844,15350,18912,26397,40506,104880,163,0,569,11270,1460,0,8135,5753,3149,990,0,0,19088,22468,9299,5286,21716,15828,20533,2428,7428,0,6512,0,4503,5216,0,11286,0,5697,3658,4932,4146,0,0,0,0,0,0,0,0,4708,77065,35512,71682,0,34989,2326,19654,23406,1469,556,2304,3447,17724,622,6547,0,64181,5960,7166
"Synchiropus","genus",NA,NA,"Synchiropus","Synchiropus","Callionymidae",0,0,0,0,0,0,0,0,0,0,0,0,0,0,0,70,0,0,0,0,0,0,0,0,0,0,0,0,0,0,0,0,0,0,0,0,0,0,0,0,0,0,0,0,0,0,0,0,0,0,0,0,0,0,0,0,0,0,0,0,0,0,0,0,0,0,0,0,0,0,0,0,0,0,0,0,0,0,0,0,0,0,0,0,0,0,0,0,0,0,0,0,0,0,0,0,0,0,0,0,0,0,0,0,0,0,0,0,0,0,0,0,0,0,0,0,0,0,0,0,0,0,1215,0,0,0,0,0,0,0,0,0,0,0
"Syngnathus","genus",NA,NA,"Syngnathus","Syngnathus","Syngnathidae",0,0,0,0,0,0,0,0,0,0,0,0,0,0,0,0,0,0,0,0,0,0,0,0,0,0,0,0,0,0,0,0,0,0,0,0,0,0,0,0,0,0,0,0,0,3120,0,0,0,0,0,0,0,0,0,0,0,0,0,0,14,0,0,0,762,0,0,0,0,0,0,152,0,0,0,0,0,0,0,0,0,0,0,0,0,0,0,0,0,0,0,0,0,13922,0,0,0,0,0,0,0,0,0,0,0,0,0,0,0,0,0,0,0,0,0,1260,0,0,0,0,0,1372,534,0,0,0,0,0,0,0,0,0,23313,2762
"Syngnathus acus","species","Syngnathus acus","Syngnathus acus","Syngnathus","Syngnathus","Syngnathidae",0,0,0,0,30,0,0,0,0,409,0,0,0,0,0,0,0,0,0,0,0,0,0,0,0,0,0,0,0,0,0,0,0,0,0,0,0,0,0,0,0,0,278,0,0,0,0,0,0,0,0,0,0,0,0,0,0,0,0,0,0,0,0,0,0,0,0,0,0,0,0,0,0,0,0,0,0,0,0,0,0,0,0,0,0,0,0,0,0,0,0,0,0,0,0,0,0,0,0,0,0,669,0,0,0,0,0,0,0,0,0,0,0,0,0,0,0,0,0,0,117,0,0,0,0,0,0,0,0,0,0,0,0,0
"Synodus","genus",NA,NA,"Synodus","Synodus","Synodontidae",0,0,0,0,0,0,0,0,0,0,0,0,0,0,0,0,0,0,0,0,0,0,0,0,0,0,0,0,0,0,0,0,0,0,0,0,0,0,0,0,0,0,0,0,0,0,0,0,0,0,0,0,0,0,0,0,0,0,0,0,0,0,0,0,0,0,0,0,0,0,0,0,0,0,0,0,0,0,0,0,0,0,0,0,0,0,0,0,0,0,0,0,0,0,0,0,0,0,0,0,0,14,0,0,0,0,0,0,0,0,0,0,0,0,42,0,0,27,0,0,0,0,0,0,0,0,0,0,0,0,0,0,0,0
"Synodus saurus","species","Synodus saurus","Synodus saurus","Synodus","Synodus","Synodontidae",0,0,0,0,0,0,0,0,0,0,0,52,0,0,0,21,32,21,0,0,0,0,15,0,0,0,0,0,0,0,0,0,0,0,0,0,0,0,0,0,0,0,0,0,0,0,17,0,36,0,0,0,0,0,0,0,0,0,0,0,0,0,0,0,0,0,0,0,0,0,0,0,0,0,0,0,0,109,0,0,0,0,0,0,0,0,0,0,0,0,0,0,859,0,0,0,0,0,0,0,0,0,0,0,838,0,0,0,0,299,0,0,0,225,3990,0,95,211,0,99,4356,63,0,0,0,0,0,0,0,0,0,0,0,0
"Synodus synodus","species","Synodus synodus","Synodus synodus","Synodus","Synodus","Synodontidae",0,0,0,0,0,0,0,0,0,0,0,0,1296,0,72,0,0,0,0,0,0,0,0,0,0,0,0,0,0,0,0,0,0,0,0,0,0,0,0,0,0,0,0,0,0,0,0,0,0,0,0,0,0,0,0,0,0,0,0,0,0,0,0,0,0,0,0,0,0,0,0,0,0,0,0,0,0,0,0,0,0,0,0,0,0,0,0,0,0,0,0,0,0,0,0,0,0,0,0,0,0,0,0,0,0,0,0,0,0,0,0,0,0,0,0,0,0,0,0,0,0,0,0,0,0,0,0,0,0,0,0,0,0,0
"Thalassoma","genus",NA,NA,"Thalassoma","Thalassoma","Labridae",0,0,0,0,0,0,0,0,0,0,0,0,0,0,0,0,0,0,0,0,0,0,0,0,0,0,0,0,0,0,0,0,0,0,0,0,0,0,0,0,0,0,0,0,0,0,694,0,1334,0,8298,0,99,526,1026,1839,0,90,0,0,0,0,0,0,0,79,0,0,0,0,296,0,0,0,0,0,0,0,0,334,0,0,0,0,0,0,0,0,0,0,0,0,0,0,2845,0,0,0,0,0,0,0,0,0,0,0,0,0,0,0,0,0,0,0,0,0,0,0,0,0,0,0,1952,0,0,0,7008,0,22541,0,0,0,0,0
"Thalassoma pavo","species","Thalassoma pavo","Thalassoma pavo","Thalassoma","Thalassoma","Labridae",0,0,0,65,67,0,265,0,6403,659,758,3638,20888,5692,12574,35881,455,1896,0,0,2281,68,0,3140,29,0,0,0,0,49,296,0,0,437,1245,1243,645,307,1748,0,0,0,15206,6165,0,0,25203,0,196336,0,62004,0,61856,144120,48339,214932,0,26838,150935,258,180,0,0,1049,0,260,233,4293,699,0,248,3306,1120,0,0,0,0,1202,0,1759,0,1260,10441,0,0,0,0,0,0,0,0,0,162,0,12128,0,0,0,0,0,0,0,0,694,3266,0,0,0,0,0,0,0,0,0,0,2239,2635,3135,0,0,0,0,2091,7836,1358,182,68397,0,1798278,0,0,455,0,0
"Thunnus","genus",NA,NA,"Thunnus","Thunnus","Scombridae",0,154,0,0,0,0,0,0,0,0,0,0,730,680,2136,3260,1708,4411,35517,1417,189,56,224,222,215,25,80,0,0,59,5034,3471,1476,0,0,0,0,37,1254,0,0,117,0,1237,0,0,0,0,0,0,0,0,0,0,0,0,0,0,0,11,0,0,584,0,0,127,41,0,0,0,0,0,75,0,0,0,0,0,0,0,0,1631,0,0,0,0,0,0,0,0,0,0,7637,111,0,2822,0,2561,3383,0,0,1781,0,49,1162,2691,0,0,1688,0,10278,0,8075,45,11794,0,0,0,0,0,1408,0,521,4054,0,318,0,1506,0,3724,0,0,0,0
"Torpedo","genus",NA,NA,"Torpedo","Torpedo","Torpedinidae",0,0,0,0,0,0,0,0,0,0,0,0,0,0,0,0,0,0,0,0,0,0,0,0,0,0,0,0,0,0,0,0,0,0,0,0,0,0,0,0,0,0,0,0,0,0,0,0,0,0,0,0,0,0,0,0,0,0,0,0,0,0,0,0,0,0,0,0,0,0,0,0,0,0,0,0,0,0,0,0,0,0,0,0,0,0,0,0,0,0,0,0,0,0,0,0,0,0,0,0,0,0,0,0,0,0,0,0,0,19,0,0,0,13,0,3306,6664,104,0,0,0,0,0,0,0,0,0,0,0,0,0,0,0,0
"Torpedo marmorata","species","Torpedo marmorata","Torpedo marmorata","Torpedo","Torpedo","Torpedinidae",0,0,0,0,0,0,0,0,0,0,0,0,0,0,0,0,0,0,0,0,0,0,0,0,0,0,0,0,0,0,0,73,0,0,322,0,0,0,0,0,112,0,0,0,0,0,0,17400,0,0,0,0,0,0,0,0,0,0,0,0,0,0,0,0,0,0,0,838,0,0,0,0,0,0,0,0,0,0,0,0,0,0,0,0,0,0,0,0,0,0,0,0,715,1548,0,92,0,0,6378,0,0,0,0,154,0,0,0,0,0,50772,0,0,0,0,3079,18277,0,43867,0,0,0,528,0,3470,178,0,0,644,0,32,0,0,0,0
"Torquigener flavimaculosus","species","Torquigener flavimaculosus","Torquigener flavimaculosus","Torquigener","Torquigener","Tetraodontidae",0,0,0,0,62,0,0,0,21,484,0,0,59,0,98,0,0,0,0,0,0,0,0,0,0,0,0,0,0,0,0,0,0,0,0,0,0,0,0,0,0,0,0,0,0,0,0,0,0,0,0,0,0,0,0,0,0,0,0,0,0,0,0,0,0,0,0,0,0,0,0,0,0,0,0,0,0,0,0,0,0,0,0,0,0,0,0,0,0,0,0,0,0,0,0,0,0,0,0,0,0,0,0,0,0,0,0,0,0,0,0,0,0,0,0,0,0,0,0,0,0,0,0,0,0,0,0,0,0,0,0,0,0,0
"Trachinotus ovatus","species","Trachinotus ovatus","Trachinotus ovatus","Trachinotus","Trachinotus","Carangidae",42,0,0,0,0,0,0,0,0,0,0,0,0,0,0,0,0,0,0,17,0,19,17,0,0,0,0,0,0,0,0,0,0,0,0,0,0,0,0,0,0,0,0,0,0,0,0,0,0,0,0,0,0,0,0,0,0,0,0,0,0,0,0,0,0,0,0,0,0,0,0,0,0,0,0,0,0,0,0,0,0,0,0,0,0,0,0,0,0,0,0,0,0,0,0,0,0,0,0,0,0,0,0,0,0,0,0,0,0,0,0,0,0,0,0,0,0,0,0,0,0,0,0,0,0,0,0,0,0,0,0,0,0,0
"Trachinus","genus",NA,NA,"Trachinus","Trachinus","Trachinidae",0,0,0,0,0,0,0,0,0,0,0,0,0,0,0,0,0,0,0,0,0,0,0,0,0,0,0,0,0,0,0,0,0,0,0,0,0,0,0,0,0,0,0,0,266,0,0,0,0,0,0,0,0,0,0,0,0,0,0,0,0,0,0,0,0,0,0,0,0,0,0,0,0,0,0,0,0,0,0,0,0,0,0,0,0,0,0,0,0,0,0,0,0,0,0,0,0,0,0,0,0,0,0,0,0,0,0,0,0,171,0,0,0,0,12,0,0,0,0,0,0,0,0,0,0,0,0,0,0,0,0,0,0,0
"Trachinus araneus","species","Trachinus araneus","Trachinus araneus","Trachinus","Trachinus","Trachinidae",0,0,0,0,0,0,0,59,0,0,0,0,0,0,0,0,0,0,0,0,0,0,0,0,0,0,0,0,0,0,0,0,0,0,0,0,0,0,0,0,0,0,0,0,0,0,0,0,0,0,0,0,0,0,0,0,0,0,0,0,0,0,0,0,0,0,0,0,0,0,0,0,0,0,0,0,0,0,0,0,0,0,0,0,0,0,0,0,0,0,0,0,0,0,0,0,0,0,0,0,0,0,0,0,0,0,0,0,0,0,0,0,0,0,0,0,0,0,0,0,0,0,0,0,0,0,0,0,0,0,0,0,0,0
"Trachinus draco","species","Trachinus draco","Trachinus draco","Trachinus","Trachinus","Trachinidae",0,0,0,0,0,0,0,0,0,0,0,0,0,0,0,0,0,0,0,0,0,0,0,0,0,0,0,0,0,0,0,0,0,0,0,0,0,0,0,0,0,0,0,0,55286,0,0,0,0,0,0,0,0,0,0,0,0,0,0,0,0,0,0,0,0,0,0,0,0,0,0,0,0,0,0,0,0,0,0,0,0,0,0,0,0,0,0,0,0,0,0,0,364,0,0,0,0,0,0,0,0,0,0,0,0,0,0,0,0,22261,0,0,0,0,231,112,1148,0,0,0,287,0,0,0,0,0,0,171,0,16,0,242,0,0
"Trachinus radiatus","species","Trachinus radiatus","Trachinus radiatus","Trachinus","Trachinus","Trachinidae",0,0,0,0,0,0,0,0,0,0,0,0,0,0,0,0,0,0,0,0,0,0,0,0,0,0,0,0,0,0,0,0,0,0,0,0,0,0,0,0,0,0,0,0,0,0,0,0,0,0,0,0,0,0,0,0,0,0,0,0,0,0,0,0,0,0,0,0,0,0,0,0,0,0,0,0,0,0,0,0,0,0,0,0,0,0,0,0,0,0,0,0,0,0,0,0,0,0,9,0,0,0,0,0,3,0,0,0,328,0,0,0,0,0,0,0,0,0,0,0,403,0,0,0,0,0,0,0,0,0,0,0,0,0
"Trachurus","genus",NA,NA,"Trachurus","Trachurus","Carangidae",0,0,1538,0,0,0,0,0,0,0,0,0,0,0,0,107,0,0,5030,1358,732,4684,6910,4232,4573,1067,3723,0,7861,2523,1615,2303,1184,1542,0,734,0,1711,26,1013,1256,669,0,0,0,0,0,0,47,0,0,0,0,0,0,0,2002,17535,0,71,81,21,1394,0,0,631,0,691,2586,975,1034,0,552,0,0,0,0,962,0,913,0,19081,2323,14487,6918,522,1994,0,580,0,2825,5853,1724,3603,72387,0,0,31283,6080,0,0,15034,23822,94,0,0,18386,0,0,0,0,0,2845,113,431,1553,0,3070,0,0,7449,1428,0,0,0,614,0,26952,0,399,2313,7589,18208,3681
"Trichiurus","genus",NA,NA,"Trichiurus","Trichiurus","Trichiuridae",0,0,0,0,0,0,0,0,0,0,0,0,0,0,0,0,0,0,0,0,0,23,0,0,0,0,0,0,0,0,0,0,0,0,0,0,0,0,0,0,0,0,0,0,0,0,0,0,0,0,0,0,0,0,0,0,0,0,0,0,0,0,0,0,0,0,0,0,0,0,0,0,0,0,0,0,0,0,0,0,0,0,0,0,0,0,0,0,0,0,0,0,0,0,0,0,0,0,0,0,0,0,0,0,0,0,0,0,0,0,0,0,0,0,0,0,0,0,0,0,0,0,0,0,0,0,0,0,0,0,0,0,0,0
"Trichiurus lepturus","species","Trichiurus lepturus","Trichiurus lepturus","Trichiurus","Trichiurus","Trichiuridae",14,0,0,0,0,0,0,0,0,0,0,0,0,0,0,0,0,0,0,0,0,0,0,0,0,0,0,0,0,0,0,0,0,0,0,0,0,0,0,0,0,0,0,0,0,0,0,0,0,0,0,0,0,0,0,0,0,0,0,0,0,0,0,0,0,0,0,0,0,0,0,0,0,0,0,0,0,0,0,0,0,0,0,0,0,0,0,0,0,0,0,0,0,0,0,0,0,0,0,0,0,0,0,0,0,0,0,0,0,0,0,0,0,0,0,0,0,0,0,0,0,0,0,0,0,0,0,0,0,0,0,0,0,0
"Triglidae","family",NA,NA,NA,NA,"Triglidae",0,0,0,0,0,0,0,0,0,0,0,0,0,0,0,0,0,93,0,0,0,0,0,0,66,36,252,0,0,0,58,178,0,0,0,0,0,0,0,0,0,0,0,0,0,10232,0,0,0,0,0,41471,349,0,0,0,0,0,0,0,0,0,0,0,0,0,0,0,0,0,0,0,0,0,0,0,0,0,0,0,0,0,0,0,0,0,0,0,0,0,0,0,1410,0,0,0,0,8437,0,0,0,16929,1739,0,0,0,0,0,0,0,0,0,0,151,0,0,0,0,0,0,1338,0,0,0,0,243,0,31,0,0,0,0,0,0
"Tripterygion","genus",NA,NA,"Tripterygion","Tripterygion","Tripterygiidae",0,0,0,0,0,0,0,0,0,0,0,0,0,0,0,0,0,0,0,0,0,0,0,0,0,0,0,0,0,0,0,0,0,0,0,0,0,0,0,0,0,0,0,0,0,0,0,0,0,0,209,0,0,328,0,0,0,73,1799,0,0,0,0,0,0,42,0,2603,433,526,338,0,65,198,0,4926,1353,0,0,0,0,115,0,0,123,0,0,0,0,0,0,0,0,0,0,0,0,0,0,0,0,0,0,0,0,0,0,877,0,0,0,0,0,0,0,42,0,0,0,0,0,0,0,0,0,0,52,58,32875,0,0,290,0,0
"Tripterygion delaisi","species","Tripterygion delaisi","Tripterygion delaisi","Tripterygion","Tripterygion","Tripterygiidae",0,0,0,0,0,0,0,0,0,0,0,0,0,0,0,121,0,0,0,0,0,45,106,56,0,0,0,0,0,0,0,0,0,62,0,0,0,0,0,0,0,0,4382,7530,0,0,5401,0,0,1661,80492,0,0,3187,0,0,0,0,0,185,0,14,0,0,0,0,0,0,0,0,0,1347,359,0,0,0,10687,0,0,0,0,2952,416,0,10143,0,0,2009,0,0,0,0,0,0,0,0,0,0,0,0,0,0,0,312,0,0,0,0,0,0,0,0,0,0,10097,0,1064,8209,0,0,695,0,10141,0,0,1045,33471,554,2155,1946,0,12651,0,0
"Tripterygion melanurum","species","Tripterygion melanurum","Tripterygion melanurus","Tripterygion","Tripterygion","Tripterygiidae",0,0,0,0,0,0,0,0,0,0,0,0,196,92,0,97,0,0,0,0,0,0,95,0,0,0,0,0,0,0,0,0,0,0,0,0,185,0,167,0,0,0,2973,1274,0,0,0,0,235,0,0,0,377,1709,0,0,0,0,0,96,51,186,0,0,0,0,0,0,0,3437,332,1482,1639,10808,0,0,6115,0,0,0,0,0,255,0,0,0,1222,559,0,0,0,0,0,0,0,0,0,0,0,0,0,0,0,0,7490,0,0,0,0,0,0,0,0,0,0,0,0,358,0,0,0,0,0,6,36,0,0,1740,0,0,0,331,0,0
"Tripterygion tripteronotum","species","Tripterygion tripteronotum","Tripterygion tripteronotum","Tripterygion","Tripterygion","Tripterygiidae",0,0,0,0,0,0,0,0,0,0,0,0,0,0,0,0,0,0,0,0,0,0,0,0,0,0,0,0,0,0,0,0,0,0,0,0,14,0,0,0,0,0,1757,0,0,0,0,0,0,0,4668,0,1138,50746,865,0,0,40928,103283,0,0,0,0,0,81,542,30,58328,151161,5883,1705,2426,3300,0,0,5643,40011,5892,0,4816,100,2143,750,0,10904,321,2085,659,0,0,2255,570,0,0,0,0,0,0,226,0,0,0,0,0,1047,0,0,45353,0,0,0,0,136,0,6,1391,0,0,0,0,0,265,102,0,143,256,15133,0,0,0,0,3184,0,1689
"Trisopterus","genus",NA,NA,"Trisopterus","Trisopterus","Gadidae",0,0,0,0,0,0,0,0,0,0,0,0,0,0,0,0,0,0,0,0,0,0,0,0,0,0,0,0,0,0,0,0,0,0,0,0,0,0,0,0,0,0,0,0,0,0,0,0,0,0,0,0,0,0,0,0,0,0,0,0,0,0,0,0,0,0,0,0,0,0,0,0,0,0,0,0,691,0,0,0,0,0,0,0,0,0,0,0,0,0,0,0,0,0,0,0,0,0,0,0,0,0,0,0,0,0,0,0,0,0,0,0,0,0,0,0,0,0,0,0,0,0,0,0,0,0,0,0,0,0,0,0,0,0
"Umbrina cirrosa","species","Umbrina cirrosa","Umbrina cirrosa","Umbrina","Umbrina","Sciaenidae",0,60,0,0,0,0,0,0,0,0,0,0,0,0,0,0,0,0,0,0,0,0,0,0,0,133,0,0,0,0,0,0,0,0,0,0,0,0,0,0,0,0,0,0,0,0,0,0,0,0,0,0,0,0,0,0,0,0,0,0,0,0,0,0,0,0,0,0,0,0,0,0,0,0,0,0,0,0,0,0,0,0,0,0,0,0,0,0,0,0,0,0,0,0,0,0,0,0,0,0,0,0,0,0,0,0,0,0,0,0,0,0,0,0,0,0,0,0,0,0,0,0,0,0,0,0,0,0,0,0,0,0,0,0
"Upeneus","genus",NA,NA,"Upeneus","Upeneus","Mullidae",0,374,0,0,0,0,0,0,0,0,0,0,0,0,0,0,0,0,0,0,0,0,0,0,0,0,0,0,0,0,0,0,0,0,0,0,0,0,0,0,0,0,0,0,0,0,0,0,0,0,0,0,0,0,0,0,0,0,0,0,0,0,0,0,0,0,0,0,0,0,0,0,0,0,0,0,0,0,0,0,0,0,0,0,0,0,0,0,0,0,0,0,0,0,0,0,0,0,0,0,0,0,0,0,0,0,0,0,0,0,0,0,0,0,0,0,0,0,0,0,0,0,0,0,0,0,0,0,0,0,0,0,0,0
"Upeneus moluccensis","species","Upeneus moluccensis","Upeneus moluccensis","Upeneus","Upeneus","Mullidae",4402,2746,1085,0,1330,0,0,0,0,0,0,0,0,0,0,0,0,0,0,0,0,0,0,0,0,0,0,0,0,0,0,0,0,0,0,0,0,0,0,0,0,0,0,0,0,0,0,0,0,0,0,0,0,0,0,0,0,0,0,0,0,0,0,0,0,0,0,0,0,0,0,0,0,0,0,0,0,0,0,0,0,0,0,0,0,0,0,0,0,0,0,0,0,0,0,0,0,0,0,0,0,0,0,0,0,0,0,0,0,0,0,0,0,0,0,0,0,0,0,0,0,0,0,0,0,0,0,0,0,0,0,0,0,0
"Upeneus pori","species","Upeneus pori","Upeneus pori","Upeneus","Upeneus","Mullidae",74,47,0,0,0,11,0,179,0,0,0,0,0,0,0,0,0,0,0,69,0,0,0,26,0,0,0,0,0,0,0,0,0,0,0,0,0,0,0,0,0,0,0,0,0,0,0,0,0,0,0,0,0,0,0,0,0,0,0,0,0,0,0,0,0,0,0,0,0,0,0,0,0,0,0,0,0,0,0,0,0,0,0,0,0,0,0,0,0,0,0,0,0,0,0,0,0,0,0,0,0,0,0,0,0,0,0,0,0,0,0,0,0,0,0,0,0,0,0,0,0,0,0,0,0,0,0,0,0,0,0,0,0,0
"Uranoscopus","genus",NA,NA,"Uranoscopus","Uranoscopus","Uranoscopidae",0,0,0,0,0,0,0,0,0,0,0,0,0,0,0,0,0,0,0,0,0,0,0,0,0,0,0,0,0,0,0,0,0,0,0,0,0,0,0,0,0,0,0,0,0,0,0,0,0,0,0,0,0,0,0,0,0,0,0,0,0,0,0,0,0,0,0,0,0,0,870,0,0,0,0,0,0,0,0,0,0,0,0,0,0,0,0,0,0,0,0,87,0,0,0,0,0,0,0,0,0,0,0,0,0,0,0,0,0,0,0,0,0,0,0,0,0,0,0,0,547,0,0,0,0,0,0,0,0,0,0,0,0,0
"Uranoscopus scaber","species","Uranoscopus scaber","Uranoscopus scaber","Uranoscopus","Uranoscopus","Uranoscopidae",0,0,0,0,0,0,0,0,0,0,0,0,0,72,0,343,891,550,0,79,0,90,155,0,0,0,0,0,0,0,0,0,0,322,0,0,0,0,388,0,0,15,0,0,0,0,4403,0,0,0,5669,0,0,0,0,0,0,0,0,0,29,25,0,380,404,0,0,0,0,0,888,0,0,0,0,0,0,1166,0,0,0,1407,1153,15036,0,0,1247,0,0,0,0,8929,0,0,0,449,0,0,0,0,0,0,3632,0,0,0,0,0,0,0,0,0,0,158,835,0,4256,748,0,0,214,0,0,2880,0,0,0,0,0,0,0,0,0,0
"Vinciguerria nimbaria","species","Vinciguerria nimbaria","Vinciguerria nimbaria","Vinciguerria","Vinciguerria","Phosichthyidae",0,0,0,0,0,0,0,0,0,0,0,0,0,0,0,0,0,0,0,0,0,0,0,0,0,0,0,0,0,0,0,0,0,0,0,0,0,0,0,0,0,0,0,0,0,0,0,0,0,218,0,0,0,0,0,0,0,0,0,0,0,0,0,0,0,0,0,0,0,0,0,0,0,0,0,0,0,0,0,0,0,0,0,0,0,0,0,0,0,0,0,0,0,0,0,0,0,0,0,0,0,0,0,0,1327,0,0,0,0,0,0,0,0,0,0,0,0,0,0,0,18,0,0,0,0,0,0,0,0,0,0,0,0,0
"Xiphias gladius","species","Xiphias gladius","Xiphias gladius","Xiphias","Xiphias","Xiphiidae",0,0,0,0,0,0,0,0,0,0,0,1417,1266,0,140,45,0,0,0,872,0,0,0,0,0,0,0,3541,246,12,115,0,0,0,0,0,0,0,0,0,0,25,0,0,0,0,0,0,0,0,0,0,0,0,0,0,0,0,0,0,0,0,0,0,731,0,0,0,0,0,0,0,0,0,0,0,0,0,0,0,0,0,0,0,0,0,0,0,0,0,0,0,0,0,0,0,0,0,0,0,0,0,181,0,0,0,0,0,1319,0,0,0,8318,0,0,0,0,0,0,0,0,0,0,0,2568,486,0,0,0,0,0,0,0,0
"Xyrichtys","genus",NA,NA,"Xyrichtys","Xyrichtys","Labridae",0,0,0,0,0,0,0,0,0,0,0,0,0,0,0,0,0,0,0,0,0,0,0,0,0,0,0,0,0,0,0,0,0,0,0,0,0,0,0,0,0,0,0,0,0,0,0,0,31,0,0,0,0,0,0,0,0,0,0,0,0,0,0,0,0,0,0,0,0,0,0,0,0,0,0,0,0,0,0,0,0,0,0,0,0,0,0,0,0,0,0,0,0,0,0,0,0,0,0,0,0,0,0,0,0,0,0,0,0,0,0,0,0,0,0,2361,473,0,0,0,0,0,0,0,0,0,0,0,0,0,0,0,0,0
"Xyrichtys novacula","species","Xyrichtys novacula","Xyrichtys novacula","Xyrichtys","Xyrichtys","Labridae",0,0,0,0,65,15,935,8220,579,0,0,0,154,292,206,0,636,888,177,1540,278,158,1651,64,0,0,15,696,71,51,0,0,0,393,407,1133,204,120,0,0,0,0,0,0,0,0,2156,0,1096,0,0,0,0,0,0,0,0,0,0,0,0,0,0,0,0,0,0,0,0,0,0,0,0,0,0,0,0,0,0,0,0,0,0,0,0,0,0,0,0,0,0,0,0,0,0,0,0,0,0,0,0,0,0,0,0,0,0,0,0,0,0,0,0,0,0,1248,75681,2551,0,0,0,14294,12417,0,0,0,0,0,0,0,0,0,0,0
"Zebrus zebrus","species","Zebrus zebrus","Zebrus zebrus","Zebrus","Zebrus","Gobiidae",0,0,0,0,0,0,0,0,0,0,0,0,0,0,98,0,0,0,0,0,14,0,0,71,0,0,0,0,0,0,0,0,0,0,0,0,0,0,0,0,0,0,1522,186,0,0,1068,0,2550,0,0,0,0,589,0,0,0,0,0,0,0,0,75,0,0,0,0,8,166,0,22,1831,676,0,0,0,0,0,0,0,0,9,9,1055,0,0,23,8,0,0,0,0,0,0,0,0,0,0,0,0,0,0,0,0,76,8,0,0,0,0,0,0,0,0,0,1950,362,100,0,0,0,98,2086,0,1217,0,371,0,1228,0,0,0,0,0
"Zeus faber","species","Zeus faber","Zeus faber","Zeus","Zeus","Zeidae",0,0,0,0,0,0,0,0,0,0,0,0,0,0,0,0,0,0,0,0,0,0,0,0,0,0,0,0,0,0,0,0,0,0,0,0,0,0,0,0,0,0,0,0,0,0,0,0,0,0,0,0,0,0,0,0,0,0,0,0,0,0,0,0,0,0,0,0,0,0,0,0,0,0,0,0,0,0,0,0,0,0,0,0,0,0,0,0,0,0,0,0,0,0,0,0,0,0,0,0,0,0,0,0,0,0,0,0,3,0,0,0,0,0,0,0,0,0,0,2009,0,0,0,0,0,0,0,0,0,0,0,0,0,0
"Zosterisessor ophiocephalus","species","Zosterisessor ophiocephalus","Gobius ophiocephalus","Zosterisessor","Gobius","Gobiidae",0,0,0,0,0,0,0,0,0,0,0,0,0,0,0,0,0,0,0,0,0,0,0,0,0,0,0,0,0,0,0,0,0,0,0,0,0,0,0,0,0,0,0,0,0,0,0,0,0,0,0,0,0,0,0,0,0,0,0,0,0,0,0,0,0,0,0,0,0,0,0,0,0,0,0,0,0,0,0,0,0,0,0,0,0,0,0,0,0,0,0,0,0,0,0,0,0,0,0,0,0,0,0,0,0,0,0,0,0,0,0,0,0,0,0,0,0,0,0,0,0,0,0,0,0,0,0,0,0,0,5,0,0,0
